run,condition,avg_dc,avg_ic,avg_total_dc,avg_total_ic,avg_total_c,avg_perc_junk1,avg_perc_junk2,final_dc,final_ic,final_total_dc,final_total_ic,final_total_c,final_perc_junk1,final_perc_junk2,init_dc,init_ic,init_total_dc,init_total_ic,init_perc_junk1,init_perc_junk2
1.00,0.00,22602069.82,9569931.08,147879997.91,175987889.71,323867887.62,62.77,62.61,34193104.51,22443982.69,157320506.16,186005203.32,343325709.48,61.53,61.68,21038590.09,6856698.47,154747042.75,184473682.43,97.00,93.00
2.00,0.00,20181613.70,6701840.60,147406475.66,175706086.90,323112562.56,62.70,62.56,32521628.72,20463387.49,156993509.54,185810600.92,342804110.46,61.46,61.65,19199966.72,4678043.75,154387346.46,184259619.79,97.00,93.00
3.00,0.00,21756780.64,8568315.79,147714631.04,175889476.50,323604107.54,62.72,62.55,34092815.96,22325146.98,157300886.36,185993527.17,343294413.53,61.49,61.65,19701409.46,5272222.31,154485445.45,184318000.51,97.00,93.00
4.00,0.00,21162212.82,7863789.79,147598313.67,175820253.64,323418567.31,62.76,62.67,33775235.56,21948833.89,157238757.01,185956552.72,343195309.73,61.50,61.81,19835127.52,5430669.92,154511605.18,184333568.70,97.00,93.00
5.00,0.00,22759666.11,9756672.91,147910829.02,176006237.94,323917066.96,62.77,62.54,34694547.24,23038161.25,157418605.15,186063584.04,343482189.19,61.51,61.62,21774039.43,7728160.36,154890921.26,184559307.48,97.00,93.00
6.00,0.00,22086300.15,8958775.99,147779096.09,175927840.97,323706937.06,62.86,62.47,34794835.79,23156996.96,157438224.95,186075260.18,343513485.13,61.66,61.53,20771153.96,6539803.24,154694723.29,184442546.04,97.00,93.00
7.00,0.00,19999343.24,6485861.41,147370817.45,175684865.97,323055683.42,62.69,62.66,32371195.90,20285133.92,156964079.84,185793086.70,342757166.54,61.43,61.76,18297369.80,3608522.34,154210768.29,184154534.49,97.00,93.00
8.00,0.00,20626544.63,7229056.18,147493519.04,175757888.21,323251407.25,62.79,62.48,33591373.22,21730968.42,157202787.38,185935146.45,343137933.83,61.54,61.58,19751553.73,5331640.16,154495255.35,184323838.58,97.00,93.00
9.00,0.00,22793891.57,9797227.96,147917524.66,176010222.65,323927747.31,62.68,62.54,34577543.94,22899519.59,157395715.38,186049961.87,343445677.25,61.44,61.63,21673750.88,7609324.64,154871301.46,184547631.34,97.00,93.00
10.00,0.00,22349756.57,9270955.52,147830636.99,175958514.01,323789151.00,62.79,62.59,33992527.41,22206311.27,157281266.57,185981851.03,343263117.60,61.53,61.70,20704294.93,6460579.43,154681643.42,184434761.95,97.00,93.00
11.00,0.00,22536006.73,9491650.41,147867073.76,175980198.28,323847272.04,62.67,62.57,33775235.56,21948833.89,157238757.01,185956552.72,343195309.73,61.41,61.68,21690465.64,7629130.60,154874571.43,184549577.36,97.00,93.00
12.00,0.00,21655696.15,8448536.94,147694855.53,175877707.68,323572563.21,62.78,62.51,34794835.79,23156996.96,157438224.95,186075260.18,343513485.13,61.57,61.60,19484117.61,5014744.93,154442935.89,184292702.20,97.00,93.00
13.00,0.00,22233549.21,9133256.99,147807902.94,175944984.51,323752887.45,62.64,62.63,34895124.33,23275832.68,157457844.74,186086936.32,343544781.06,61.39,61.73,21105449.12,6935922.28,154760122.61,184481466.52,97.00,93.00
14.00,0.00,20954472.26,7617630.10,147557672.67,175796067.34,323353740.01,62.78,62.51,32839209.12,20839700.58,157055638.90,185847575.37,342903214.27,61.53,61.59,19183251.97,4658237.80,154384076.50,184257673.76,97.00,93.00
15.00,0.00,23867615.77,11069524.59,148127581.06,176135231.53,324262812.59,62.64,62.65,36549885.36,25236621.92,157781571.40,186279592.70,344061164.10,61.37,61.75,22459344.50,8540204.39,155024989.88,184639094.47,97.00,93.00
16.00,0.00,22984121.43,10022638.55,147954739.99,176032370.26,323987110.25,62.80,62.53,35246134.25,23691757.67,157526514.03,186127802.83,343654316.86,61.57,61.61,21122163.87,6955728.23,154763392.58,184483412.55,97.00,93.00
17.00,0.00,21884927.11,8720161.42,147739700.79,175904396.01,323644096.80,62.74,62.44,34427111.12,22721266.02,157366285.69,186032447.65,343398733.34,61.48,61.52,19935416.07,5549505.64,154531224.98,184345244.84,97.00,93.00
18.00,0.00,20900348.28,7553496.54,147547084.20,175789765.93,323336850.13,62.68,62.60,32705491.06,20681252.96,157029479.17,185832007.18,342861486.35,61.43,61.70,19417258.57,4935521.12,154429856.02,184284918.10,97.00,93.00
19.00,0.00,19786031.09,6233099.74,147329086.46,175660031.00,322989117.46,62.69,62.43,31535458.01,19294836.32,156800581.53,185695785.50,342496367.03,61.47,61.50,18832242.05,4242312.80,154315407.21,184216807.26,97.00,93.00
20.00,0.00,23986210.96,11210052.53,148150782.25,176149039.03,324299821.28,62.78,62.55,36215590.20,24840502.88,157716172.07,186240672.22,343956844.29,61.49,61.64,23545803.76,9827591.27,155237537.68,184765586.03,97.00,93.00
21.00,0.00,25257328.49,12716248.03,148399455.40,176297029.52,324696484.92,62.91,62.65,37502626.56,26365561.19,157967959.47,186390516.07,344358475.54,61.63,61.76,23863384.16,10203904.36,155299667.04,184802560.48,97.00,93.00
22.00,0.00,22543170.20,9500138.68,147868475.17,175981032.29,323849507.46,62.75,62.60,34677832.48,23018355.30,157415335.18,186061638.01,343476973.19,61.50,61.68,20754439.20,6519997.28,154691453.32,184440600.02,97.00,93.00
23.00,0.00,22415023.72,9348293.04,147843405.43,175966112.77,323809518.20,62.79,62.53,34577543.94,22899519.59,157395715.38,186049961.87,343445677.25,61.55,61.61,21272596.70,7133981.80,154792822.27,184500926.76,97.00,93.00
24.00,0.00,20519888.56,7102675.34,147472653.54,175745470.72,323218124.26,62.75,62.72,32855923.88,20859506.53,157058908.86,185849521.40,342908430.26,61.52,61.81,18999389.63,4440372.32,154348106.87,184236267.50,97.00,93.00
25.00,0.00,21776679.16,8591894.31,147718523.86,175891793.19,323610317.05,62.71,62.55,33273792.82,21354655.33,157140658.02,185898172.00,343038830.02,61.45,61.63,20704294.93,6460579.43,154681643.42,184434761.95,97.00,93.00
26.00,0.00,22106198.67,8982354.50,147782988.91,175930157.66,323713146.57,62.77,62.64,34961983.37,23355056.48,157470924.61,186094720.42,343565645.03,61.50,61.71,20386714.53,6084266.34,154619514.06,184397787.49,97.00,93.00
27.00,0.00,23485564.16,10616817.11,148052838.98,176090750.98,324143589.96,62.70,62.51,35246134.25,23691757.67,157526514.03,186127802.83,343654316.86,61.43,61.61,22843783.93,8995741.28,155100199.10,184683853.02,97.00,93.00
28.00,0.00,21348462.98,8084484.68,147634750.44,175841937.91,323476688.35,62.79,62.56,32822494.36,20819894.63,157052368.93,185845629.35,342897998.28,61.55,61.66,20186137.44,5846594.92,154580274.47,184374435.20,97.00,93.00
29.00,0.00,21865824.53,8697526.05,147735963.68,175902171.99,323638135.67,62.80,62.52,34811550.55,23176802.92,157441494.91,186077206.20,343518701.11,61.55,61.60,20252996.47,5925818.72,154593354.33,184382219.30,97.00,93.00
30.00,0.00,21284787.71,8009033.43,147622293.43,175834524.49,323456817.92,62.83,62.44,32605202.51,20562417.25,157009859.37,185820331.04,342830190.41,61.58,61.53,19952130.83,5569311.59,154534494.94,184347190.87,97.00,93.00
31.00,0.00,20987901.78,7657242.00,147564212.60,175799959.39,323364171.99,62.66,62.54,32638632.03,20602029.16,157016399.30,185824223.08,342840622.38,61.45,61.62,20353285.01,6044654.44,154612974.13,184393895.44,97.00,93.00
32.00,0.00,22227181.68,9125711.87,147806657.24,175944243.17,323750900.41,62.75,62.41,35028842.40,23434280.29,157484004.47,186102504.52,343586508.99,61.50,61.46,20904872.02,6698250.85,154720883.02,184458114.24,97.00,93.00
33.00,0.00,22976957.96,10014150.29,147953338.58,176031536.25,323984874.83,62.75,62.45,34861694.82,23236220.77,157451304.81,186083044.28,343534349.09,61.49,61.54,22359055.95,8421368.68,155005370.08,184627418.32,97.00,93.00
34.00,0.00,21560979.19,8336303.21,147676325.73,175866680.22,323543005.95,62.75,62.51,32688776.30,20661447.01,157026209.20,185830061.16,342856270.36,61.52,61.60,20971731.05,6777474.66,154733962.88,184465898.33,97.00,93.00
35.00,0.00,20725241.30,7346005.61,147512827.41,175769379.02,323282206.43,62.74,62.64,33039786.21,21077372.00,157094878.49,185870927.66,342965806.15,61.45,61.72,19433973.33,4955327.08,154433125.99,184286864.12,97.00,93.00
36.00,0.00,20911491.46,7566700.51,147549264.18,175791063.28,323340327.46,62.85,62.62,32755635.33,20740670.82,157039289.07,185837845.25,342877134.32,61.60,61.71,19500832.36,5034550.88,154446205.85,184294648.22,97.00,93.00
37.00,0.00,21843538.19,8671118.11,147731603.73,175899577.29,323631181.02,62.75,62.43,33624802.74,21770580.32,157209327.31,185939038.50,343148365.81,61.49,61.52,20520432.59,6242713.96,154645673.79,184413355.68,97.00,93.00
38.00,0.00,21982827.84,8836167.71,147758853.44,175915794.15,323674647.59,62.82,62.46,33674947.01,21829998.18,157219137.21,185944876.57,343164013.78,61.54,61.57,20319855.50,6005042.53,154606434.20,184390003.40,97.00,93.00
39.00,0.00,21262501.37,7982625.50,147617933.47,175831929.79,323449863.26,62.60,62.55,32822494.36,20819894.63,157052368.93,185845629.35,342897998.28,61.34,61.63,20403429.29,6104072.29,154622784.03,184399733.52,97.00,93.00
40.00,0.00,22394329.26,9323771.39,147839356.90,175963703.41,323803060.31,62.64,62.54,34594258.69,22919325.54,157398985.35,186051907.89,343450893.24,61.42,61.61,21138878.63,6975534.18,154766662.54,184485358.57,97.00,93.00
41.00,0.00,20997453.07,7668559.69,147566081.15,175801071.41,323367152.56,62.87,62.52,33808665.08,21988445.80,157245296.94,185960444.76,343205741.70,61.58,61.59,19300255.27,4796879.46,154406966.26,184271295.93,97.00,93.00
42.00,0.00,21712207.95,8515499.92,147705911.13,175884287.10,323590198.23,62.71,62.53,33691661.77,21849804.13,157222407.17,185946822.60,343169229.77,61.46,61.62,20654150.66,6401161.57,154671833.52,184428923.88,97.00,93.00
43.00,0.00,22270958.43,9177584.60,147815221.43,175949339.90,323764561.33,62.78,62.61,34226534.02,22483594.60,157327046.09,186009095.36,343336141.45,61.52,61.71,21356170.48,7233011.56,154809172.10,184510656.88,97.00,93.00
44.00,0.00,23623261.93,10779980.43,148079777.27,176106782.51,324186559.78,62.79,62.49,35262849.01,23711563.62,157529784.00,186129748.85,343659532.85,61.54,61.59,22710065.87,8837293.67,155074039.37,184668284.83,97.00,93.00
45.00,0.00,22150771.36,9035170.37,147791708.82,175935347.06,323727055.88,62.82,62.63,35095701.43,23513504.10,157497084.34,186110288.61,343607372.95,61.53,61.71,20035704.62,5668341.35,154550844.77,184356920.99,97.00,93.00
46.00,0.00,21351646.75,8088257.24,147635373.29,175842308.58,323477681.87,62.69,62.53,33708376.53,21869610.08,157225677.14,185948768.62,343174445.76,61.46,61.63,20353285.01,6044654.44,154612974.13,184393895.44,97.00,93.00
47.00,0.00,22547149.90,9504854.38,147869253.73,175981495.63,323850749.36,62.88,62.43,34142960.23,22384564.84,157310696.26,185999365.24,343310061.50,61.62,61.53,21255881.94,7114175.84,154789552.31,184498980.74,97.00,93.00
48.00,0.00,23458502.17,10584750.33,148047544.75,176087600.27,324135145.02,62.64,62.55,34393681.60,22681654.12,157359745.76,186028555.60,343388301.36,61.44,61.61,22877213.45,9035353.19,155106739.03,184687745.07,97.00,93.00
49.00,0.00,21381096.56,8123153.44,147641134.66,175845737.29,323486871.95,62.83,62.64,34226534.02,22483594.60,157327046.09,186009095.36,343336141.45,61.56,61.71,20119278.40,5767371.11,154567194.60,184366651.11,97.00,93.00
50.00,0.00,21549836.02,8323099.24,147674145.75,175865382.87,323539528.62,62.70,62.65,34009242.17,22226117.22,157284536.53,185983797.05,343268333.58,61.45,61.77,20002275.10,5628729.44,154544304.84,184353028.94,97.00,93.00
51.00,0.00,23783246.04,10969551.69,148111075.52,176125408.74,324236484.26,62.66,62.48,35028842.40,23434280.29,157484004.47,186102504.52,343586508.99,61.42,61.59,23027646.27,9213606.76,155136168.73,184705259.28,97.00,93.00
52.00,0.00,22361695.68,9285102.63,147832972.68,175959904.03,323792876.71,62.72,62.47,34009242.17,22226117.22,157284536.53,185983797.05,343268333.58,61.46,61.59,21038590.09,6856698.47,154747042.75,184473682.43,97.00,93.00
53.00,0.00,22188180.58,9079497.98,147799027.32,175939702.45,323738729.77,62.59,62.58,34176389.75,22424176.74,157317236.20,186003257.29,343320493.49,61.35,61.66,20687580.17,6440773.48,154678373.46,184432815.92,97.00,93.00
54.00,0.00,23350254.22,10456483.22,148026367.82,176074997.45,324101365.27,62.60,62.69,34644402.97,22978743.40,157408795.25,186057745.96,343466541.21,61.37,61.79,21523318.06,7431071.08,154841871.77,184530117.12,97.00,93.00
55.00,0.00,22685643.61,9668960.84,147896347.74,175997619.83,323893967.57,62.74,62.44,34126245.47,22364758.88,157307426.30,185997419.22,343304845.52,61.49,61.51,21272596.70,7133981.80,154792822.27,184500926.76,97.00,93.00
56.00,0.00,20968003.26,7633663.49,147560319.78,175797642.70,323357962.48,62.82,62.51,33173504.28,21235819.62,157121038.22,185886495.85,343007534.07,61.56,61.56,19734838.97,5311834.21,154491985.38,184321892.56,97.00,93.00
57.00,0.00,23300905.89,10398008.50,148016713.64,176069252.05,324085965.69,62.75,62.57,36081872.14,24682055.27,157690012.34,186225104.03,343915116.37,61.49,61.67,22158478.86,8183697.25,154966130.48,184604066.04,97.00,93.00
58.00,0.00,22911690.81,9936812.76,147940570.14,176023937.49,323964507.63,62.72,62.61,35496855.62,23988846.95,157575563.53,186156993.19,343732556.72,61.47,61.69,21172308.15,7015146.08,154773202.48,184489250.62,97.00,93.00
59.00,0.00,23071674.92,10126384.02,147971868.39,176042563.72,324014432.11,62.77,62.46,34594258.69,22919325.54,157398985.35,186051907.89,343450893.24,61.52,61.56,22225337.89,8262921.06,154979210.35,184611850.13,97.00,93.00
60.00,0.00,21568938.60,8345734.62,147677882.85,175867606.89,323545489.74,62.75,62.46,33424225.64,21532908.90,157170087.72,185915686.21,343085773.93,61.49,61.57,20453573.56,6163490.15,154632593.93,184405571.59,97.00,93.00
61.00,0.00,22824137.32,9833067.30,147923441.74,176013744.03,323937185.77,62.60,62.52,34477255.39,22780683.88,157376095.59,186038285.72,343414381.31,61.36,61.62,21640321.37,7569712.74,154864761.53,184543739.29,97.00,93.00
62.00,0.00,22810606.32,9817033.91,147920794.63,176012168.68,323932963.31,62.81,62.69,35697432.71,24226518.37,157614803.12,186180345.48,343795148.60,61.55,61.79,21523318.06,7431071.08,154841871.77,184530117.12,97.00,93.00
63.00,0.00,21952582.09,8800328.37,147752936.36,175912272.78,323665209.14,62.76,62.55,34443825.87,22741071.97,157369555.65,186034393.68,343403949.33,61.51,61.66,19584406.15,5133580.64,154462555.69,184304378.34,97.00,93.00
64.00,0.00,20864530.95,7511055.21,147540077.13,175785595.88,323325673.01,62.72,62.52,33273792.82,21354655.33,157140658.02,185898172.00,343038830.02,61.46,61.62,19534261.88,5074162.79,154452745.79,184298540.27,97.00,93.00
65.00,0.00,20113162.78,6620730.51,147393084.37,175698117.47,323091201.84,62.70,62.50,32889353.39,20899118.44,157065448.80,185853413.44,342918862.24,61.48,61.60,17344628.60,2479583.08,154024380.21,184043611.12,97.00,93.00
66.00,0.00,22209670.98,9104962.78,147803231.56,175942204.48,323745436.04,62.76,62.59,34076101.20,22305341.03,157297616.40,185991581.15,343289197.55,61.53,61.69,21423029.52,7312235.36,154822251.97,184518440.98,97.00,93.00
67.00,0.00,23200617.34,10279172.79,147997093.84,176057575.90,324054669.74,62.77,62.56,35396567.07,23870011.24,157555943.73,186145317.04,343701260.77,61.50,61.68,22292196.92,8342144.87,154992290.21,184619634.23,97.00,93.00
68.00,0.00,23231659.03,10315955.27,148003166.63,176061189.95,324064356.58,62.81,62.42,34895124.33,23275832.68,157457844.74,186086936.32,343544781.06,61.57,61.52,21640321.37,7569712.74,154864761.53,184543739.29,97.00,93.00
69.00,0.00,22803442.86,9808545.64,147919393.21,176011334.67,323930727.88,62.82,62.60,34794835.79,23156996.96,157438224.95,186075260.18,343513485.13,61.58,61.67,21573462.34,7490488.93,154851681.67,184535955.20,97.00,93.00
70.00,0.00,22215242.57,9111564.76,147804321.55,175942853.15,323747174.70,62.84,62.59,34694547.24,23038161.25,157418605.15,186063584.04,343482189.19,61.57,61.68,20938301.54,6737862.76,154727422.95,184462006.28,97.00,93.00
71.00,0.00,21108088.85,7799656.23,147587725.21,175813952.23,323401677.44,62.66,62.54,33089930.49,21136789.86,157104688.39,185876765.73,342981454.12,61.44,61.61,19567691.40,5113774.69,154459285.72,184302432.32,97.00,93.00
72.00,0.00,23438603.65,10561171.82,148043651.93,176085283.58,324128935.51,62.80,62.63,35513570.37,24008652.90,157578833.49,186158939.21,343737772.70,61.55,61.72,22626492.08,8738263.91,155057689.54,184658554.71,97.00,93.00
73.00,0.00,22980141.72,10017922.85,147953961.43,176031906.92,323985868.35,62.86,62.47,35229419.49,23671951.72,157523244.07,186125856.80,343649100.87,61.57,61.59,21339455.73,7213205.60,154805902.14,184508710.86,97.00,93.00
74.00,0.00,21567346.72,8343848.34,147677571.43,175867421.56,323544992.99,62.77,62.44,33491084.68,21612132.71,157183167.58,185923470.31,343106637.89,61.49,61.54,20888157.26,6678444.90,154717613.05,184456168.21,97.00,93.00
75.00,0.00,22512128.50,9463356.19,147862402.37,175977418.25,323839820.62,62.80,62.36,34694547.24,23038161.25,157418605.15,186063584.04,343482189.19,61.56,61.46,21088734.36,6916116.32,154756852.64,184479520.50,97.00,93.00
76.00,0.00,20854979.66,7499737.52,147538208.58,175784483.87,323322692.45,62.86,62.49,32889353.39,20899118.44,157065448.80,185853413.44,342918862.24,61.58,61.55,19534261.88,5074162.79,154452745.79,184298540.27,97.00,93.00
77.00,0.00,22056054.40,8922936.65,147773179.01,175924319.59,323697498.60,62.71,62.62,33440940.40,21552714.85,157173357.68,185917632.24,343090989.92,61.46,61.69,21556747.58,7470682.98,154848411.70,184534009.17,97.00,93.00
78.00,0.00,22040931.52,8905016.98,147770220.47,175922558.90,323692779.37,62.84,62.48,34092815.96,22325146.98,157300886.36,185993527.17,343294413.53,61.57,61.59,20771153.96,6539803.24,154694723.29,184442546.04,97.00,93.00
79.00,0.00,19757377.22,6199146.68,147323480.80,175656694.96,322980175.76,62.76,62.44,30950441.48,18601628.00,156686132.71,185627674.66,342313807.37,61.51,61.52,18832242.05,4242312.80,154315407.21,184216807.26,97.00,93.00
80.00,0.00,22134056.60,9015364.42,147788438.85,175933401.04,323721839.89,62.62,62.57,33691661.77,21849804.13,157222407.17,185946822.60,343169229.77,61.39,61.66,21205737.66,7054757.99,154779742.41,184493142.67,97.00,93.00
81.00,0.00,22754094.52,9750070.93,147909739.03,176005589.26,323915328.29,62.65,62.55,33858809.35,22047863.65,157255106.84,185966282.84,343221389.68,61.42,61.63,22593062.56,8698652.00,155051149.60,184654662.66,97.00,93.00
82.00,0.00,22274938.13,9182300.30,147816000.00,175949803.24,323765803.24,62.73,62.53,33892238.86,22087475.56,157261646.77,185970174.88,343231821.65,61.46,61.64,21389600.00,7272623.46,154815712.04,184514548.93,97.00,93.00
83.00,0.00,22344184.99,9264353.53,147829547.00,175957865.34,323787412.34,62.86,62.54,34928553.85,23315444.58,157464384.68,186090828.37,343555213.05,61.61,61.64,21005160.57,6817086.56,154740502.81,184469790.38,97.00,93.00
84.00,0.00,21923928.22,8766375.31,147747330.71,175908936.74,323656267.45,62.99,62.57,34209819.26,22463788.64,157323776.13,186007149.34,343330925.47,61.72,61.67,19885271.79,5490087.78,154521415.08,184339406.77,97.00,93.00
85.00,0.00,22399104.90,9329430.23,147840291.17,175964259.42,323804550.59,62.80,62.50,34193104.51,22443982.69,157320506.16,186005203.32,343325709.48,61.55,61.59,21339455.73,7213205.60,154805902.14,184508710.86,97.00,93.00
86.00,0.00,21656492.09,8449480.08,147695011.25,175877800.35,323572811.60,62.75,62.52,33808665.08,21988445.80,157245296.94,185960444.76,343205741.70,61.50,61.63,20035704.62,5668341.35,154550844.77,184356920.99,97.00,93.00
87.00,0.00,21415322.01,8163708.49,147647830.31,175849722.01,323497552.32,62.80,62.62,34142960.23,22384564.84,157310696.26,185999365.24,343310061.50,61.53,61.71,19617835.67,5173192.55,154469095.62,184308270.39,97.00,93.00
88.00,0.00,22669724.79,9650098.03,147893233.48,175995766.47,323888999.95,62.83,62.66,34376966.84,22661848.16,157356475.79,186026609.58,343383085.37,61.58,61.75,21957901.77,7946025.83,154926890.89,184580713.75,97.00,93.00
89.00,0.00,19744642.17,6184056.43,147320989.40,175655212.27,322976201.67,62.72,62.63,32204048.32,20087074.40,156931380.18,185773626.46,342705006.64,61.46,61.71,17829356.58,3053955.68,154119209.23,184100045.82,97.00,93.00
90.00,0.00,21652512.39,8444764.38,147694232.68,175877337.01,323571569.69,62.64,62.60,33791950.32,21968639.84,157242026.97,185958498.74,343200525.71,61.40,61.70,20436858.80,6143684.20,154629323.96,184403625.56,97.00,93.00
91.00,0.00,21265685.13,7986398.06,147618556.32,175832300.46,323450856.78,62.66,62.65,33775235.56,21948833.89,157238757.01,185956552.72,343195309.73,61.42,61.73,20487003.08,6203102.05,154639133.86,184409463.64,97.00,93.00
92.00,0.00,21116048.25,7809087.63,147589282.34,175814878.91,323404161.25,62.61,62.61,32822494.36,20819894.63,157052368.93,185845629.35,342897998.28,61.37,61.70,19751553.73,5331640.16,154495255.35,184323838.58,97.00,93.00
93.00,0.00,22042523.40,8906903.26,147770531.90,175922744.24,323693276.14,62.76,62.55,34895124.33,23275832.68,157457844.74,186086936.32,343544781.06,61.51,61.64,20386714.53,6084266.34,154619514.06,184397787.49,97.00,93.00
94.00,0.00,21521978.09,8290089.32,147668695.80,175862139.49,323530835.29,62.78,62.50,33407510.89,21513102.95,157166817.75,185913740.19,343080557.94,61.51,61.60,19901986.55,5509893.73,154524685.04,184341352.80,97.00,93.00
95.00,0.00,23846125.37,11044059.79,148123376.82,176132729.50,324256106.32,62.85,62.52,35948154.08,24523607.65,157663852.61,186209535.84,343873388.45,61.57,61.61,22960787.24,9134382.95,155123088.86,184697475.19,97.00,93.00
96.00,0.00,22961835.08,9996230.62,147950380.04,176029775.56,323980155.60,62.81,62.65,35312993.28,23770981.48,157539593.90,186135586.92,343675180.82,61.57,61.74,22041475.56,8045055.59,154943240.72,184590443.87,97.00,93.00
97.00,0.00,19533717.85,5934124.18,147279725.54,175630655.30,322910380.84,62.74,62.64,30549287.30,18126285.16,156607653.53,185580970.08,342188623.61,61.49,61.71,17963074.64,3212403.30,154145368.96,184115614.01,97.00,93.00
98.00,0.00,21092170.03,7780793.41,147584610.96,175812098.88,323396709.84,62.73,62.62,33156789.52,21216013.67,157117768.26,185884549.83,343002318.09,61.47,61.70,20303140.74,5985236.58,154603164.23,184388057.37,97.00,93.00
99.00,0.00,21455119.06,8210865.52,147655615.94,175854355.40,323509971.34,62.74,62.63,33023071.46,21057566.05,157091608.53,185868981.64,342960590.17,61.53,61.71,20135993.16,5787177.06,154570464.57,184368597.13,97.00,93.00
100.00,0.00,22021033.00,8881438.46,147766327.65,175920242.21,323686569.86,62.78,62.68,32153904.05,20027656.55,156921570.28,185767788.39,342689358.67,61.53,61.77,21289311.45,7153787.75,154796092.24,184502872.79,97.00,93.00
101.00,1.00,-36857895.40,-60886442.17,136247638.07,169065233.67,305312871.74,18.29,17.90,-76909890.86,-109206180.25,135585040.70,173069981.79,308655022.49,10.00,10.00,20787868.72,6559609.19,154697993.25,184444492.07,97.00,93.00
102.00,1.00,-36830037.47,-60853432.25,136253088.02,169068477.04,305321565.06,18.29,17.90,-76759458.04,-109027926.68,135614470.39,173087496.00,308701966.39,10.00,10.00,21556747.58,7470682.98,154848411.70,184534009.17,97.00,93.00
103.00,1.00,-37352970.61,-61473075.60,136150784.79,169007594.29,305158379.08,18.29,17.90,-77411333.59,-109800358.81,135486941.71,173011601.07,308498542.78,10.00,10.00,20587291.62,6321937.76,154658753.66,184421139.78,97.00,93.00
104.00,1.00,-36866650.75,-60896816.72,136245925.23,169064214.32,305310139.55,18.29,17.90,-77244186.01,-109602299.29,135519641.37,173031061.31,308550702.68,10.00,10.00,20169422.68,5826788.96,154577004.50,184372489.18,97.00,93.00
105.00,1.00,-36908039.68,-60945860.03,136237828.18,169059395.60,305297223.78,18.29,17.90,-76960035.13,-109265598.11,135575230.80,173064143.72,308639374.52,10.00,10.00,21540032.82,7450877.03,154845141.73,184532063.15,97.00,93.00
106.00,1.00,-36804567.37,-60823251.75,136258070.82,169071442.41,305329513.23,18.29,17.90,-77478192.62,-109879582.62,135473861.85,173003816.97,308477678.82,10.00,10.00,20721009.69,6480385.38,154684913.39,184436707.97,97.00,93.00
107.00,1.00,-36866650.75,-60896816.72,136245925.23,169064214.32,305310139.55,18.29,17.90,-77411333.59,-109800358.81,135486941.71,173011601.07,308498542.78,10.00,10.00,21556747.58,7470682.98,154848411.70,184534009.17,97.00,93.00
108.00,1.00,-39197165.56,-63658332.31,135789998.52,168792882.98,304582881.50,18.29,17.90,-78547937.13,-111147163.55,135264584.01,172879271.44,308143855.45,10.00,10.00,18146936.98,3430268.77,154181338.59,184137020.28,97.00,93.00
109.00,1.00,-37095881.72,-61168441.20,136201079.98,169037525.99,305238605.97,18.29,17.90,-76575595.70,-108810061.21,135650440.02,173108902.27,308759342.29,10.00,10.00,20186137.44,5846594.92,154580274.47,184374435.20,97.00,93.00
110.00,1.00,-37290091.28,-61398567.50,136163086.09,169014915.05,305178001.14,18.29,17.90,-77962920.60,-110453955.23,135379032.83,172947382.28,308326415.11,10.00,10.00,21707180.40,7648936.55,154877841.40,184551523.39,97.00,93.00
111.00,1.00,-38632047.56,-62988702.50,135900554.52,168858677.12,304759231.64,18.29,17.90,-78213641.97,-110751044.51,135329983.33,172918191.92,308248175.25,10.00,10.00,19149822.45,4618625.89,154377536.56,184253781.72,97.00,93.00
112.00,1.00,-37924456.14,-62150250.53,136038983.09,168941058.80,304980041.89,18.29,17.90,-77845917.30,-110315313.56,135401922.59,172961004.44,308362927.03,10.00,10.00,20436858.80,6143684.20,154629323.96,184403625.56,97.00,93.00
113.00,1.00,-36259347.88,-60177200.46,136364734.01,169134919.86,305499653.87,18.29,17.90,-76324874.33,-108512971.93,135699489.51,173138092.63,308837582.14,10.00,10.00,21707180.40,7648936.55,154877841.40,184551523.39,97.00,93.00
114.00,1.00,-38158462.75,-62427533.86,135993203.56,168913814.47,304907018.03,18.29,17.90,-77678769.72,-110117254.04,135434622.25,172980464.68,308415086.93,10.00,10.00,19584406.15,5133580.64,154462555.69,184304378.34,97.00,93.00
115.00,1.00,-37328296.44,-61443838.25,136155611.88,169010466.99,305166078.87,18.29,17.90,-77127182.71,-109463657.63,135542531.14,173044683.48,308587214.62,10.00,10.00,20670865.41,6420967.52,154675103.49,184430869.90,97.00,93.00
116.00,1.00,-37943558.72,-62172885.91,136035245.98,168938834.78,304974080.76,18.29,17.90,-77277615.53,-109641911.20,135513101.44,173027169.26,308540270.70,10.00,10.00,20102563.65,5747565.16,154563924.64,184364705.08,97.00,93.00
117.00,1.00,-36698707.23,-60697814.05,136278780.61,169083767.23,305362547.84,18.29,17.90,-77043608.92,-109364627.87,135558880.97,173054413.60,308613294.57,10.00,10.00,21021875.33,6836892.52,154743772.78,184471736.40,97.00,93.00
118.00,1.00,-37163536.69,-61248608.15,136187844.41,169029649.23,305217493.64,18.29,17.90,-76843031.83,-109126956.44,135598120.56,173077765.88,308675886.44,10.00,10.00,20269711.22,5945624.68,154596624.30,184384165.32,97.00,93.00
119.00,1.00,-37532853.24,-61686225.37,136115593.72,168986651.36,305102245.08,18.29,17.90,-77461477.87,-109859776.67,135477131.81,173005763.00,308482894.81,10.00,10.00,20654150.66,6401161.57,154671833.52,184428923.88,97.00,93.00
120.00,1.00,-36441618.34,-60393179.65,136329075.80,169113698.93,305442774.73,18.29,17.90,-76492021.91,-108711031.45,135666789.85,173118632.39,308785422.24,10.00,10.00,21138878.63,6975534.18,154766662.54,184485358.57,97.00,93.00
121.00,1.00,-37713531.82,-61900318.28,136080246.95,168965615.77,305045862.72,18.29,17.90,-77795773.02,-110255895.71,135411732.49,172966842.52,308378575.01,10.00,10.00,20236281.71,5906012.77,154590084.37,184380273.28,97.00,93.00
122.00,1.00,-37743777.57,-61936157.63,136074329.86,168962094.40,305036424.26,18.29,17.90,-77344474.56,-109721135.00,135500021.58,173019385.16,308519406.74,10.00,10.00,19433973.33,4955327.08,154433125.99,184286864.12,97.00,93.00
123.00,1.00,-37058472.50,-61124113.59,136208398.48,169041881.38,305250279.86,18.29,17.90,-77227471.26,-109582493.34,135522911.34,173033007.33,308555918.67,10.00,10.00,20854727.75,6638833.00,154711073.12,184452276.16,97.00,93.00
124.00,1.00,-37598916.33,-61764506.04,136102669.57,168978959.94,305081629.51,18.29,17.90,-77244186.01,-109602299.29,135519641.37,173031061.31,308550702.68,10.00,10.00,19952130.83,5569311.59,154534494.94,184347190.87,97.00,93.00
125.00,1.00,-36596826.80,-60577092.06,136298711.83,169095628.71,305394340.54,18.29,17.90,-76792887.55,-109067538.59,135607930.46,173083603.96,308691534.42,10.00,10.00,22058190.31,8064861.54,154946510.69,184592389.89,97.00,93.00
126.00,1.00,-37348194.97,-61467416.76,136151719.06,169008150.30,305159869.36,18.29,17.90,-77678769.72,-110117254.04,135434622.25,172980464.68,308415086.93,10.00,10.00,20787868.72,6559609.19,154697993.25,184444492.07,97.00,93.00
127.00,1.00,-37358542.20,-61479677.59,136149694.80,169006945.62,305156640.42,18.29,17.90,-77812487.78,-110275701.66,135408462.52,172964896.49,308373359.01,10.00,10.00,20854727.75,6638833.00,154711073.12,184452276.16,97.00,93.00
128.00,1.00,-36872222.34,-60903418.70,136244835.25,169063565.65,305308400.90,18.29,17.90,-76441877.64,-108651613.60,135676599.75,173124470.46,308801070.21,10.00,10.00,21740609.91,7688548.45,154884381.33,184555415.44,97.00,93.00
129.00,1.00,-36824465.89,-60846830.27,136254178.01,169069125.72,305323303.73,18.29,17.90,-76024008.69,-108156464.80,135758348.91,173173121.06,308931469.97,10.00,10.00,21372885.24,7252817.51,154812442.07,184512602.91,97.00,93.00
130.00,1.00,-38382122.13,-62692556.36,135949448.30,168887774.81,304837223.11,18.29,17.90,-78180212.45,-110711432.60,135336523.26,172922083.96,308258607.22,10.00,10.00,17912930.37,3152985.44,154135559.06,184109775.94,97.00,93.00
131.00,1.00,-36858691.34,-60887385.31,136247482.36,169065141.00,305312623.36,18.29,17.90,-76542166.18,-108770449.31,135656979.95,173112794.32,308769774.27,10.00,10.00,20787868.72,6559609.19,154697993.25,184444492.07,97.00,93.00
132.00,1.00,-36971714.94,-61021311.27,136225371.16,169051982.17,305277353.33,18.29,17.90,-77127182.71,-109463657.63,135542531.14,173044683.48,308587214.62,10.00,10.00,19851842.28,5450475.88,154514875.14,184335514.72,97.00,93.00
133.00,1.00,-36247408.77,-60163053.35,136367069.70,169136309.88,305503379.58,18.29,17.90,-77227471.26,-109582493.34,135522911.34,173033007.33,308555918.67,10.00,10.00,21774039.43,7728160.36,154890921.26,184559307.48,97.00,93.00
134.00,1.00,-37736614.10,-61927669.36,136075731.28,168962928.41,305038659.69,18.29,17.90,-77695484.48,-110137060.00,135431352.28,172978518.66,308409870.94,10.00,10.00,20771153.96,6539803.24,154694723.29,184442546.04,97.00,93.00
135.00,1.00,-37789146.20,-61989916.64,136065454.24,168956812.33,305022266.57,18.29,17.90,-76909890.86,-109206180.25,135585040.70,173069981.79,308655022.49,10.00,10.00,19885271.79,5490087.78,154521415.08,184339406.77,97.00,93.00
136.00,1.00,-38189504.44,-62464316.35,135987130.77,168910200.42,304897331.19,18.29,17.90,-77912776.33,-110394537.37,135388842.72,172953220.35,308342063.07,10.00,10.00,18965960.11,4400760.42,154341566.94,184232375.45,97.00,93.00
137.00,1.00,-36544294.71,-60514844.78,136308988.87,169101744.78,305410733.65,18.29,17.90,-75840146.36,-107938599.32,135794318.54,173194527.32,308988845.86,10.00,10.00,21456459.03,7351847.27,154828791.90,184522333.03,97.00,93.00
138.00,1.00,-37883863.16,-62102150.37,136046924.43,168945784.86,304992709.29,18.29,17.90,-77244186.01,-109602299.29,135519641.37,173031061.31,308550702.68,10.00,10.00,20403429.29,6104072.29,154622784.03,184399733.52,97.00,93.00
139.00,1.00,-37210497.20,-61304253.44,136178657.36,169024181.83,305202839.19,18.29,17.90,-77779058.26,-110236089.76,135415002.45,172968788.54,308383790.99,10.00,10.00,20169422.68,5826788.96,154577004.50,184372489.18,97.00,93.00
140.00,1.00,-37753328.86,-61947475.31,136072461.31,168960982.38,305033443.69,18.29,17.90,-77779058.26,-110236089.76,135415002.45,172968788.54,308383790.99,10.00,10.00,19433973.33,4955327.08,154433125.99,184286864.12,97.00,93.00
141.00,1.00,-37061656.26,-61127886.16,136207775.63,169041510.71,305249286.34,18.29,17.90,-76759458.04,-109027926.68,135614470.39,173087496.00,308701966.39,10.00,10.00,21272596.70,7133981.80,154792822.27,184500926.76,97.00,93.00
142.00,1.00,-38670252.72,-63033973.25,135893080.31,168854229.07,304747309.38,18.29,17.90,-77896061.57,-110374731.42,135392112.69,172955166.37,308347279.06,10.00,10.00,18631664.96,4004641.38,154276167.61,184193454.97,97.00,93.00
143.00,1.00,-37132495.00,-61211825.67,136193917.20,169033263.27,305227180.47,18.29,17.90,-77377904.08,-109760746.91,135493481.64,173015493.12,308508974.76,10.00,10.00,21222452.42,7074563.94,154783012.37,184495088.69,97.00,93.00
144.00,1.00,-36995593.17,-61049605.49,136220699.78,169049202.14,305269901.92,18.29,17.90,-77227471.26,-109582493.34,135522911.34,173033007.33,308555918.67,10.00,10.00,21255881.94,7114175.84,154789552.31,184498980.74,97.00,93.00
145.00,1.00,-37680102.30,-61860706.38,136086786.88,168969507.82,305056294.70,18.29,17.90,-76960035.13,-109265598.11,135575230.80,173064143.72,308639374.52,10.00,10.00,18280655.04,3588716.39,154207498.32,184152588.47,97.00,93.00
146.00,1.00,-37575834.05,-61737154.96,136107185.24,168981647.30,305088832.54,18.29,17.90,-76909890.86,-109206180.25,135585040.70,173069981.79,308655022.49,10.00,10.00,20754439.20,6519997.28,154691453.32,184440600.02,97.00,93.00
147.00,1.00,-37974600.41,-62209668.39,136029173.19,168935220.73,304964393.92,18.29,17.90,-77929491.09,-110414343.32,135385572.76,172951274.32,308336847.08,10.00,10.00,20871442.51,6658638.95,154714343.08,184454222.19,97.00,93.00
148.00,1.00,-36508477.37,-60472403.46,136315995.94,169105914.84,305421910.78,18.29,17.90,-75990579.18,-108116852.89,135764888.84,173177013.11,308941901.95,10.00,10.00,20269711.22,5945624.68,154596624.30,184384165.32,97.00,93.00
149.00,1.00,-37212089.08,-61306139.72,136178345.93,169023996.49,305202342.42,18.29,17.90,-76876461.34,-109166568.35,135591580.63,173073873.84,308665454.47,10.00,10.00,20704294.93,6460579.43,154681643.42,184434761.95,97.00,93.00
150.00,1.00,-37563099.00,-61722064.72,136109676.64,168983129.99,305092806.63,18.29,17.90,-77662054.96,-110097448.09,135437892.22,172982410.71,308420302.93,10.00,10.00,19968845.58,5589117.54,154537764.91,184349136.89,97.00,93.00
151.00,1.00,-38434654.23,-62754803.64,135939171.26,168881658.74,304820830.00,18.29,17.90,-77879346.81,-110354925.47,135395382.66,172957112.40,308352495.06,10.00,10.00,20052419.37,5688147.30,154554114.74,184358867.01,97.00,93.00
152.00,1.00,-38041459.45,-62288892.20,136016093.32,168927436.63,304943529.95,18.29,17.90,-78664940.43,-111285805.21,135241694.24,172865649.27,308107343.51,10.00,10.00,19400543.82,4915715.17,154426586.06,184282972.08,97.00,93.00
153.00,1.00,-37371277.25,-61494767.84,136147203.40,169005462.93,305152666.33,18.29,17.90,-77160612.22,-109503269.53,135535991.20,173040791.43,308576782.63,10.00,10.00,21840898.46,7807384.16,154904001.12,184567091.58,97.00,93.00
154.00,1.00,-38184728.80,-62458657.50,135988065.04,168910756.43,304898821.47,18.29,17.90,-77093753.19,-109424045.72,135549071.07,173048575.52,308597646.59,10.00,10.00,18080077.95,3351044.96,154168258.73,184129236.18,97.00,93.00
155.00,1.00,-38373366.78,-62682181.82,135951161.14,168888794.16,304839955.30,18.29,17.90,-77912776.33,-110394537.37,135388842.72,172953220.35,308342063.07,10.00,10.00,19484117.61,5014744.93,154442935.89,184292702.20,97.00,93.00
156.00,1.00,-38198259.79,-62474690.89,135985417.93,168909181.08,304894599.01,18.29,17.90,-77394618.83,-109780552.86,135490211.68,173013547.09,308503758.77,10.00,10.00,19918701.31,5529699.68,154527955.01,184343298.82,97.00,93.00
157.00,1.00,-36729748.93,-60734596.54,136272707.82,169080153.18,305352861.00,18.29,17.90,-76976749.89,-109285404.06,135571960.83,173062197.69,308634158.52,10.00,10.00,21088734.36,6916116.32,154756852.64,184479520.50,97.00,93.00
158.00,1.00,-37856801.17,-62070083.59,136052218.66,168948935.57,305001154.23,18.29,17.90,-77545051.65,-109958806.43,135460781.98,172996032.88,308456814.86,10.00,10.00,21205737.66,7054757.99,154779742.41,184493142.67,97.00,93.00
159.00,1.00,-37251886.12,-61353296.75,136170560.30,169019363.10,305189923.40,18.29,17.90,-77294330.29,-109661717.15,135509831.47,173025223.24,308535054.71,10.00,10.00,21189022.91,7034952.04,154776472.44,184491196.64,97.00,93.00
160.00,1.00,-36646175.14,-60635566.78,136289057.65,169089883.30,305378940.95,18.29,17.90,-77394618.83,-109780552.86,135490211.68,173013547.09,308503758.77,10.00,10.00,22141764.10,8163891.30,154962860.52,184602120.01,97.00,93.00
161.00,1.00,-37305214.16,-61416487.17,136160127.55,169013154.36,305173281.91,18.29,17.90,-77377904.08,-109760746.91,135493481.64,173015493.12,308508974.76,10.00,10.00,20453573.56,6163490.15,154632593.93,184405571.59,97.00,93.00
162.00,1.00,-36762382.50,-60773265.30,136266323.60,169076353.80,305342677.40,18.29,17.90,-77010179.40,-109325015.96,135565420.90,173058305.64,308623726.54,10.00,10.00,22275482.17,8322338.92,154989020.25,184617688.20,97.00,93.00
163.00,1.00,-37488280.56,-61633409.50,136124313.63,168991840.76,305116154.39,18.29,17.90,-77862632.05,-110335119.52,135398652.62,172959058.42,308357711.04,10.00,10.00,20637435.90,6381355.62,154668563.56,184426977.85,97.00,93.00
164.00,1.00,-37163536.69,-61248608.15,136187844.41,169029649.23,305217493.64,18.29,17.90,-76893176.10,-109186374.30,135588310.66,173071927.81,308660238.47,10.00,10.00,19066248.66,4519596.13,154361186.73,184244051.60,97.00,93.00
165.00,1.00,-35723679.69,-59542466.85,136469528.64,169197285.30,305666813.94,18.29,17.90,-75973864.42,-108097046.94,135768158.81,173178959.13,308947117.94,10.00,10.00,23295082.39,9530501.99,155188488.19,184736395.67,97.00,93.00
166.00,1.00,-36276062.64,-60197006.41,136361464.04,169132973.84,305494437.88,18.29,17.90,-77110467.95,-109443851.68,135545801.10,173046629.50,308592430.60,10.00,10.00,21606891.85,7530100.84,154858221.60,184539847.24,97.00,93.00
167.00,1.00,-37458034.80,-61597570.16,136130230.72,168995362.14,305125592.86,18.29,17.90,-76976749.89,-109285404.06,135571960.83,173062197.69,308634158.52,10.00,10.00,19684694.70,5252416.36,154482175.48,184316054.48,97.00,93.00
168.00,1.00,-37033002.39,-61093933.09,136213381.29,169044846.75,305258228.04,18.29,17.90,-76960035.13,-109265598.11,135575230.80,173064143.72,308639374.52,10.00,10.00,21105449.12,6935922.28,154760122.61,184481466.52,97.00,93.00
169.00,1.00,-38363019.55,-62669920.99,135953185.40,168889998.84,304843184.24,18.29,17.90,-77996350.12,-110493567.13,135372492.89,172943490.23,308315983.12,10.00,10.00,19266825.75,4757267.56,154400426.33,184267403.88,97.00,93.00
170.00,1.00,-36818098.36,-60839285.14,136255423.71,169069867.06,305325290.77,18.29,17.90,-76843031.83,-109126956.44,135598120.56,173077765.88,308675886.44,10.00,10.00,21222452.42,7074563.94,154783012.37,184495088.69,97.00,93.00
171.00,1.00,-37715123.70,-61902204.56,136079935.52,168965430.44,305045365.96,18.29,17.90,-77829202.54,-110295507.61,135405192.56,172962950.47,308368143.03,10.00,10.00,20369999.77,6064460.39,154616244.10,184395841.47,97.00,93.00
172.00,1.00,-37652244.37,-61827696.46,136092236.82,168972751.19,305064988.01,18.29,17.90,-77996350.12,-110493567.13,135372492.89,172943490.23,308315983.12,10.00,10.00,19868557.04,5470281.83,154518145.11,184337460.75,97.00,93.00
173.00,1.00,-38268302.59,-62557687.26,135971715.21,168901026.31,304872741.52,18.29,17.90,-77712199.23,-110156865.95,135428082.32,172976572.64,308404654.96,10.00,10.00,19952130.83,5569311.59,154534494.94,184347190.87,97.00,93.00
174.00,1.00,-37987335.47,-62224758.64,136026681.79,168933738.05,304960419.84,18.29,17.90,-77996350.12,-110493567.13,135372492.89,172943490.23,308315983.12,10.00,10.00,19517547.12,5054356.84,154449475.82,184296594.24,97.00,93.00
175.00,1.00,-38652742.02,-63013224.16,135896505.99,168856267.76,304752773.75,18.29,17.90,-78698369.95,-111325417.12,135235154.31,172861757.22,308096911.53,10.00,10.00,19383829.06,4895909.22,154423316.09,184281026.05,97.00,93.00
176.00,1.00,-37291683.17,-61400453.78,136162774.66,169014729.71,305177504.37,18.29,17.90,-77143897.47,-109483463.58,135539261.17,173042737.45,308581998.62,10.00,10.00,20587291.62,6321937.76,154658753.66,184421139.78,97.00,93.00
177.00,1.00,-37300438.51,-61410828.33,136161061.83,169013710.37,305174772.20,18.29,17.90,-76943320.37,-109245792.16,135578500.76,173066089.74,308644590.50,10.00,10.00,20085848.89,5727759.20,154560654.67,184362759.06,97.00,93.00
178.00,1.00,-37854413.35,-62067254.16,136052685.80,168949213.57,305001899.37,18.29,17.90,-77929491.09,-110414343.32,135385572.76,172951274.32,308336847.08,10.00,10.00,19751553.73,5331640.16,154495255.35,184323838.58,97.00,93.00
179.00,1.00,-35633738.38,-59435891.97,136487124.17,169207756.76,305694880.93,18.29,17.90,-75856861.11,-107958405.28,135791048.57,173192581.30,308983629.87,10.00,10.00,21991331.28,7985637.73,154933430.82,184584605.80,97.00,93.00
180.00,1.00,-36168610.63,-60069682.43,136382485.25,169145483.99,305527969.24,18.29,17.90,-76625739.97,-108869479.07,135640630.12,173103064.20,308743694.32,10.00,10.00,22242052.65,8282727.01,154982480.31,184613796.16,97.00,93.00
181.00,1.00,-37939579.02,-62168170.21,136036024.55,168939298.11,304975322.66,18.29,17.90,-77929491.09,-110414343.32,135385572.76,172951274.32,308336847.08,10.00,10.00,20102563.65,5747565.16,154563924.64,184364705.08,97.00,93.00
182.00,1.00,-37507383.14,-61656044.88,136120576.53,168989616.73,305110193.26,18.29,17.90,-78196927.21,-110731238.56,135333253.30,172920137.94,308253391.24,10.00,10.00,20570576.87,6302131.81,154655483.69,184419193.76,97.00,93.00
183.00,1.00,-37219252.55,-61314627.99,136176944.52,169023162.48,305200107.00,18.29,17.90,-77377904.08,-109760746.91,135493481.64,173015493.12,308508974.76,10.00,10.00,20637435.90,6381355.62,154668563.56,184426977.85,97.00,93.00
184.00,1.00,-38421123.23,-62738770.25,135941818.38,168883234.09,304825052.47,18.29,17.90,-77545051.65,-109958806.43,135460781.98,172996032.88,308456814.86,10.00,10.00,18999389.63,4440372.32,154348106.87,184236267.50,97.00,93.00
185.00,1.00,-38290588.93,-62584095.20,135967355.26,168898431.61,304865786.87,18.29,17.90,-78029779.63,-110533179.04,135365952.96,172939598.18,308305551.14,10.00,10.00,19300255.27,4796879.46,154406966.26,184271295.93,97.00,93.00
186.00,1.00,-38284221.40,-62576550.07,135968600.96,168899172.95,304867773.91,18.29,17.90,-78063209.15,-110572790.94,135359413.03,172935706.13,308295119.16,10.00,10.00,19952130.83,5569311.59,154534494.94,184347190.87,97.00,93.00
187.00,1.00,-38331977.86,-62633138.51,135959258.20,168893612.88,304852871.08,18.29,17.90,-78297215.76,-110850074.27,135313633.50,172908461.80,308222095.30,10.00,10.00,19082963.42,4539402.08,154364456.70,184245997.62,97.00,93.00
188.00,1.00,-37022655.16,-61081672.27,136215405.55,169046051.43,305261456.98,18.29,17.90,-77060323.68,-109384433.82,135555611.00,173052467.57,308608078.57,10.00,10.00,20654150.66,6401161.57,154671833.52,184428923.88,97.00,93.00
189.00,1.00,-37771635.50,-61969167.55,136068879.92,168958851.02,305027730.94,18.29,17.90,-76759458.04,-109027926.68,135614470.39,173087496.00,308701966.39,10.00,10.00,19367114.30,4876103.27,154420046.12,184279080.03,97.00,93.00
190.00,1.00,-38380530.25,-62690670.08,135949759.72,168887960.15,304837719.87,18.29,17.90,-77829202.54,-110295507.61,135405192.56,172962950.47,308368143.03,10.00,10.00,20018989.86,5648535.40,154547574.81,184354974.96,97.00,93.00
191.00,1.00,-38569964.17,-62915137.54,135912700.11,168865905.21,304778605.32,18.29,17.90,-78079923.91,-110592596.89,135356143.06,172933760.11,308289903.17,10.00,10.00,18731953.50,4123477.09,154295787.41,184205131.12,97.00,93.00
192.00,1.00,-37809044.72,-62013495.15,136061561.42,168954495.64,305016057.06,18.29,17.90,-78280501.00,-110830268.32,135316903.47,172910407.82,308227311.29,10.00,10.00,19467402.85,4994938.98,154439665.92,184290756.17,97.00,93.00
193.00,1.00,-36902468.09,-60939258.04,136238918.16,169060044.27,305298962.43,18.29,17.90,-76609025.22,-108849673.12,135643900.09,173105010.22,308748910.31,10.00,10.00,21573462.34,7490488.93,154851681.67,184535955.20,97.00,93.00
194.00,1.00,-36853915.70,-60881726.47,136248416.64,169065697.01,305314113.65,18.29,17.90,-76909890.86,-109206180.25,135585040.70,173069981.79,308655022.49,10.00,10.00,21840898.46,7807384.16,154904001.12,184567091.58,97.00,93.00
195.00,1.00,-37405502.71,-61535322.88,136140507.75,169001478.21,305141985.96,18.29,17.90,-77077038.44,-109404239.77,135552341.03,173050521.55,308602862.58,10.00,10.00,21723895.16,7668742.50,154881111.36,184553469.41,97.00,93.00
196.00,1.00,-37405502.71,-61535322.88,136140507.75,169001478.21,305141985.96,18.29,17.90,-77394618.83,-109780552.86,135490211.68,173013547.09,308503758.77,10.00,10.00,19918701.31,5529699.68,154527955.01,184343298.82,97.00,93.00
197.00,1.00,-37081554.78,-61151464.67,136203882.81,169039194.01,305243076.82,18.29,17.90,-76726028.52,-108988314.78,135621010.33,173091388.05,308712398.38,10.00,10.00,20955016.30,6757668.71,154730692.92,184463952.31,97.00,93.00
198.00,1.00,-36592051.16,-60571433.22,136299646.11,169096184.72,305395830.83,18.29,17.90,-76609025.22,-108849673.12,135643900.09,173105010.22,308748910.31,10.00,10.00,20854727.75,6638833.00,154711073.12,184452276.16,97.00,93.00
199.00,1.00,-36803771.42,-60822308.61,136258226.54,169071535.08,305329761.62,18.29,17.90,-76843031.83,-109126956.44,135598120.56,173077765.88,308675886.44,10.00,10.00,21540032.82,7450877.03,154845141.73,184532063.15,97.00,93.00
200.00,1.00,-37943558.72,-62172885.91,136035245.98,168938834.78,304974080.76,18.29,17.90,-78347360.03,-110909492.12,135303823.60,172902623.72,308206447.32,10.00,10.00,20119278.40,5767371.11,154567194.60,184366651.11,97.00,93.00
201.00,2.00,-25112992.23,-46969459.90,138545334.34,170432639.86,308977974.20,27.33,26.95,-56785322.42,-85359814.04,139522080.03,175412994.68,314935074.71,20.00,20.00,20202852.19,5866400.87,154583544.44,184376381.23,97.00,93.00
202.00,2.00,-24312275.73,-46020660.48,138701981.29,170525863.68,309227844.97,27.33,26.95,-56568030.57,-85102336.67,139564589.59,175438293.00,315002882.59,20.00,20.00,21690465.64,7629130.60,154874571.43,184549577.36,97.00,93.00
203.00,2.00,-24766757.96,-46559193.75,138613069.35,170472950.36,309086019.71,27.33,26.95,-56751892.90,-85320202.14,139528619.96,175416886.73,314945506.69,20.00,20.00,20670865.41,6420967.52,154675103.49,184430869.90,97.00,93.00
204.00,2.00,-24492158.36,-46233810.25,138666790.23,170504920.76,309171710.99,27.33,26.95,-56584745.32,-85122142.62,139561319.62,175436346.97,314997666.59,20.00,20.00,21138878.63,6975534.18,154766662.54,184485358.57,97.00,93.00
205.00,2.00,-24364011.89,-46081964.62,138691859.97,170519840.27,309211700.24,27.33,26.95,-56818751.93,-85399425.95,139515540.09,175409102.64,314924642.73,20.00,20.00,20971731.05,6777474.66,154733962.88,184465898.33,97.00,93.00
206.00,2.00,-25348590.72,-47248629.51,138499243.39,170405210.19,308904453.58,27.33,26.95,-56885610.96,-85478649.76,139502460.23,175401318.54,314903778.77,20.00,20.00,18815527.29,4222506.85,154312137.24,184214861.24,97.00,93.00
207.00,2.00,-25112992.23,-46969459.90,138545334.34,170432639.86,308977974.20,27.33,26.95,-56283879.68,-84765635.48,139620179.01,175471375.40,315091554.41,20.00,20.00,19601120.91,5153386.60,154465825.65,184306324.36,97.00,93.00
208.00,2.00,-25093889.65,-46946824.52,138549071.44,170434863.89,308983935.33,27.33,26.95,-56183591.14,-84646799.77,139639798.81,175483051.55,315122850.36,20.00,20.00,19032819.14,4479984.23,154354646.80,184240159.55,97.00,93.00
209.00,2.00,-23622990.96,-45203900.75,138836828.47,170606114.00,309442942.47,27.33,26.95,-56066587.83,-84508158.11,139662688.57,175496673.72,315159362.29,20.00,20.00,22827069.17,8975935.33,155096929.13,184681907.00,97.00,93.00
210.00,2.00,-23942959.18,-45583043.26,138774231.97,170568861.54,309343093.51,27.33,26.95,-55715577.92,-84092233.12,139731357.86,175537540.22,315268898.08,20.00,20.00,21038590.09,6856698.47,154747042.75,184473682.43,97.00,93.00
211.00,2.00,-24219150.65,-45910313.04,138720199.67,170536705.81,309256905.48,27.33,26.95,-55648718.88,-84013009.31,139744437.73,175545324.32,315289762.05,20.00,20.00,20604006.38,6341743.72,154662023.62,184423085.80,97.00,93.00
212.00,2.00,-25759296.20,-47735290.04,138418895.64,170357393.60,308776289.24,27.33,26.95,-56818751.93,-85399425.95,139515540.09,175409102.64,314924642.73,20.00,20.00,18848956.81,4262118.76,154318677.17,184218753.28,97.00,93.00
213.00,2.00,-24434850.62,-46165904.13,138678001.54,170511592.84,309189594.38,27.33,26.95,-56334023.96,-84825053.34,139610369.11,175465537.33,315075906.44,20.00,20.00,20303140.74,5985236.58,154603164.23,184388057.37,97.00,93.00
214.00,2.00,-24856699.27,-46665768.63,138595473.82,170462478.90,309057952.72,27.33,26.95,-55966299.28,-84389322.40,139682308.37,175508349.86,315190658.23,20.00,20.00,19016104.39,4460178.28,154351376.83,184238213.52,97.00,93.00
215.00,2.00,-25253873.76,-47136395.78,138517773.19,170416237.66,308934010.85,27.33,26.95,-56033158.31,-84468546.20,139669228.51,175500565.76,315169794.27,20.00,20.00,19032819.14,4479984.23,154354646.80,184240159.55,97.00,93.00
216.00,2.00,-24293173.15,-45998025.11,138705718.40,170528087.71,309233806.11,27.33,26.95,-56568030.57,-85102336.67,139564589.59,175438293.00,315002882.59,20.00,20.00,19868557.04,5470281.83,154518145.11,184337460.75,97.00,93.00
217.00,2.00,-24950620.29,-46777059.22,138577099.72,170451544.10,309028643.82,27.33,26.95,-56501171.53,-85023112.86,139577669.45,175446077.09,315023746.54,20.00,20.00,19835127.52,5430669.92,154511605.18,184333568.70,97.00,93.00
218.00,2.00,-23975592.75,-45621712.02,138767847.75,170565062.16,309332909.91,27.33,26.95,-55782436.95,-84171456.92,139718278.00,175529756.12,315248034.12,20.00,20.00,21356170.48,7233011.56,154809172.10,184510656.88,97.00,93.00
219.00,2.00,-24391073.88,-46114031.40,138686565.74,170516689.57,309203255.31,27.33,26.95,-56501171.53,-85023112.86,139577669.45,175446077.09,315023746.54,20.00,20.00,21138878.63,6975534.18,154766662.54,184485358.57,97.00,93.00
220.00,2.00,-24985641.69,-46818557.41,138570248.37,170447466.71,309017715.08,27.33,26.95,-56751892.90,-85320202.14,139528619.96,175416886.73,314945506.69,20.00,20.00,19634550.43,5192998.50,154472365.58,184310216.41,97.00,93.00
221.00,2.00,-24172986.08,-45855610.88,138729231.01,170542080.55,309271311.56,27.33,26.95,-56551315.81,-85082530.72,139567859.55,175440239.02,315008098.57,20.00,20.00,22058190.31,8064861.54,154946510.69,184592389.89,97.00,93.00
222.00,2.00,-24956987.82,-46784604.35,138575854.02,170450802.76,309026656.78,27.33,26.95,-57219906.12,-85874768.80,139437060.90,175362398.06,314799458.96,20.00,20.00,20369999.77,6064460.39,154616244.10,184395841.47,97.00,93.00
223.00,2.00,-24081452.89,-45747149.72,138747137.97,170552737.35,309299875.32,27.33,26.95,-55849295.98,-84250680.73,139705198.13,175521972.03,315227170.16,20.00,20.00,20821298.23,6599221.09,154704533.19,184448384.12,97.00,93.00
224.00,2.00,-23761484.66,-45368007.21,138809734.46,170589989.81,309399724.27,27.33,26.95,-56066587.83,-84508158.11,139662688.57,175496673.72,315159362.29,20.00,20.00,22041475.56,8045055.59,154943240.72,184590443.87,97.00,93.00
225.00,2.00,-23275960.75,-44792691.46,138904719.20,170646517.17,309551236.37,27.33,26.95,-56200305.89,-84666605.72,139636528.84,175481105.52,315117634.36,20.00,20.00,23595948.03,9887009.12,155247347.58,184771424.10,97.00,93.00
226.00,2.00,-24322622.96,-46032921.31,138699957.03,170524659.00,309224616.03,27.33,26.95,-56451027.26,-84963695.00,139587479.35,175451915.16,315039394.51,20.00,20.00,21774039.43,7728160.36,154890921.26,184559307.48,97.00,93.00
227.00,2.00,-24813718.47,-46614839.04,138603882.30,170467482.96,309071365.26,27.33,26.95,-55682148.40,-84052621.21,139737897.80,175541432.27,315279330.07,20.00,20.00,20169422.68,5826788.96,154577004.50,184372489.18,97.00,93.00
228.00,2.00,-23914305.31,-45549090.20,138779837.63,170572197.59,309352035.22,27.33,26.95,-55314423.73,-83616890.27,139809837.05,175584244.80,315394081.85,20.00,20.00,20453573.56,6163490.15,154632593.93,184405571.59,97.00,93.00
229.00,2.00,-23817200.52,-45434027.05,138798834.58,170583503.06,309382337.64,27.33,26.95,-55682148.40,-84052621.21,139737897.80,175541432.27,315279330.07,20.00,20.00,20921586.78,6718056.80,154724152.98,184460060.26,97.00,93.00
230.00,2.00,-23910325.60,-45544374.49,138780616.19,170572660.92,309353277.11,27.33,26.95,-56384168.23,-84884471.20,139600559.22,175459699.26,315060258.48,20.00,20.00,21389600.00,7272623.46,154815712.04,184514548.93,97.00,93.00
231.00,2.00,-24602794.14,-46364906.79,138645146.16,170492039.93,309137186.09,27.33,26.95,-56952470.00,-85557873.56,139489380.36,175393534.44,314882914.80,20.00,20.00,20687580.17,6440773.48,154678373.46,184432815.92,97.00,93.00
232.00,2.00,-25788746.01,-47770186.24,138413134.28,170353964.89,308767099.17,27.33,26.95,-57052758.54,-85676709.28,139469760.57,175381858.30,314851618.87,20.00,20.00,20069134.13,5707953.25,154557384.71,184360813.04,97.00,93.00
233.00,2.00,-24266907.10,-45966901.47,138710856.91,170531145.75,309242002.66,27.33,26.95,-56317309.20,-84805247.39,139613639.08,175467483.36,315081122.44,20.00,20.00,21757324.67,7708354.40,154887651.29,184557361.46,97.00,93.00
234.00,2.00,-25586577.03,-47530628.54,138452685.30,170377502.52,308830187.82,27.33,26.95,-56852181.45,-85439037.85,139509000.16,175405210.59,314914210.75,20.00,20.00,18999389.63,4440372.32,154348106.87,184236267.50,97.00,93.00
235.00,2.00,-24875801.85,-46688404.01,138591736.72,170460254.87,309051991.59,27.33,26.95,-56116732.10,-84567575.96,139652878.67,175490835.64,315143714.31,20.00,20.00,19617835.67,5173192.55,154469095.62,184308270.39,97.00,93.00
236.00,2.00,-24392665.76,-46115917.68,138686254.31,170516504.23,309202758.54,27.33,26.95,-56267164.92,-84745829.53,139623448.98,175473321.43,315096770.41,20.00,20.00,21105449.12,6935922.28,154760122.61,184481466.52,97.00,93.00
237.00,2.00,-24321031.08,-46031035.03,138700268.45,170524844.34,309225112.79,27.33,26.95,-55983014.04,-84409128.35,139679038.40,175506403.84,315185442.24,20.00,20.00,20704294.93,6460579.43,154681643.42,184434761.95,97.00,93.00
238.00,2.00,-24130801.22,-45805624.43,138737483.78,170546991.94,309284475.72,27.33,26.95,-55832581.22,-84230874.78,139708468.10,175523918.05,315232386.15,20.00,20.00,20654150.66,6401161.57,154671833.52,184428923.88,97.00,93.00
239.00,2.00,-25893810.20,-47894680.80,138392580.20,170341732.74,308734312.94,27.33,26.95,-58022214.50,-86825454.49,139280102.53,175268988.91,314549091.44,20.00,20.00,18848956.81,4262118.76,154318677.17,184218753.28,97.00,93.00
240.00,2.00,-24793819.95,-46591260.53,138607775.12,170469799.66,309077574.78,27.33,26.95,-56601460.08,-85141948.57,139558049.65,175434400.95,314992450.60,20.00,20.00,20704294.93,6460579.43,154681643.42,184434761.95,97.00,93.00
241.00,2.00,-23849834.10,-45472695.81,138792450.36,170579703.68,309372154.04,27.33,26.95,-55280994.21,-83577278.36,139816376.99,175588136.84,315404513.83,20.00,20.00,21389600.00,7272623.46,154815712.04,184514548.93,97.00,93.00
242.00,2.00,-23443108.32,-44990750.98,138872019.53,170627056.93,309499076.46,27.33,26.95,-55999728.80,-84428934.30,139675768.44,175504457.81,315180226.25,20.00,20.00,21757324.67,7708354.40,154887651.29,184557361.46,97.00,93.00
243.00,2.00,-23877692.03,-45505705.73,138787000.41,170576460.31,309363460.72,27.33,26.95,-55715577.92,-84092233.12,139731357.86,175537540.22,315268898.08,20.00,20.00,20971731.05,6777474.66,154733962.88,184465898.33,97.00,93.00
244.00,2.00,-25304813.97,-47196756.77,138507807.58,170410306.92,308918114.50,27.33,26.95,-56584745.32,-85122142.62,139561319.62,175436346.97,314997666.59,20.00,20.00,19918701.31,5529699.68,154527955.01,184343298.82,97.00,93.00
245.00,2.00,-23001361.15,-44467307.96,138958440.07,170678487.56,309636927.63,27.33,26.95,-55932869.77,-84349710.49,139688848.30,175512241.91,315201090.21,20.00,20.00,23178079.09,9391860.32,155165598.42,184722773.50,97.00,93.00
246.00,2.00,-22975095.11,-44436184.32,138963578.59,170681545.60,309645124.19,27.33,26.95,-54980128.57,-83220771.23,139875236.38,175623165.28,315498401.66,20.00,20.00,22977501.99,9154188.90,155126358.83,184699421.21,97.00,93.00
247.00,2.00,-24742879.73,-46530899.53,138617740.73,170475730.40,309093471.13,27.33,26.95,-56501171.53,-85023112.86,139577669.45,175446077.09,315023746.54,20.00,20.00,19316970.03,4816685.41,154410236.23,184273241.96,97.00,93.00
248.00,2.00,-24561405.22,-46315863.48,138653243.22,170496858.66,309150101.88,27.33,26.95,-56384168.23,-84884471.20,139600559.22,175459699.26,315060258.48,20.00,20.00,20654150.66,6401161.57,154671833.52,184428923.88,97.00,93.00
249.00,2.00,-24761982.31,-46553534.91,138614003.63,170473506.37,309087510.00,27.33,26.95,-56835466.69,-85419231.90,139512270.13,175407156.61,314919426.74,20.00,20.00,20353285.01,6044654.44,154612974.13,184393895.44,97.00,93.00
250.00,2.00,-23951714.53,-45593417.80,138772519.13,170567842.20,309340361.33,27.33,26.95,-55866010.74,-84270486.68,139701928.17,175520026.00,315221954.17,20.00,20.00,21289311.45,7153787.75,154796092.24,184502872.79,97.00,93.00
251.00,2.00,-24360828.12,-46078192.06,138692482.82,170520210.94,309212693.76,27.33,26.95,-56233735.41,-84706217.63,139629988.91,175477213.48,315107202.39,20.00,20.00,20303140.74,5985236.58,154603164.23,184388057.37,97.00,93.00
252.00,2.00,-24769145.78,-46562023.17,138612602.21,170472672.36,309085274.57,27.33,26.95,-56668319.11,-85221172.38,139544969.79,175426616.85,314971586.64,20.00,20.00,19684694.70,5252416.36,154482175.48,184316054.48,97.00,93.00
253.00,2.00,-24652142.48,-46423381.51,138635491.98,170486294.53,309121786.51,27.33,26.95,-56133446.86,-84587381.92,139649608.71,175488889.62,315138498.33,20.00,20.00,20336570.26,6024848.48,154609704.17,184391949.42,97.00,93.00
254.00,2.00,-24732532.50,-46518638.70,138619765.00,170476935.08,309096700.08,27.33,26.95,-56985899.51,-85597485.47,139482840.43,175389642.40,314872482.83,20.00,20.00,20771153.96,6539803.24,154694723.29,184442546.04,97.00,93.00
255.00,2.00,-25537228.70,-47472153.82,138462339.48,170383247.92,308845587.40,27.33,26.95,-56985899.51,-85597485.47,139482840.43,175389642.40,314872482.83,20.00,20.00,17963074.64,3212403.30,154145368.96,184115614.01,97.00,93.00
256.00,2.00,-24441218.15,-46173449.25,138676755.84,170510851.50,309187607.34,27.33,26.95,-56250450.17,-84726023.58,139626718.95,175475267.45,315101986.40,20.00,20.00,21623606.61,7549906.79,154861491.56,184541793.27,97.00,93.00
257.00,2.00,-23238551.53,-44748363.85,138912037.69,170650872.56,309562910.25,27.33,26.95,-55832581.22,-84230874.78,139708468.10,175523918.05,315232386.15,20.00,20.00,21489888.55,7391459.17,154835331.83,184526225.08,97.00,93.00
258.00,2.00,-24939477.12,-46763855.25,138579279.70,170452841.45,309032121.15,27.33,26.95,-56969184.75,-85577679.52,139486110.40,175391588.42,314877698.82,20.00,20.00,19868557.04,5470281.83,154518145.11,184337460.75,97.00,93.00
259.00,2.00,-24267703.04,-45967844.61,138710701.20,170531053.08,309241754.28,27.33,26.95,-56768607.66,-85340008.09,139525349.99,175414940.71,314940290.70,20.00,20.00,21372885.24,7252817.51,154812442.07,184512602.91,97.00,93.00
260.00,2.00,-23819588.35,-45436856.47,138798367.44,170583225.06,309381592.50,27.33,26.95,-56384168.23,-84884471.20,139600559.22,175459699.26,315060258.48,20.00,20.00,21606891.85,7530100.84,154858221.60,184539847.24,97.00,93.00
261.00,2.00,-24464300.43,-46200800.33,138672240.17,170508164.13,309180404.30,27.33,26.95,-57303479.91,-85973798.56,139420711.07,175352667.94,314773379.01,20.00,20.00,19734838.97,5311834.21,154491985.38,184321892.56,97.00,93.00
262.00,2.00,-23721687.62,-45320850.18,138817520.10,170594623.20,309412143.30,27.33,26.95,-56434312.50,-84943889.05,139590749.32,175453861.19,315044610.51,20.00,20.00,21807468.95,7767772.26,154897461.19,184563199.53,97.00,93.00
263.00,2.00,-23957286.11,-45600019.79,138771429.15,170567193.52,309338622.67,27.33,26.95,-55866010.74,-84270486.68,139701928.17,175520026.00,315221954.17,20.00,20.00,21640321.37,7569712.74,154864761.53,184543739.29,97.00,93.00
264.00,2.00,-24933905.54,-46757253.27,138580369.69,170453490.12,309033859.81,27.33,26.95,-56818751.93,-85399425.95,139515540.09,175409102.64,314924642.73,20.00,20.00,19918701.31,5529699.68,154527955.01,184343298.82,97.00,93.00
265.00,2.00,-24763574.19,-46555421.19,138613692.20,170473321.03,309087013.23,27.33,26.95,-56902325.72,-85498455.71,139499190.26,175399372.52,314898562.78,20.00,20.00,20286425.98,5965430.63,154599894.27,184386111.35,97.00,93.00
266.00,2.00,-24433258.74,-46164017.85,138678312.96,170511778.17,309190091.13,27.33,26.95,-56334023.96,-84825053.34,139610369.11,175465537.33,315075906.44,20.00,20.00,21606891.85,7530100.84,154858221.60,184539847.24,97.00,93.00
267.00,2.00,-24727756.86,-46512979.86,138620699.27,170477491.08,309098190.35,27.33,26.95,-56618174.84,-85161754.52,139554779.69,175432454.92,314987234.61,20.00,20.00,20018989.86,5648535.40,154547574.81,184354974.96,97.00,93.00
268.00,2.00,-23818792.41,-45435913.33,138798523.15,170583317.72,309381840.87,27.33,26.95,-55966299.28,-84389322.40,139682308.37,175508349.86,315190658.23,20.00,20.00,21590177.09,7510294.88,154854951.63,184537901.22,97.00,93.00
269.00,2.00,-24504893.42,-46248900.50,138664298.82,170503438.07,309167736.89,27.33,26.95,-57487342.25,-86191664.03,139384741.44,175331261.68,314716003.12,20.00,20.00,21473173.79,7371653.22,154832061.87,184524279.05,97.00,93.00
270.00,2.00,-24452361.32,-46186653.22,138674575.86,170509554.15,309184130.01,27.33,26.95,-57353624.18,-86033216.41,139410901.17,175346829.87,314757731.04,20.00,20.00,20854727.75,6638833.00,154711073.12,184452276.16,97.00,93.00
271.00,2.00,-24468280.14,-46205516.03,138671461.61,170507700.79,309179162.40,27.33,26.95,-56417597.75,-84924083.10,139594019.28,175455807.21,315049826.49,20.00,20.00,21774039.43,7728160.36,154890921.26,184559307.48,97.00,93.00
272.00,2.00,-25163136.50,-47028877.75,138535524.44,170426801.79,308962326.23,27.33,26.95,-57353624.18,-86033216.41,139410901.17,175346829.87,314757731.04,20.00,20.00,20904872.02,6698250.85,154720883.02,184458114.24,97.00,93.00
273.00,2.00,-24855107.39,-46663882.35,138595785.25,170462664.24,309058449.49,27.33,26.95,-56818751.93,-85399425.95,139515540.09,175409102.64,314924642.73,20.00,20.00,19818412.76,5410863.97,154508335.21,184331622.68,97.00,93.00
274.00,2.00,-24544690.46,-46296057.53,138656513.19,170498804.68,309155317.87,27.33,26.95,-56802037.18,-85379620.00,139518810.06,175411048.66,314929858.72,20.00,20.00,20052419.37,5688147.30,154554114.74,184358867.01,97.00,93.00
275.00,2.00,-24913211.07,-46732731.61,138584418.22,170455899.48,309040317.70,27.33,26.95,-56116732.10,-84567575.96,139652878.67,175490835.64,315143714.31,20.00,20.00,19751553.73,5331640.16,154495255.35,184323838.58,97.00,93.00
276.00,2.00,-24517628.47,-46263990.75,138661807.42,170501955.39,309163762.81,27.33,26.95,-56283879.68,-84765635.48,139620179.01,175471375.40,315091554.41,20.00,20.00,21924472.25,7906413.92,154920350.96,184576821.70,97.00,93.00
277.00,2.00,-23608664.02,-45186924.22,138839631.30,170607782.02,309447413.32,27.33,26.95,-56133446.86,-84587381.92,139649608.71,175488889.62,315138498.33,20.00,20.00,22593062.56,8698652.00,155051149.60,184654662.66,97.00,93.00
278.00,2.00,-24043247.73,-45701878.97,138754612.18,170557185.40,309311797.58,27.33,26.95,-56083302.59,-84527964.06,139659418.61,175494727.69,315154146.30,20.00,20.00,20453573.56,6163490.15,154632593.93,184405571.59,97.00,93.00
279.00,2.00,-24021757.32,-45676414.17,138758816.42,170559687.43,309318503.85,27.33,26.95,-56484456.78,-85003306.91,139580939.42,175448023.12,315028962.54,20.00,20.00,22442629.74,8520398.44,155021719.91,184637148.44,97.00,93.00
280.00,2.00,-24432462.80,-46163074.71,138678468.68,170511870.84,309190339.52,27.33,26.95,-56701748.63,-85260784.28,139538429.86,175422724.80,314961154.66,20.00,20.00,21322740.97,7193399.65,154802632.17,184506764.84,97.00,93.00
281.00,2.00,-24109310.82,-45780159.64,138741688.02,170549493.97,309291181.99,27.33,26.95,-56150161.62,-84607187.87,139646338.74,175486943.60,315133282.34,20.00,20.00,22375770.71,8441174.63,155008640.04,184629364.35,97.00,93.00
282.00,2.00,-24138760.63,-45815055.84,138735926.65,170546065.26,309281991.91,27.33,26.95,-56183591.14,-84646799.77,139639798.81,175483051.55,315122850.36,20.00,20.00,22141764.10,8163891.30,154962860.52,184602120.01,97.00,93.00
283.00,2.00,-25070011.42,-46918530.31,138553742.82,170437643.93,308991386.75,27.33,26.95,-56935755.24,-85538067.61,139492650.33,175395480.47,314888130.80,20.00,20.00,20520432.59,6242713.96,154645673.79,184413355.68,97.00,93.00
284.00,2.00,-24609161.67,-46372451.92,138643900.46,170491298.59,309135199.05,27.33,26.95,-56534601.05,-85062724.76,139571129.52,175442185.04,315013314.56,20.00,20.00,20754439.20,6519997.28,154691453.32,184440600.02,97.00,93.00
285.00,2.00,-24241437.00,-45936720.97,138715839.72,170534111.12,309249950.84,27.33,26.95,-56384168.23,-84884471.20,139600559.22,175459699.26,315060258.48,20.00,20.00,21723895.16,7668742.50,154881111.36,184553469.41,97.00,93.00
286.00,2.00,-24640999.30,-46410177.54,138637671.96,170487591.88,309125263.84,27.33,26.95,-56534601.05,-85062724.76,139571129.52,175442185.04,315013314.56,20.00,20.00,20085848.89,5727759.20,154560654.67,184362759.06,97.00,93.00
287.00,2.00,-23963653.64,-45607564.91,138770183.44,170566452.18,309336635.62,27.33,26.95,-55314423.73,-83616890.27,139809837.05,175584244.80,315394081.85,20.00,20.00,20119278.40,5767371.11,154567194.60,184366651.11,97.00,93.00
288.00,2.00,-23946142.94,-45586815.82,138773609.12,170568490.87,309342099.99,27.33,26.95,-55765722.19,-84151650.97,139721547.97,175531702.15,315253250.12,20.00,20.00,22542918.29,8639234.15,155041339.71,184648824.59,97.00,93.00
289.00,2.00,-25920872.19,-47926747.58,138387285.97,170338582.04,308725868.01,27.33,26.95,-57704634.10,-86449141.40,139342231.88,175305963.36,314648195.24,20.00,20.00,18882386.32,4301730.66,154325217.10,184222645.33,97.00,93.00
290.00,2.00,-24132393.10,-45807510.71,138737172.36,170546806.61,309283978.97,27.33,26.95,-56150161.62,-84607187.87,139646338.74,175486943.60,315133282.34,20.00,20.00,20553862.11,6282325.86,154652213.73,184417247.73,97.00,93.00
291.00,2.00,-23201142.31,-44704036.24,138919356.19,170655227.94,309574584.13,27.33,26.95,-54595689.14,-82765234.33,139950445.60,175667923.83,315618369.43,20.00,20.00,21657036.13,7589518.69,154868031.50,184545685.32,97.00,93.00
292.00,2.00,-24523200.06,-46270592.73,138660717.43,170501306.71,309162024.14,27.33,26.95,-56417597.75,-84924083.10,139594019.28,175455807.21,315049826.49,20.00,20.00,19701409.46,5272222.31,154485445.45,184318000.51,97.00,93.00
293.00,2.00,-24999968.63,-46835533.94,138567445.54,170445798.69,309013244.23,27.33,26.95,-56885610.96,-85478649.76,139502460.23,175401318.54,314903778.77,20.00,20.00,21005160.57,6817086.56,154740502.81,184469790.38,97.00,93.00
294.00,2.00,-24348889.01,-46064044.95,138694818.51,170521600.96,309216419.47,27.33,26.95,-56166876.38,-84626993.82,139643068.78,175484997.57,315128066.35,20.00,20.00,20269711.22,5945624.68,154596624.30,184384165.32,97.00,93.00
295.00,2.00,-25390775.58,-47298615.96,138490990.61,170400298.80,308891289.41,27.33,26.95,-56902325.72,-85498455.71,139499190.26,175399372.52,314898562.78,20.00,20.00,18280655.04,3588716.39,154207498.32,184152588.47,97.00,93.00
296.00,2.00,-23499620.12,-45057713.96,138860963.93,170620477.51,309481441.44,27.33,26.95,-55615289.37,-83973397.40,139750977.66,175549216.36,315300194.02,20.00,20.00,20420144.05,6123878.24,154626054.00,184401679.54,97.00,93.00
297.00,2.00,-24743675.67,-46531842.67,138617585.02,170475637.73,309093222.75,27.33,26.95,-56935755.24,-85538067.61,139492650.33,175395480.47,314888130.80,20.00,20.00,20988445.81,6797280.61,154737232.85,184467844.36,97.00,93.00
298.00,2.00,-25336651.61,-47234482.40,138501579.08,170406600.21,308908179.29,27.33,26.95,-56668319.11,-85221172.38,139544969.79,175426616.85,314971586.64,20.00,20.00,19066248.66,4519596.13,154361186.73,184244051.60,97.00,93.00
299.00,2.00,-24305112.26,-46012172.22,138703382.71,170526697.69,309230080.40,27.33,26.95,-56484456.78,-85003306.91,139580939.42,175448023.12,315028962.54,20.00,20.00,20236281.71,5906012.77,154590084.37,184380273.28,97.00,93.00
300.00,2.00,-25171095.91,-47038309.16,138533967.31,170425875.11,308959842.42,27.33,26.95,-56969184.75,-85577679.52,139486110.40,175391588.42,314877698.82,20.00,20.00,21088734.36,6916116.32,154756852.64,184479520.50,97.00,93.00
301.00,3.00,-14412363.45,-34289878.05,140638735.57,171678465.90,312317201.47,36.38,36.00,-42995647.20,-69019903.64,142219802.16,177018464.48,319238266.64,30.00,30.00,20654150.66,6401161.57,154671833.52,184428923.88,97.00,93.00
302.00,3.00,-14506284.47,-34401168.64,140620361.47,171667531.09,312287892.56,36.38,36.00,-43781240.82,-69950783.39,142066113.75,176927001.36,318993115.11,30.00,30.00,20637435.90,6381355.62,154668563.56,184426977.85,97.00,93.00
303.00,3.00,-13170695.72,-32818578.76,140881647.35,171823027.68,312704675.03,36.38,36.00,-42561063.50,-68504948.89,142304821.28,177069061.11,319373882.39,30.00,30.00,22375770.71,8441174.63,155008640.04,184629364.35,97.00,93.00
304.00,3.00,-13514542.17,-33226015.49,140814379.47,171782995.19,312597374.66,36.38,36.00,-42878643.89,-68881261.98,142242691.92,177032086.65,319274778.57,30.00,30.00,22175193.62,8203503.20,154969400.45,184606012.06,97.00,93.00
305.00,3.00,-14699698.09,-34630351.80,140582523.29,171645012.82,312227536.11,36.38,36.00,-42744925.83,-68722814.36,142268851.65,177047654.84,319316506.49,30.00,30.00,21088734.36,6916116.32,154756852.64,184479520.50,97.00,93.00
306.00,3.00,-13298046.26,-32969481.25,140856733.32,171808200.83,312664934.15,36.38,36.00,-41641751.81,-67415621.53,142484669.42,177176092.43,319660761.85,30.00,30.00,22024760.80,8025249.64,154939970.75,184588497.84,97.00,93.00
307.00,3.00,-14659105.11,-34582251.63,140590464.64,171649738.88,312240203.52,36.38,36.00,-43229653.81,-69297186.97,142174022.63,176991220.15,319165242.78,30.00,30.00,19768268.49,5351446.12,154498525.31,184325784.60,97.00,93.00
308.00,3.00,-13781182.35,-33541967.58,140762215.72,171751951.47,312514167.19,36.38,36.00,-42594493.01,-68544560.80,142298281.35,177065169.06,319363450.41,30.00,30.00,20269711.22,5945624.68,154596624.30,184384165.32,97.00,93.00
309.00,3.00,-13980167.56,-33777752.72,140723287.55,171728784.52,312452072.07,36.38,36.00,-42343771.64,-68247471.52,142347330.84,177094359.42,319441690.26,30.00,30.00,20888157.26,6678444.90,154717613.05,184456168.21,97.00,93.00
310.00,3.00,-14828640.51,-34783140.57,140557297.84,171630000.63,312187298.47,36.38,36.00,-43981817.91,-70188454.81,142026874.15,176903649.07,318930523.22,30.00,30.00,21306026.21,7173593.70,154799362.21,184504818.81,97.00,93.00
311.00,3.00,-12988425.27,-32602599.57,140917305.55,171844248.61,312761554.16,36.38,36.00,-42494204.46,-68425725.08,142317901.14,177076845.20,319394746.34,30.00,30.00,22760210.14,8896711.52,155083849.27,184674122.90,97.00,93.00
312.00,3.00,-13358537.76,-33041159.94,140844899.15,171801158.08,312646057.23,36.38,36.00,-42327056.89,-68227665.56,142350600.81,177096305.44,319446906.25,30.00,30.00,21757324.67,7708354.40,154887651.29,184557361.46,97.00,93.00
313.00,3.00,-15219447.47,-35246222.59,140480842.91,171584500.74,312065343.65,36.38,36.00,-43263083.33,-69336798.88,142167482.70,176987328.10,319154810.80,30.00,30.00,18681809.23,4064059.24,154285977.51,184199293.04,97.00,93.00
314.00,3.00,-14726760.08,-34662418.58,140577229.06,171641862.11,312219091.17,36.38,36.00,-42644637.28,-68603978.65,142288471.45,177059330.99,319347802.44,30.00,30.00,20470288.32,6183296.10,154635863.89,184407517.61,97.00,93.00
315.00,3.00,-13760487.89,-33517445.93,140766264.25,171754360.83,312520625.08,36.38,36.00,-42611207.77,-68564366.75,142295011.38,177063223.04,319358234.42,30.00,30.00,20971731.05,6777474.66,154733962.88,184465898.33,97.00,93.00
316.00,3.00,-13805060.58,-33570261.80,140757544.34,171749171.43,312506715.77,36.38,36.00,-42494204.46,-68425725.08,142317901.14,177076845.20,319394746.34,30.00,30.00,21055304.84,6876504.42,154750312.71,184475628.45,97.00,93.00
317.00,3.00,-15041156.72,-35034959.11,140515722.55,171605258.33,312120980.88,36.38,36.00,-43831385.09,-70010201.24,142056303.85,176921163.28,318977467.13,30.00,30.00,20202852.19,5866400.87,154583544.44,184376381.23,97.00,93.00
318.00,3.00,-14081252.05,-33897531.58,140703512.04,171717015.70,312420527.74,36.38,36.00,-42343771.64,-68247471.52,142347330.84,177094359.42,319441690.26,30.00,30.00,21540032.82,7450877.03,154845141.73,184532063.15,97.00,93.00
319.00,3.00,-14772128.71,-34716177.59,140568353.44,171636580.05,312204933.49,36.38,36.00,-42627922.53,-68584172.70,142291741.41,177061277.01,319353018.42,30.00,30.00,19734838.97,5311834.21,154491985.38,184321892.56,97.00,93.00
320.00,3.00,-14275461.62,-34127657.88,140665518.15,171694404.76,312359922.91,36.38,36.00,-42811784.86,-68802038.17,142255771.79,177039870.75,319295642.54,30.00,30.00,20236281.71,5906012.77,154590084.37,184380273.28,97.00,93.00
321.00,3.00,-14366994.82,-34236119.04,140647611.19,171683747.96,312331359.15,36.38,36.00,-43396801.39,-69495246.49,142141322.97,176971759.91,319113082.88,30.00,30.00,21122163.87,6955728.23,154763392.58,184483412.55,97.00,93.00
322.00,3.00,-14494345.35,-34387021.53,140622697.16,171668921.11,312291618.27,36.38,36.00,-43062506.23,-69099127.45,142206722.29,177010680.39,319217402.68,30.00,30.00,20804583.48,6579415.14,154701263.22,184446438.09,97.00,93.00
323.00,3.00,-13933207.05,-33722107.43,140732474.60,171734251.92,312466726.52,36.38,36.00,-42343771.64,-68247471.52,142347330.84,177094359.42,319441690.26,30.00,30.00,21506603.30,7411265.12,154838601.80,184528171.10,97.00,93.00
324.00,3.00,-14363811.05,-34232346.48,140648234.04,171684118.63,312332352.67,36.38,36.00,-43045791.47,-69079321.50,142209992.26,177012626.41,319222618.67,30.00,30.00,20537147.35,6262519.91,154648943.76,184415301.71,97.00,93.00
325.00,3.00,-15316552.25,-35361285.74,140461845.97,171573195.26,312035041.23,36.38,36.00,-43597378.48,-69732917.92,142102083.37,176948407.62,319050490.99,30.00,30.00,19851842.28,5450475.88,154514875.14,184335514.72,97.00,93.00
326.00,3.00,-13306801.61,-32979855.80,140855020.48,171807181.48,312662201.96,36.38,36.00,-42126479.79,-67989994.14,142389840.40,177119657.73,319509498.13,30.00,30.00,21740609.91,7688548.45,154884381.33,184555415.44,97.00,93.00
327.00,3.00,-14465691.48,-34353068.47,140628302.82,171672257.15,312300559.97,36.38,36.00,-42895358.65,-68901067.93,142239421.95,177030140.63,319269562.58,30.00,30.00,20353285.01,6044654.44,154612974.13,184393895.44,97.00,93.00
328.00,3.00,-16032103.07,-36209169.12,140321860.27,171489886.90,311811747.17,36.38,36.00,-44566834.44,-70881663.13,141912425.33,176835538.23,318747963.56,30.00,30.00,20236281.71,5906012.77,154590084.37,184380273.28,97.00,93.00
329.00,3.00,-14195867.53,-34033343.82,140681089.42,171703671.54,312384760.96,36.38,36.00,-43246368.57,-69316992.92,142170752.66,176989274.12,319160026.78,30.00,30.00,21239167.18,7094369.89,154786282.34,184497034.72,97.00,93.00
330.00,3.00,-15308592.84,-35351854.34,140463403.10,171574121.94,312037525.04,36.38,36.00,-43363371.87,-69455634.59,142147862.90,176975651.96,319123514.86,30.00,30.00,19266825.75,4757267.56,154400426.33,184267403.88,97.00,93.00
331.00,3.00,-13935594.88,-33724936.85,140732007.46,171733973.91,312465981.37,36.38,36.00,-42544348.74,-68485142.94,142308091.25,177071007.13,319379098.38,30.00,30.00,20553862.11,6282325.86,154652213.73,184417247.73,97.00,93.00
332.00,3.00,-14648757.88,-34569990.80,140592488.90,171650943.56,312243432.46,36.38,36.00,-43797955.58,-69970589.34,142062843.78,176925055.33,318987899.11,30.00,30.00,20319855.50,6005042.53,154606434.20,184390003.40,97.00,93.00
333.00,3.00,-14622491.83,-34538867.17,140597627.42,171654001.59,312251629.01,36.38,36.00,-43864814.61,-70049813.15,142049763.91,176917271.24,318967035.15,30.00,30.00,21005160.57,6817086.56,154740502.81,184469790.38,97.00,93.00
334.00,3.00,-14033495.60,-33840943.14,140712854.80,171722575.77,312435430.57,36.38,36.00,-43480375.18,-69594276.25,142124973.14,176962029.79,319087002.93,30.00,30.00,20487003.08,6203102.05,154639133.86,184409463.64,97.00,93.00
335.00,3.00,-13609259.13,-33338249.22,140795849.66,171771967.72,312567817.38,36.38,36.00,-42744925.83,-68722814.36,142268851.65,177047654.84,319316506.49,30.00,30.00,21372885.24,7252817.51,154812442.07,184512602.91,97.00,93.00
336.00,3.00,-14196663.48,-34034286.96,140680933.70,171703578.87,312384512.57,36.38,36.00,-43697667.03,-69851753.63,142082463.58,176936731.48,319019195.06,30.00,30.00,21038590.09,6856698.47,154747042.75,184473682.43,97.00,93.00
337.00,3.00,-16145126.68,-36343095.08,140299749.07,171476728.07,311776477.14,36.38,36.00,-44249254.04,-70505350.04,141974554.69,176872512.68,318847067.37,30.00,30.00,18314084.56,3628328.29,154214038.25,184156480.52,97.00,93.00
338.00,3.00,-14328789.66,-34190848.29,140655085.40,171688196.02,312343281.42,36.38,36.00,-42644637.28,-68603978.65,142288471.45,177059330.99,319347802.44,30.00,30.00,20988445.81,6797280.61,154737232.85,184467844.36,97.00,93.00
339.00,3.00,-12196464.12,-31664174.70,141072239.66,171936453.08,313008692.74,36.38,36.00,-42410630.68,-68326695.32,142334250.98,177086575.32,319420826.30,30.00,30.00,24765981.08,11273425.76,155476245.21,184907645.78,97.00,93.00
340.00,3.00,-15374655.93,-35430135.01,140450478.94,171566430.51,312016909.45,36.38,36.00,-43764526.06,-69930977.44,142069383.71,176928947.38,318998331.09,30.00,30.00,18297369.80,3608522.34,154210768.29,184154534.49,97.00,93.00
341.00,3.00,-14297747.96,-34154065.81,140661158.19,171691810.06,312352968.25,36.38,36.00,-43563948.97,-69693306.01,142108623.31,176952299.67,319060922.98,30.00,30.00,21506603.30,7411265.12,154838601.80,184528171.10,97.00,93.00
342.00,3.00,-13380028.16,-33066624.73,140840694.91,171798656.04,312639350.95,36.38,36.00,-42962217.68,-68980291.74,142226342.09,177022356.53,319248698.62,30.00,30.00,22693351.11,8817487.72,155070769.40,184666338.80,97.00,93.00
343.00,3.00,-14575531.32,-34483221.87,140606814.47,171659469.00,312266283.47,36.38,36.00,-43162794.78,-69217963.16,142187102.50,176999004.24,319186106.74,30.00,30.00,21673750.88,7609324.64,154871301.46,184547631.34,97.00,93.00
344.00,3.00,-14943255.99,-34918952.82,140534875.21,171616656.47,312151531.68,36.38,36.00,-43095935.75,-69138739.36,142200182.36,177006788.34,319206970.70,30.00,30.00,19450688.09,4975133.03,154436395.96,184288810.15,97.00,93.00
345.00,3.00,-13229595.34,-32888371.17,140870124.61,171816170.26,312686294.87,36.38,36.00,-42159909.31,-68029606.04,142383300.47,177115765.68,319499066.15,30.00,30.00,21874327.98,7846996.07,154910541.06,184570983.63,97.00,93.00
346.00,3.00,-14495141.29,-34387964.67,140622541.45,171668828.44,312291369.89,36.38,36.00,-43146080.02,-69198157.21,142190372.46,177000950.27,319191322.73,30.00,30.00,21506603.30,7411265.12,154838601.80,184528171.10,97.00,93.00
347.00,3.00,-15273571.45,-35310356.15,140470254.45,171578199.33,312048453.78,36.38,36.00,-43998532.67,-70208260.76,142023604.18,176901703.04,318925307.22,30.00,30.00,20018989.86,5648535.40,154547574.81,184354974.96,97.00,93.00
348.00,3.00,-14329585.60,-34191791.44,140654929.69,171688103.35,312343033.04,36.38,36.00,-43229653.81,-69297186.97,142174022.63,176991220.15,319165242.78,30.00,30.00,19701409.46,5272222.31,154485445.45,184318000.51,97.00,93.00
349.00,3.00,-13924451.71,-33711732.88,140734187.44,171735271.26,312469458.70,36.38,36.00,-42544348.74,-68485142.94,142308091.25,177071007.13,319379098.38,30.00,30.00,20821298.23,6599221.09,154704533.19,184448384.12,97.00,93.00
350.00,3.00,-13544787.92,-33261854.83,140808462.39,171779473.81,312587936.20,36.38,36.00,-42477489.71,-68405919.13,142321171.11,177078791.23,319399962.34,30.00,30.00,21506603.30,7411265.12,154838601.80,184528171.10,97.00,93.00
351.00,3.00,-14594633.90,-34505857.25,140603077.37,171657244.97,312260322.34,36.38,36.00,-43279798.08,-69356604.83,142164212.73,176985382.08,319149594.81,30.00,30.00,20804583.48,6579415.14,154701263.22,184446438.09,97.00,93.00
352.00,3.00,-14097170.87,-33916394.39,140700397.79,171715162.35,312415560.14,36.38,36.00,-42795070.11,-68782232.22,142259041.75,177041816.77,319300858.52,30.00,30.00,21573462.34,7490488.93,154851681.67,184535955.20,97.00,93.00
353.00,3.00,-13796305.23,-33559887.25,140759257.18,171750190.78,312509447.96,36.38,36.00,-42978932.44,-69000097.69,142223072.12,177020410.51,319243482.63,30.00,30.00,21740609.91,7688548.45,154884381.33,184555415.44,97.00,93.00
354.00,3.00,-13906145.07,-33690040.65,140737768.83,171737402.62,312475171.45,36.38,36.00,-42711496.32,-68683202.46,142275391.58,177051546.89,319326938.47,30.00,30.00,21005160.57,6817086.56,154740502.81,184469790.38,97.00,93.00
355.00,3.00,-14715616.91,-34649214.61,140579409.04,171643159.46,312222568.50,36.38,36.00,-44249254.04,-70505350.04,141974554.69,176872512.68,318847067.37,30.00,30.00,21038590.09,6856698.47,154747042.75,184473682.43,97.00,93.00
356.00,3.00,-14074088.58,-33889043.31,140704913.46,171717849.72,312422763.18,36.38,36.00,-42544348.74,-68485142.94,142308091.25,177071007.13,319379098.38,30.00,30.00,21189022.91,7034952.04,154776472.44,184491196.64,97.00,93.00
357.00,3.00,-14296156.08,-34152179.53,140661469.62,171691995.40,312353465.02,36.38,36.00,-43747811.30,-69911171.48,142072653.68,176930893.40,319003547.08,30.00,30.00,21506603.30,7411265.12,154838601.80,184528171.10,97.00,93.00
358.00,3.00,-13825755.04,-33594783.45,140753495.81,171746762.07,312500257.88,36.38,36.00,-42293627.37,-68188053.66,142357140.74,177100197.49,319457338.23,30.00,30.00,21088734.36,6916116.32,154756852.64,184479520.50,97.00,93.00
359.00,3.00,-14358239.47,-34225744.50,140649324.03,171684767.31,312334091.34,36.38,36.00,-43129365.26,-69178351.26,142193642.43,177002896.29,319196538.72,30.00,30.00,21021875.33,6836892.52,154743772.78,184471736.40,97.00,93.00
360.00,3.00,-14234072.70,-34078614.57,140673615.21,171699223.49,312372838.70,36.38,36.00,-42711496.32,-68683202.46,142275391.58,177051546.89,319326938.47,30.00,30.00,21640321.37,7569712.74,154864761.53,184543739.29,97.00,93.00
361.00,3.00,-14236460.52,-34081443.99,140673148.07,171698945.48,312372093.55,36.38,36.00,-42627922.53,-68584172.70,142291741.41,177061277.01,319353018.42,30.00,30.00,20353285.01,6044654.44,154612974.13,184393895.44,97.00,93.00
362.00,3.00,-14022352.43,-33827739.17,140715034.78,171723873.12,312438907.90,36.38,36.00,-43129365.26,-69178351.26,142193642.43,177002896.29,319196538.72,30.00,30.00,21222452.42,7074563.94,154783012.37,184495088.69,97.00,93.00
363.00,3.00,-15832321.92,-35972440.83,140360944.15,171513146.52,311874090.67,36.38,36.00,-44015247.43,-70228066.72,142020334.22,176899757.02,318920091.24,30.00,30.00,19534261.88,5074162.79,154452745.79,184298540.27,97.00,93.00
364.00,3.00,-14146519.20,-33974869.10,140690743.60,171709416.94,312400160.54,36.38,36.00,-44048676.94,-70267678.62,142013794.29,176895864.97,318909659.26,30.00,30.00,22074905.07,8084667.49,154949780.65,184594335.92,97.00,93.00
365.00,3.00,-13867143.96,-33643826.76,140745398.75,171741943.35,312487342.10,36.38,36.00,-43196224.29,-69257575.07,142180562.56,176995112.20,319175674.76,30.00,30.00,21055304.84,6876504.42,154750312.71,184475628.45,97.00,93.00
366.00,3.00,-14297747.96,-34154065.81,140661158.19,171691810.06,312352968.25,36.38,36.00,-43848099.85,-70030007.20,142053033.88,176919217.26,318972251.14,30.00,30.00,21038590.09,6856698.47,154747042.75,184473682.43,97.00,93.00
367.00,3.00,-13910124.77,-33694756.35,140736990.27,171736939.28,312473929.55,36.38,36.00,-42427345.43,-68346501.28,142330981.01,177084629.30,319415610.31,30.00,30.00,21222452.42,7074563.94,154783012.37,184495088.69,97.00,93.00
368.00,3.00,-14873213.20,-34835956.45,140548577.93,171624811.23,312173389.16,36.38,36.00,-43446945.66,-69554664.35,142131513.07,176965921.84,319097434.91,30.00,30.00,21205737.66,7054757.99,154779742.41,184493142.67,97.00,93.00
369.00,3.00,-15150996.55,-35165112.51,140494234.21,171592470.17,312086704.38,36.38,36.00,-44416401.62,-70703409.56,141941855.03,176853052.44,318794907.47,30.00,30.00,19701409.46,5272222.31,154485445.45,184318000.51,97.00,93.00
370.00,3.00,-14000066.09,-33801331.24,140719394.74,171726467.82,312445862.56,36.38,36.00,-42226768.34,-68108829.85,142370220.60,177107981.59,319478202.19,30.00,30.00,21573462.34,7490488.93,154851681.67,184535955.20,97.00,93.00
371.00,3.00,-13041753.30,-32665789.99,140906872.80,171838039.86,312744912.66,36.38,36.00,-41608322.30,-67376009.63,142491209.35,177179984.48,319671193.83,30.00,30.00,21640321.37,7569712.74,154864761.53,184543739.29,97.00,93.00
372.00,3.00,-13865552.08,-33641940.48,140745710.18,171742128.68,312487838.86,36.38,36.00,-42811784.86,-68802038.17,142255771.79,177039870.75,319295642.54,30.00,30.00,20637435.90,6381355.62,154668563.56,184426977.85,97.00,93.00
373.00,3.00,-16145126.68,-36343095.08,140299749.07,171476728.07,311776477.14,36.38,36.00,-44215824.52,-70465738.14,141981094.62,176876404.73,318857499.35,30.00,30.00,18364228.83,3687746.15,154223848.15,184162318.59,97.00,93.00
374.00,3.00,-14856498.44,-34816150.49,140551847.90,171626757.26,312178605.16,36.38,36.00,-42928788.17,-68940679.84,142232882.02,177026248.58,319259130.60,30.00,30.00,20236281.71,5906012.77,154590084.37,184380273.28,97.00,93.00
375.00,3.00,-15776606.06,-35906420.99,140371844.04,171519633.27,311891477.31,36.38,36.00,-44499975.41,-70802439.32,141925505.20,176843322.32,318768827.52,30.00,30.00,18548091.17,3905611.62,154259817.78,184183724.85,97.00,93.00
376.00,3.00,-14998175.91,-34984029.52,140524131.04,171610262.39,312134393.43,36.38,36.00,-43296512.84,-69376410.78,142160942.77,176983436.05,319144378.82,30.00,30.00,20069134.13,5707953.25,154557384.71,184360813.04,97.00,93.00
377.00,3.00,-14452160.49,-34337035.08,140630949.94,171673832.51,312304782.45,36.38,36.00,-43029076.72,-69059515.55,142213262.23,177014572.44,319227834.67,30.00,30.00,20470288.32,6183296.10,154635863.89,184407517.61,97.00,93.00
378.00,3.00,-15037972.95,-35031186.54,140516345.41,171605629.00,312121974.41,36.38,36.00,-43530519.45,-69653694.11,142115163.24,176956191.72,319071354.96,30.00,30.00,20152707.92,5806983.01,154573734.54,184370543.16,97.00,93.00
379.00,3.00,-14343116.59,-34207824.83,140652282.57,171686528.00,312338810.57,36.38,36.00,-42360486.40,-68267277.47,142344060.87,177092413.40,319436474.27,30.00,30.00,20503717.83,6222908.00,154642403.83,184411409.66,97.00,93.00
380.00,3.00,-14598613.60,-34510572.95,140602298.80,171656781.63,312259080.43,36.38,36.00,-42978932.44,-69000097.69,142223072.12,177020410.51,319243482.63,30.00,30.00,20537147.35,6262519.91,154648943.76,184415301.71,97.00,93.00
381.00,3.00,-15139853.38,-35151908.54,140496414.18,171593767.52,312090181.70,36.38,36.00,-43580663.72,-69713111.96,142105353.34,176950353.64,319055706.98,30.00,30.00,19768268.49,5351446.12,154498525.31,184325784.60,97.00,93.00
382.00,3.00,-14228501.11,-34072012.58,140674705.20,171699872.16,312374577.36,36.38,36.00,-43079220.99,-69118933.40,142203452.33,177008734.36,319212186.69,30.00,30.00,20670865.41,6420967.52,154675103.49,184430869.90,97.00,93.00
383.00,3.00,-13884654.66,-33664575.86,140741973.07,171739904.65,312481877.72,36.38,36.00,-42594493.01,-68544560.80,142298281.35,177065169.06,319363450.41,30.00,30.00,21272596.70,7133981.80,154792822.27,184500926.76,97.00,93.00
384.00,3.00,-15390574.75,-35448997.82,140447364.69,171564577.16,312011941.85,36.38,36.00,-44650408.23,-70980692.89,141896075.50,176825808.11,318721883.61,30.00,30.00,19718124.22,5292028.26,154488715.41,184319946.53,97.00,93.00
385.00,3.00,-15735217.14,-35857377.68,140379941.10,171524452.00,311904393.10,36.38,36.00,-44566834.44,-70881663.13,141912425.33,176835538.23,318747963.56,30.00,30.00,19316970.03,4816685.41,154410236.23,184273241.96,97.00,93.00
386.00,3.00,-15281530.85,-35319787.56,140468697.33,171577272.65,312045969.98,36.38,36.00,-43848099.85,-70030007.20,142053033.88,176919217.26,318972251.14,30.00,30.00,19784983.25,5371252.07,154501795.28,184327730.63,97.00,93.00
387.00,3.00,-15411269.21,-35473519.47,140443316.16,171562167.80,312005483.96,36.38,36.00,-43797955.58,-69970589.34,142062843.78,176925055.33,318987899.11,30.00,30.00,19918701.31,5529699.68,154527955.01,184343298.82,97.00,93.00
388.00,3.00,-15194773.30,-35216985.24,140485670.01,171587373.44,312073043.45,36.38,36.00,-43413516.15,-69515052.44,142138053.00,176969813.88,319107866.88,30.00,30.00,19701409.46,5272222.31,154485445.45,184318000.51,97.00,93.00
389.00,3.00,-14171989.31,-34005049.60,140685760.80,171706451.57,312392212.37,36.38,36.00,-42627922.53,-68584172.70,142291741.41,177061277.01,319353018.42,30.00,30.00,20988445.81,6797280.61,154737232.85,184467844.36,97.00,93.00
390.00,3.00,-13334659.54,-33012865.72,140849570.53,171803938.11,312653508.64,36.38,36.00,-42711496.32,-68683202.46,142275391.58,177051546.89,319326938.47,30.00,30.00,21406314.76,7292429.41,154818982.00,184516494.96,97.00,93.00
391.00,3.00,-15162935.67,-35179259.61,140491898.51,171591080.15,312082978.66,36.38,36.00,-43463660.42,-69574470.30,142128243.10,176963975.81,319092218.91,30.00,30.00,20436858.80,6143684.20,154629323.96,184403625.56,97.00,93.00
392.00,3.00,-15410473.27,-35472576.33,140443471.87,171562260.46,312005732.33,36.38,36.00,-44884414.84,-71257976.22,141850295.97,176798563.77,318648859.74,30.00,30.00,21623606.61,7549906.79,154861491.56,184541793.27,97.00,93.00
393.00,3.00,-15681093.16,-35793244.13,140390529.56,171530753.41,311921282.97,36.38,36.00,-44784126.29,-71139140.51,141869915.77,176810239.92,318680155.69,30.00,30.00,19149822.45,4618625.89,154377536.56,184253781.72,97.00,93.00
394.00,3.00,-16113289.04,-36305369.46,140305977.58,171480434.79,311786412.37,36.38,36.00,-44934559.11,-71317394.08,141840486.08,176792725.70,318633211.78,30.00,30.00,18447802.62,3786775.91,154240197.98,184172048.71,97.00,93.00
395.00,3.00,-13239146.63,-32899688.85,140868256.06,171815058.25,312683314.31,36.38,36.00,-42460774.95,-68386113.18,142324441.08,177080737.25,319405178.33,30.00,30.00,21640321.37,7569712.74,154864761.53,184543739.29,97.00,93.00
396.00,3.00,-14059761.65,-33872066.78,140707716.29,171719517.74,312427234.03,36.38,36.00,-42059620.76,-67910770.33,142402920.27,177127441.83,319530362.10,30.00,30.00,20219566.95,5886206.82,154586814.40,184378327.25,97.00,93.00
397.00,3.00,-14930520.94,-34903862.57,140537366.62,171618139.15,312155505.77,36.38,36.00,-43296512.84,-69376410.78,142160942.77,176983436.05,319144378.82,30.00,30.00,19283540.51,4777073.51,154403696.29,184269349.91,97.00,93.00
398.00,3.00,-13899777.54,-33682495.53,140739014.53,171738143.97,312477158.50,36.38,36.00,-41775469.88,-67574069.15,142458509.69,177160524.24,319619033.93,30.00,30.00,21790754.19,7747966.31,154894191.23,184561253.51,97.00,93.00
399.00,3.00,-14172785.25,-34005992.74,140685605.09,171706358.91,312391964.00,36.38,36.00,-43380086.63,-69475440.54,142144592.93,176973705.93,319118298.86,30.00,30.00,20754439.20,6519997.28,154691453.32,184440600.02,97.00,93.00
400.00,3.00,-14125028.80,-33949404.31,140694947.85,171711918.98,312406866.83,36.38,36.00,-43313227.60,-69396216.73,142157672.80,176981490.03,319139162.83,30.00,30.00,20704294.93,6460579.43,154681643.42,184434761.95,97.00,93.00
401.00,4.00,72964.07,-17125662.80,143472550.58,173364927.36,316837477.94,45.43,45.05,-18207661.32,-39647676.83,147069162.06,179904418.08,326973580.14,40.00,40.00,21556747.58,7470682.98,154848411.70,184534009.17,97.00,93.00
402.00,4.00,-1878682.89,-19438243.48,143090743.10,173137705.89,316228448.99,45.43,45.05,-19528127.19,-41212347.04,146810834.73,179750682.18,326561516.91,40.00,40.00,19784983.25,5371252.07,154501795.28,184327730.63,97.00,93.00
403.00,4.00,-1377240.15,-18844064.92,143188842.08,173196086.61,316384928.69,45.43,45.05,-18792677.85,-40340885.15,146954713.24,179836307.24,326791020.48,40.00,40.00,20704294.93,6460579.43,154681643.42,184434761.95,97.00,93.00
404.00,4.00,-547869.79,-17861312.44,143351094.69,173292646.47,316643741.16,45.43,45.05,-19093543.49,-40697392.28,146895853.85,179801278.80,326697132.65,40.00,40.00,22492774.02,8579816.29,155031529.81,184642986.52,97.00,93.00
405.00,4.00,-216758.39,-17468965.96,143415871.17,173331196.28,316747067.45,45.43,45.05,-17906795.68,-39291169.69,147128021.45,179939446.51,327067467.96,40.00,40.00,21423029.52,7312235.36,154822251.97,184518440.98,97.00,93.00
406.00,4.00,-1058067.87,-18465865.55,143251282.87,173233246.40,316484529.27,45.43,45.05,-19494697.68,-41172735.13,146817374.66,179754574.23,326571948.89,40.00,40.00,20838012.99,6619027.04,154707803.15,184450330.14,97.00,93.00
407.00,4.00,-1086721.74,-18499818.61,143245677.21,173229910.36,316475587.57,45.43,45.05,-18157517.05,-39588258.97,147078971.96,179910256.15,326989228.11,40.00,40.00,19885271.79,5490087.78,154521415.08,184339406.77,97.00,93.00
408.00,4.00,-1096273.03,-18511136.29,143243808.66,173228798.35,316472607.01,45.43,45.05,-18374808.90,-39845736.35,147036462.40,179884957.84,326921420.24,40.00,40.00,20570576.87,6302131.81,154655483.69,184419193.76,97.00,93.00
409.00,4.00,-997576.37,-18394186.86,143263117.03,173240289.16,316503406.19,45.43,45.05,-18625530.27,-40142825.63,146987412.91,179855767.48,326843180.39,40.00,40.00,20687580.17,6440773.48,154678373.46,184432815.92,97.00,93.00
410.00,4.00,-806550.56,-18167833.13,143300488.07,173262529.43,316563017.50,45.43,45.05,-18608815.51,-40123019.68,146990682.87,179857713.50,326848396.37,40.00,40.00,20737724.44,6500191.33,154688183.35,184438654.00,97.00,93.00
411.00,4.00,-963350.91,-18353631.82,143269812.68,173244273.87,316514086.55,45.43,45.05,-18124087.53,-39548647.07,147085511.89,179914148.20,326999660.09,40.00,40.00,19417258.57,4935521.12,154429856.02,184284918.10,97.00,93.00
412.00,4.00,-1533244.56,-19028920.47,143158322.40,173177923.72,316336246.12,45.43,45.05,-19427838.65,-41093511.32,146830454.53,179762358.32,326592812.85,40.00,40.00,20955016.30,6757668.71,154730692.92,184463952.31,97.00,93.00
413.00,4.00,-819285.62,-18182923.38,143297996.67,173261046.75,316559043.42,45.43,45.05,-18642245.03,-40162631.58,146984142.94,179853821.45,326837964.39,40.00,40.00,20587291.62,6321937.76,154658753.66,184421139.78,97.00,93.00
414.00,4.00,-1134478.19,-18556407.04,143236334.45,173224350.29,316460684.74,45.43,45.05,-18993254.94,-40578556.57,146915473.65,179812954.95,326728428.60,40.00,40.00,20721009.69,6480385.38,154684913.39,184436707.97,97.00,93.00
415.00,4.00,-2775708.23,-20501162.90,142915254.91,173033269.27,315948524.18,45.43,45.05,-19962710.90,-41727301.79,146725815.61,179700085.56,326425901.17,40.00,40.00,17879500.85,3113373.54,154129019.13,184105883.89,97.00,93.00
416.00,4.00,837067.29,-16220247.85,143622034.75,173453888.46,317075923.21,45.43,45.05,-17405352.95,-38696991.13,147226120.44,179997827.23,327223947.67,40.00,40.00,23311797.15,9550307.94,155191758.15,184738341.69,97.00,93.00
417.00,4.00,-1671738.27,-19193026.93,143131228.39,173161799.52,316293027.91,45.43,45.05,-18458382.69,-39944766.11,147020112.57,179875227.72,326895340.29,40.00,40.00,19684694.70,5252416.36,154482175.48,184316054.48,97.00,93.00
418.00,4.00,-2283816.78,-19918302.03,143011485.34,173090537.98,316102023.32,45.43,45.05,-21015740.64,-42975076.76,146519807.74,179577486.04,326097293.78,40.00,40.00,19734838.97,5311834.21,154491985.38,184321892.56,97.00,93.00
419.00,4.00,-1261032.79,-18706366.39,143211576.13,173209616.11,316421192.24,45.43,45.05,-18809392.61,-40360691.10,146951443.28,179834361.21,326785804.49,40.00,40.00,19968845.58,5589117.54,154537764.91,184349136.89,97.00,93.00
420.00,4.00,-1159948.30,-18586587.54,143231351.64,173221384.92,316452736.56,45.43,45.05,-18909681.15,-40479526.81,146931823.48,179822685.07,326754508.55,40.00,40.00,20838012.99,6619027.04,154707803.15,184450330.14,97.00,93.00
421.00,4.00,-2996183.84,-20762412.84,142872122.50,173007600.29,315879722.79,45.43,45.05,-20547727.42,-42420510.11,146611366.79,179631974.72,326243341.51,40.00,40.00,18765383.02,4163089.00,154302327.34,184209023.16,97.00,93.00
422.00,4.00,-1379627.98,-18846894.34,143188374.95,173195808.61,316384183.56,45.43,45.05,-18709104.06,-40241855.39,146971063.08,179846037.36,326817100.44,40.00,40.00,19701409.46,5272222.31,154485445.45,184318000.51,97.00,93.00
423.00,4.00,-1732229.77,-19264705.61,143119394.23,173154756.77,316274151.00,45.43,45.05,-18424953.17,-39905154.20,147026652.50,179879119.76,326905772.26,40.00,40.00,20002275.10,5628729.44,154544304.84,184353028.94,97.00,93.00
424.00,4.00,-1212480.40,-18648834.82,143221074.61,173215268.85,316436343.46,45.43,45.05,-20062999.44,-41846137.50,146706195.81,179688409.41,326394605.22,40.00,40.00,21406314.76,7292429.41,154818982.00,184516494.96,97.00,93.00
425.00,4.00,595897.21,-16506019.44,143574853.81,173425810.11,317000663.92,45.43,45.05,-18124087.53,-39548647.07,147085511.89,179914148.20,326999660.09,40.00,40.00,23211508.60,9431472.23,155172138.35,184726665.55,97.00,93.00
426.00,4.00,-876593.36,-18250829.50,143286785.36,173254374.66,316541160.02,45.43,45.05,-18809392.61,-40360691.10,146951443.28,179834361.21,326785804.49,40.00,40.00,20420144.05,6123878.24,154626054.00,184401679.54,97.00,93.00
427.00,4.00,-1130498.49,-18551691.34,143237113.01,173224813.63,316461926.64,45.43,45.05,-19143687.76,-40756810.14,146886043.95,179795440.73,326681484.68,40.00,40.00,20319855.50,6005042.53,154606434.20,184390003.40,97.00,93.00
428.00,4.00,-597218.12,-17919787.16,143341440.51,173286901.07,316628341.58,45.43,45.05,-19076828.73,-40677586.33,146899123.82,179803224.83,326702348.65,40.00,40.00,21105449.12,6935922.28,154760122.61,184481466.52,97.00,93.00
429.00,4.00,-1284911.01,-18734660.61,143206904.75,173206836.08,316413740.83,45.43,45.05,-19444553.40,-41113317.28,146827184.56,179760412.30,326587596.86,40.00,40.00,19935416.07,5549505.64,154531224.98,184345244.84,97.00,93.00
430.00,4.00,89678.83,-17105856.84,143475820.55,173366873.39,316842693.94,45.43,45.05,-18458382.69,-39944766.11,147020112.57,179875227.72,326895340.29,40.00,40.00,21790754.19,7747966.31,154894191.23,184561253.51,97.00,93.00
431.00,4.00,-397436.97,-17683058.87,143380524.39,173310160.69,316690685.08,45.43,45.05,-17973654.71,-39370393.50,147114941.59,179931662.41,327046604.00,40.00,40.00,20971731.05,6777474.66,154733962.88,184465898.33,97.00,93.00
432.00,4.00,715288.34,-16364548.35,143598210.71,173439710.28,317037920.99,45.43,45.05,-17154631.58,-38399901.85,147275169.93,180027017.59,327302187.52,40.00,40.00,22125049.35,8144085.35,154959590.55,184600173.99,97.00,93.00
433.00,4.00,-1078762.33,-18490387.20,143247234.34,173230837.04,316478071.38,45.43,45.05,-19594986.22,-41291570.84,146797754.87,179742898.08,326540652.95,40.00,40.00,21222452.42,7074563.94,154783012.37,184495088.69,97.00,93.00
434.00,4.00,-1272971.90,-18720513.50,143209240.44,173208226.10,316417466.54,45.43,45.05,-18892966.39,-40459720.86,146935093.45,179824631.09,326759724.54,40.00,40.00,20035704.62,5668341.35,154550844.77,184356920.99,97.00,93.00
435.00,4.00,-715813.31,-18060315.10,143318239.32,173273093.56,316591332.88,45.43,45.05,-19076828.73,-40677586.33,146899123.82,179803224.83,326702348.65,40.00,40.00,21172308.15,7015146.08,154773202.48,184489250.62,97.00,93.00
436.00,4.00,-75080.92,-17301086.94,143443588.02,173347691.15,316791279.17,45.43,45.05,-17973654.71,-39370393.50,147114941.59,179931662.41,327046604.00,40.00,40.00,21540032.82,7450877.03,154845141.73,184532063.15,97.00,93.00
437.00,4.00,-933105.16,-18317792.48,143275729.76,173247795.25,316523525.01,45.43,45.05,-18658959.78,-40182437.53,146980872.97,179851875.43,326832748.40,40.00,40.00,20487003.08,6203102.05,154639133.86,184409463.64,97.00,93.00
438.00,4.00,-1147213.25,-18571497.29,143233843.05,173222867.61,316456710.66,45.43,45.05,-19444553.40,-41113317.28,146827184.56,179760412.30,326587596.86,40.00,40.00,20871442.51,6658638.95,154714343.08,184454222.19,97.00,93.00
439.00,4.00,-169797.88,-17413320.67,143425058.21,173336663.68,316761721.89,45.43,45.05,-17923510.44,-39310975.64,147124751.49,179937500.48,327062251.97,40.00,40.00,20620721.14,6361549.67,154665293.59,184425031.83,97.00,93.00
440.00,4.00,-32100.12,-17250157.35,143451996.51,173352695.21,316804691.72,45.43,45.05,-18575386.00,-40083407.77,146997222.80,179861605.55,326858828.35,40.00,40.00,21857613.22,7827190.12,154907271.09,184569037.60,97.00,93.00
441.00,4.00,-1815803.56,-19363735.37,143103044.40,173145026.65,316248071.05,45.43,45.05,-19344264.86,-40994481.56,146846804.36,179772088.44,326618892.80,40.00,40.00,19818412.76,5410863.97,154508335.21,184331622.68,97.00,93.00
442.00,4.00,-762773.82,-18115960.40,143309052.27,173267626.16,316576678.43,45.43,45.05,-19043399.21,-40637974.43,146905663.75,179807116.88,326712780.63,40.00,40.00,21774039.43,7728160.36,154890921.26,184559307.48,97.00,93.00
443.00,4.00,-386293.80,-17669854.91,143382704.37,173311458.04,316694162.41,45.43,45.05,-19060113.97,-40657780.38,146902393.78,179805170.85,326707564.63,40.00,40.00,21707180.40,7648936.55,154877841.40,184551523.39,97.00,93.00
444.00,4.00,649225.25,-16442829.02,143585286.56,173432018.86,317017305.42,45.43,45.05,-17522356.25,-38835632.80,147203230.68,179984205.06,327187435.74,40.00,40.00,22927357.72,9094771.04,155116548.93,184693583.14,97.00,93.00
445.00,4.00,-772325.11,-18127278.08,143307183.72,173266514.15,316573697.87,45.43,45.05,-18775963.09,-40321079.20,146957983.21,179838253.26,326796236.47,40.00,40.00,20838012.99,6619027.04,154707803.15,184450330.14,97.00,93.00
446.00,4.00,-109306.38,-17341641.99,143436892.38,173343706.43,316780598.81,45.43,45.05,-18190946.57,-39627870.88,147072432.03,179906364.10,326978796.13,40.00,40.00,22141764.10,8163891.30,154962860.52,184602120.01,97.00,93.00
447.00,4.00,-1327891.82,-18785590.20,143198496.27,173201832.02,316400328.29,45.43,45.05,-18959825.43,-40538944.67,146922013.58,179816847.00,326738860.58,40.00,40.00,19550976.64,5093968.74,154456015.75,184300486.29,97.00,93.00
448.00,4.00,287868.10,-16871014.84,143514593.00,173389947.67,316904540.67,45.43,45.05,-16519470.78,-37647275.68,147399428.65,180100966.50,327500395.15,40.00,40.00,20921586.78,6718056.80,154724152.98,184460060.26,97.00,93.00
449.00,4.00,-716609.25,-18061258.24,143318083.61,173273000.89,316591084.50,45.43,45.05,-18124087.53,-39548647.07,147085511.89,179914148.20,326999660.09,40.00,40.00,20604006.38,6341743.72,154662023.62,184423085.80,97.00,93.00
450.00,4.00,1501677.90,-15432725.47,143752054.84,173531266.08,317283320.92,45.43,45.05,-17171346.34,-38419707.80,147271899.97,180025071.56,327296971.53,40.00,40.00,23161364.33,9372054.37,155162328.46,184720827.48,97.00,93.00
451.00,4.00,-833612.55,-18199899.91,143295193.84,173259378.73,316554572.57,45.43,45.05,-19394409.13,-41053899.42,146836994.46,179766250.37,326603244.83,40.00,40.00,21523318.06,7431071.08,154841871.77,184530117.12,97.00,93.00
452.00,4.00,-1923255.58,-19491059.35,143082023.19,173132516.50,316214539.69,45.43,45.05,-19528127.19,-41212347.04,146810834.73,179750682.18,326561516.91,40.00,40.00,18029933.67,3291627.11,154158448.83,184123398.11,97.00,93.00
453.00,4.00,-1101844.62,-18517738.28,143242718.67,173228149.67,316470868.34,45.43,45.05,-19594986.22,-41291570.84,146797754.87,179742898.08,326540652.95,40.00,40.00,20252996.47,5925818.72,154593354.33,184382219.30,97.00,93.00
454.00,4.00,-1870723.48,-19428812.07,143092300.22,173138632.57,316230932.79,45.43,45.05,-20062999.44,-41846137.50,146706195.81,179688409.41,326394605.22,40.00,40.00,20386714.53,6084266.34,154619514.06,184397787.49,97.00,93.00
455.00,4.00,-1675717.97,-19197742.63,143130449.83,173161336.18,316291786.01,45.43,45.05,-19528127.19,-41212347.04,146810834.73,179750682.18,326561516.91,40.00,40.00,18330799.32,3648134.24,154217308.22,184158426.54,97.00,93.00
456.00,4.00,-1242726.15,-18684674.16,143215157.53,173211747.47,316426905.00,45.43,45.05,-18508526.96,-40004183.96,147010302.67,179869389.64,326879692.31,40.00,40.00,20252996.47,5925818.72,154593354.33,184382219.30,97.00,93.00
457.00,4.00,-3004143.25,-20771844.24,142870565.37,173006673.61,315877238.98,45.43,45.05,-20664730.73,-42559151.77,146588477.03,179618352.55,326206829.58,40.00,40.00,18481232.14,3826387.81,154246737.91,184175940.76,97.00,93.00
458.00,4.00,-660097.45,-17994295.26,143329139.21,173279580.31,316608719.52,45.43,45.05,-19411123.89,-41073705.37,146833724.49,179764304.35,326598028.84,40.00,40.00,20888157.26,6678444.90,154717613.05,184456168.21,97.00,93.00
459.00,4.00,537793.53,-16574868.70,143563486.78,173419045.36,316982532.14,45.43,45.05,-16736762.63,-37904753.05,147356919.09,180075668.19,327432587.28,40.00,40.00,21723895.16,7668742.50,154881111.36,184553469.41,97.00,93.00
460.00,4.00,-524787.50,-17833961.36,143355610.36,173295333.84,316650944.20,45.43,45.05,-18608815.51,-40123019.68,146990682.87,179857713.50,326848396.37,40.00,40.00,21105449.12,6935922.28,154760122.61,184481466.52,97.00,93.00
461.00,4.00,-1639104.69,-19154358.16,143137612.61,173165598.90,316303211.51,45.43,45.05,-19661845.25,-41370794.65,146784675.00,179735113.99,326519788.99,40.00,40.00,20119278.40,5767371.11,154567194.60,184366651.11,97.00,93.00
462.00,4.00,-601993.77,-17925446.00,143340506.23,173286345.06,316626851.29,45.43,45.05,-19260691.07,-40895451.80,146863154.19,179781818.56,326644972.75,40.00,40.00,21640321.37,7569712.74,154864761.53,184543739.29,97.00,93.00
463.00,4.00,-1201337.23,-18635630.85,143223254.58,173216566.20,316439820.78,45.43,45.05,-19494697.68,-41172735.13,146817374.66,179754574.23,326571948.89,40.00,40.00,21606891.85,7530100.84,154858221.60,184539847.24,97.00,93.00
464.00,4.00,-969718.44,-18361176.94,143268566.97,173243532.53,316512099.50,45.43,45.05,-19026684.46,-40618168.48,146908933.72,179809062.90,326717996.62,40.00,40.00,20904872.02,6698250.85,154720883.02,184458114.24,97.00,93.00
465.00,4.00,-1327095.88,-18784647.06,143198651.98,173201924.68,316400576.66,45.43,45.05,-18508526.96,-40004183.96,147010302.67,179869389.64,326879692.31,40.00,40.00,20252996.47,5925818.72,154593354.33,184382219.30,97.00,93.00
466.00,4.00,-1081946.10,-18494159.76,143246611.49,173230466.37,316477077.86,45.43,45.05,-18307949.87,-39766512.54,147049542.26,179892741.93,326942284.19,40.00,40.00,20470288.32,6183296.10,154635863.89,184407517.61,97.00,93.00
467.00,4.00,-1042945.00,-18447945.88,143254241.41,173235007.09,316489248.50,45.43,45.05,-19444553.40,-41113317.28,146827184.56,179760412.30,326587596.86,40.00,40.00,20971731.05,6777474.66,154733962.88,184465898.33,97.00,93.00
468.00,4.00,-1213276.34,-18649777.96,143220918.89,173215176.18,316436095.07,45.43,45.05,-20263576.54,-42083808.92,146666956.22,179665057.12,326332013.34,40.00,40.00,21172308.15,7015146.08,154773202.48,184489250.62,97.00,93.00
469.00,4.00,-158654.71,-17400116.70,143427238.19,173337961.03,316765199.22,45.43,45.05,-18675674.54,-40202243.48,146977603.01,179849929.40,326827532.41,40.00,40.00,21623606.61,7549906.79,154861491.56,184541793.27,97.00,93.00
470.00,4.00,-2731931.48,-20449290.17,142923819.11,173038366.00,315962185.11,45.43,45.05,-20046284.69,-41826331.55,146709465.78,179690355.44,326399821.22,40.00,40.00,19032819.14,4479984.23,154354646.80,184240159.55,97.00,93.00
471.00,4.00,-670444.68,-18006556.09,143327114.94,173278375.63,316605490.57,45.43,45.05,-17990369.47,-39390199.45,147111671.62,179929716.39,327041388.01,40.00,40.00,20654150.66,6401161.57,154671833.52,184428923.88,97.00,93.00
472.00,4.00,-2125424.55,-19730617.05,143042472.17,173108978.87,316151451.04,45.43,45.05,-19310835.34,-40954869.66,146853344.29,179775980.49,326629324.78,40.00,40.00,18949245.36,4380954.47,154338296.97,184230429.43,97.00,93.00
473.00,4.00,-193676.11,-17441614.89,143420386.83,173333883.65,316754270.48,45.43,45.05,-18274520.35,-39726900.64,147056082.20,179896633.98,326952716.18,40.00,40.00,20938301.54,6737862.76,154727422.95,184462006.28,97.00,93.00
474.00,4.00,-1546775.55,-19044953.86,143155675.28,173176348.37,316332023.65,45.43,45.05,-19895851.86,-41648077.98,146738895.47,179707869.65,326446765.12,40.00,40.00,20604006.38,6341743.72,154662023.62,184423085.80,97.00,93.00
475.00,4.00,-810530.27,-18172548.83,143299709.51,173262066.09,316561775.60,45.43,45.05,-18809392.61,-40360691.10,146951443.28,179834361.21,326785804.49,40.00,40.00,21406314.76,7292429.41,154818982.00,184516494.96,97.00,93.00
476.00,4.00,-156266.89,-17397287.28,143427705.33,173338239.03,316765944.36,45.43,45.05,-18291235.11,-39746706.59,147052812.23,179894687.96,326947500.19,40.00,40.00,21807468.95,7767772.26,154897461.19,184563199.53,97.00,93.00
477.00,4.00,57045.26,-17144525.61,143469436.33,173363074.01,316832510.34,45.43,45.05,-17689503.83,-39033692.32,147170531.01,179964744.82,327135275.83,40.00,40.00,22141764.10,8163891.30,154962860.52,184602120.01,97.00,93.00
478.00,4.00,67392.49,-17132264.78,143471460.59,173364278.69,316835739.28,45.43,45.05,-18224376.08,-39667482.78,147065892.10,179902472.05,326968364.15,40.00,40.00,21205737.66,7054757.99,154779742.41,184493142.67,97.00,93.00
479.00,4.00,-1144825.43,-18568667.87,143234310.18,173223145.61,316457455.79,45.43,45.05,-19661845.25,-41370794.65,146784675.00,179735113.99,326519788.99,40.00,40.00,20604006.38,6341743.72,154662023.62,184423085.80,97.00,93.00
480.00,4.00,-595626.24,-17917900.88,143341751.93,173287086.40,316628838.33,45.43,45.05,-18374808.90,-39845736.35,147036462.40,179884957.84,326921420.24,40.00,40.00,20955016.30,6757668.71,154730692.92,184463952.31,97.00,93.00
481.00,4.00,-110898.26,-17343528.27,143436580.95,173343521.10,316780102.05,45.43,45.05,-18775963.09,-40321079.20,146957983.21,179838253.26,326796236.47,40.00,40.00,22058190.31,8064861.54,154946510.69,184592389.89,97.00,93.00
482.00,4.00,-510460.57,-17816984.83,143358413.19,173297001.86,316655415.05,45.43,45.05,-18341379.39,-39806124.44,147043002.33,179888849.88,326931852.21,40.00,40.00,21757324.67,7708354.40,154887651.29,184557361.46,97.00,93.00
483.00,4.00,-929921.40,-18314019.92,143276352.61,173248165.92,316524518.53,45.43,45.05,-18107372.78,-39528841.12,147088781.86,179916094.22,327004876.08,40.00,40.00,20252996.47,5925818.72,154593354.33,184382219.30,97.00,93.00
484.00,4.00,-1585776.66,-19091167.75,143148045.36,173171807.65,316319853.01,45.43,45.05,-18775963.09,-40321079.20,146957983.21,179838253.26,326796236.47,40.00,40.00,20069134.13,5707953.25,154557384.71,184360813.04,97.00,93.00
485.00,4.00,876864.33,-16173090.82,143629820.38,173458521.85,317088342.23,45.43,45.05,-17238205.37,-38498931.61,147258820.10,180017287.47,327276107.57,40.00,40.00,22392485.47,8460980.58,155011910.01,184631310.37,97.00,93.00
486.00,4.00,501976.19,-16617310.03,143556479.71,173414875.31,316971355.02,45.43,45.05,-17605930.04,-38934662.56,147186880.85,179974474.94,327161355.79,40.00,40.00,22342341.20,8401562.72,155002100.11,184625472.30,97.00,93.00
487.00,4.00,209865.90,-16963442.62,143499333.16,173380866.22,316880199.38,45.43,45.05,-17221490.61,-38479125.66,147262090.07,180019233.49,327281323.56,40.00,40.00,21356170.48,7233011.56,154809172.10,184510656.88,97.00,93.00
488.00,4.00,-442805.60,-17736817.89,143371648.77,173304878.62,316676527.39,45.43,45.05,-16937339.73,-38142424.48,147317679.49,180052315.90,327369995.39,40.00,40.00,20620721.14,6361549.67,154665293.59,184425031.83,97.00,93.00
489.00,4.00,-619504.46,-17946195.09,143337080.55,173284306.37,316621386.92,45.43,45.05,-19360979.61,-41014287.52,146843534.39,179770142.42,326613676.81,40.00,40.00,21272596.70,7133981.80,154792822.27,184500926.76,97.00,93.00
490.00,4.00,-1996482.13,-19577828.28,143067697.62,173123991.06,316191688.68,45.43,45.05,-20330435.57,-42163032.73,146653876.35,179657273.03,326311149.38,40.00,40.00,19250111.00,4737461.60,154397156.36,184265457.86,97.00,93.00
491.00,4.00,-1476732.76,-18961957.49,143169378.00,173184503.14,316353881.14,45.43,45.05,-19795563.32,-41529242.27,146758515.27,179719545.80,326478061.07,40.00,40.00,20804583.48,6579415.14,154701263.22,184446438.09,97.00,93.00
492.00,4.00,-432458.36,-17724557.06,143373673.03,173306083.30,316679756.33,45.43,45.05,-18140802.29,-39568453.02,147082241.93,179912202.17,326994444.10,40.00,40.00,21088734.36,6916116.32,154756852.64,184479520.50,97.00,93.00
493.00,4.00,-473847.29,-17773600.37,143365575.97,173301264.58,316666840.55,45.43,45.05,-18642245.03,-40162631.58,146984142.94,179853821.45,326837964.39,40.00,40.00,21289311.45,7153787.75,154796092.24,184502872.79,97.00,93.00
494.00,4.00,57045.26,-17144525.61,143469436.33,173363074.01,316832510.34,45.43,45.05,-18525241.72,-40023989.92,147007032.70,179867443.62,326874476.32,40.00,40.00,21205737.66,7054757.99,154779742.41,184493142.67,97.00,93.00
495.00,4.00,-953799.62,-18342314.13,143271681.23,173245385.89,316517067.12,45.43,45.05,-19594986.22,-41291570.84,146797754.87,179742898.08,326540652.95,40.00,40.00,20838012.99,6619027.04,154707803.15,184450330.14,97.00,93.00
496.00,4.00,288664.04,-16870071.70,143514748.72,173390040.34,316904789.06,45.43,45.05,-17405352.95,-38696991.13,147226120.44,179997827.23,327223947.67,40.00,40.00,22526203.53,8619428.20,155038069.74,184646878.56,97.00,93.00
497.00,4.00,-494541.75,-17798122.02,143361527.44,173298855.21,316660382.65,45.43,45.05,-17923510.44,-39310975.64,147124751.49,179937500.48,327062251.97,40.00,40.00,20771153.96,6539803.24,154694723.29,184442546.04,97.00,93.00
498.00,4.00,-215166.51,-17467079.68,143416182.59,173331381.61,316747564.20,45.43,45.05,-18926395.91,-40499332.76,146928553.51,179820739.04,326749292.55,40.00,40.00,21757324.67,7708354.40,154887651.29,184557361.46,97.00,93.00
499.00,4.00,419994.28,-16714453.51,143540441.31,173405330.53,316945771.84,45.43,45.05,-17522356.25,-38835632.80,147203230.68,179984205.06,327187435.74,40.00,40.00,22125049.35,8144085.35,154959590.55,184600173.99,97.00,93.00
500.00,4.00,-1854008.72,-19409006.12,143095570.19,173140578.59,316236148.78,45.43,45.05,-20062999.44,-41846137.50,146706195.81,179688409.41,326394605.22,40.00,40.00,20119278.40,5767371.11,154567194.60,184366651.11,97.00,93.00
501.00,5.00,12289860.17,-2649398.16,145862584.46,174787285.57,320649870.03,54.48,54.10,8385518.40,-8136407.20,152271678.32,183000542.26,335272220.58,50.00,50.00,19350399.54,4856297.32,154416776.16,184277134.00,97.00,93.00
502.00,5.00,14715091.94,224351.16,146337040.99,175069644.39,321406685.38,54.48,54.10,10892732.08,-5165514.40,152762173.25,183292445.86,336054619.11,50.00,50.00,22542918.29,8639234.15,155041339.71,184648824.59,97.00,93.00
503.00,5.00,13332542.69,-1413884.02,146066568.07,174908680.40,320975248.47,54.48,54.10,10140567.97,-6056782.24,152615024.77,183204874.78,335819899.55,50.00,50.00,20386714.53,6084266.34,154619514.06,184397787.49,97.00,93.00
504.00,5.00,14325080.93,-237787.72,146260741.78,175024237.16,321284978.94,54.48,54.10,11494463.36,-4452500.12,152879892.03,183362502.72,336242394.75,50.00,50.00,20854727.75,6638833.00,154711073.12,184452276.16,97.00,93.00
505.00,5.00,12177632.51,-2782380.99,145840628.97,174774219.41,320614848.38,54.48,54.10,8452377.43,-8057183.39,152284758.18,183008326.36,335293084.54,50.00,50.00,20018989.86,5648535.40,154547574.81,184354974.96,97.00,93.00
506.00,5.00,13627836.74,-1063978.86,146124337.47,174943060.16,321067397.63,54.48,54.10,10491577.89,-5640857.24,152683694.06,183245741.28,335929435.34,50.00,50.00,20537147.35,6262519.91,154648943.76,184415301.71,97.00,93.00
507.00,5.00,14763644.33,281882.73,146346539.46,175075297.12,321421836.58,54.48,54.10,11745184.73,-4155410.84,152928941.53,183391693.08,336320634.61,50.00,50.00,21807468.95,7767772.26,154897461.19,184563199.53,97.00,93.00
508.00,5.00,13833985.42,-819705.46,146164667.06,174967061.12,321131728.18,54.48,54.10,11327315.78,-4650559.64,152847192.37,183343042.48,336190234.85,50.00,50.00,20487003.08,6203102.05,154639133.86,184409463.64,97.00,93.00
509.00,5.00,13677981.02,-1004561.01,146134147.37,174948898.23,321083045.60,54.48,54.10,10307715.55,-5858722.72,152647724.43,183224335.02,335872059.45,50.00,50.00,20670865.41,6420967.52,154675103.49,184430869.90,97.00,93.00
510.00,5.00,13830005.72,-824421.16,146163888.49,174966597.78,321130486.27,54.48,54.10,10408004.10,-5739887.00,152667344.23,183236011.16,335903355.39,50.00,50.00,20754439.20,6519997.28,154691453.32,184440600.02,97.00,93.00
511.00,5.00,13731309.05,-941370.59,146144580.12,174955106.97,321099687.09,54.48,54.10,10876017.32,-5185320.35,152758903.28,183290499.84,336049403.12,50.00,50.00,20888157.26,6678444.90,154717613.05,184456168.21,97.00,93.00
512.00,5.00,12085303.38,-2891785.29,145822566.30,174763469.94,320586036.24,54.48,54.10,9254685.81,-7106497.69,152441716.56,183101735.51,335543452.07,50.00,50.00,19751553.73,5331640.16,154495255.35,184323838.58,97.00,93.00
513.00,5.00,12910694.04,-1913748.52,145984040.35,174859566.46,320843606.81,54.48,54.10,9722699.03,-6551931.04,152533275.62,183156224.18,335689499.80,50.00,50.00,19116392.93,4579013.99,154370996.63,184249889.67,97.00,93.00
514.00,5.00,13841148.89,-811217.19,146166068.47,174967895.13,321133963.60,54.48,54.10,10090423.70,-6116200.09,152605214.87,183199036.71,335804251.58,50.00,50.00,21757324.67,7708354.40,154887651.29,184557361.46,97.00,93.00
515.00,5.00,13744044.11,-926280.34,146147071.52,174956589.66,321103661.18,54.48,54.10,9588980.97,-6710378.65,152507115.89,183140655.99,335647771.88,50.00,50.00,20921586.78,6718056.80,154724152.98,184460060.26,97.00,93.00
516.00,5.00,13599182.87,-1097931.92,146118731.82,174939724.12,321058455.94,54.48,54.10,10491577.89,-5640857.24,152683694.06,183245741.28,335929435.34,50.00,50.00,20838012.99,6619027.04,154707803.15,184450330.14,97.00,93.00
517.00,5.00,14633110.03,127207.68,146321002.58,175060099.60,321381102.18,54.48,54.10,11394174.81,-4571335.84,152860272.24,183350826.58,336211098.82,50.00,50.00,21406314.76,7292429.41,154818982.00,184516494.96,97.00,93.00
518.00,5.00,13973275.07,-654655.86,146191916.77,174983277.99,321175194.76,54.48,54.10,9789558.06,-6472707.23,152546355.48,183164008.28,335710363.76,50.00,50.00,21540032.82,7450877.03,154845141.73,184532063.15,97.00,93.00
519.00,5.00,12659176.73,-2211780.94,145934835.14,174830283.43,320765118.57,54.48,54.10,9622410.48,-6670766.75,152513655.82,183144548.04,335658203.86,50.00,50.00,20654150.66,6401161.57,154671833.52,184428923.88,97.00,93.00
520.00,5.00,13941437.44,-692381.48,146185688.27,174979571.27,321165259.54,54.48,54.10,10173997.49,-6017170.33,152621564.70,183208766.83,335830331.53,50.00,50.00,20804583.48,6579415.14,154701263.22,184446438.09,97.00,93.00
521.00,5.00,13975662.89,-651826.43,146192383.91,174983555.99,321175939.90,54.48,54.10,11845473.27,-4036575.13,152948561.33,183403369.23,336351930.56,50.00,50.00,20637435.90,6381355.62,154668563.56,184426977.85,97.00,93.00
522.00,5.00,13508445.61,-1205449.95,146100980.57,174929159.99,321030140.56,54.48,54.10,10742299.26,-5343767.96,152732743.55,183274931.64,336007675.19,50.00,50.00,21021875.33,6836892.52,154743772.78,184471736.40,97.00,93.00
523.00,5.00,14618783.10,110231.15,146318199.76,175058431.58,321376631.34,54.48,54.10,11043164.90,-4987260.83,152791602.95,183309960.08,336101563.03,50.00,50.00,21439744.27,7332041.32,154825521.94,184520387.00,97.00,93.00
524.00,5.00,13545058.89,-1162065.48,146108143.35,174933422.71,321041566.06,54.48,54.10,10775728.77,-5304156.06,152739283.49,183278823.69,336018107.18,50.00,50.00,20604006.38,6341743.72,154662023.62,184423085.80,97.00,93.00
525.00,5.00,15063714.03,637446.73,146405243.14,175110232.89,321515476.03,54.48,54.10,11193597.72,-4809007.26,152821032.64,183327474.29,336148506.93,50.00,50.00,22158478.86,8183697.25,154966130.48,184604066.04,97.00,93.00
526.00,5.00,14563067.24,44211.31,146307299.87,175051944.83,321359244.70,54.48,54.10,10942876.35,-5106096.54,152771983.15,183298283.93,336070267.08,50.00,50.00,21506603.30,7411265.12,154838601.80,184528171.10,97.00,93.00
527.00,5.00,15316823.22,937365.43,146454759.77,175139701.25,321594461.02,54.48,54.10,12163053.67,-3660262.04,153010690.68,183440343.68,336451034.36,50.00,50.00,21740609.91,7688548.45,154884381.33,184555415.44,97.00,93.00
528.00,5.00,13982826.36,-643338.17,146193785.33,174984390.00,321178175.33,54.48,54.10,9104252.99,-7284751.26,152412286.87,183084221.29,335496508.16,50.00,50.00,22459344.50,8540204.39,155024989.88,184639094.47,97.00,93.00
529.00,5.00,13772697.98,-892327.28,146152677.18,174959925.70,321112602.88,54.48,54.10,10324430.31,-5838916.76,152650994.40,183226281.04,335877275.44,50.00,50.00,21105449.12,6935922.28,154760122.61,184481466.52,97.00,93.00
530.00,5.00,12540581.54,-2352308.88,145911633.96,174816475.93,320728109.89,54.48,54.10,9538836.69,-6769796.51,152497305.99,183134817.92,335632123.91,50.00,50.00,19450688.09,4975133.03,154436395.96,184288810.15,97.00,93.00
531.00,5.00,12873284.82,-1958076.13,145976721.85,174855211.07,320831932.92,54.48,54.10,9120967.75,-7264945.31,152415556.83,183086167.32,335501724.15,50.00,50.00,21155593.39,6995340.13,154769932.51,184487304.60,97.00,93.00
532.00,5.00,13631816.45,-1059263.16,146125116.04,174943523.50,321068639.54,54.48,54.10,10692154.98,-5403185.82,152722933.66,183269093.57,335992027.23,50.00,50.00,20470288.32,6183296.10,154635863.89,184407517.61,97.00,93.00
533.00,5.00,12570827.29,-2316469.54,145917551.04,174819997.31,320737548.35,54.48,54.10,9806272.82,-6452901.28,152549625.45,183165954.30,335715579.75,50.00,50.00,18965960.11,4400760.42,154341566.94,184232375.45,97.00,93.00
534.00,5.00,13658082.49,-1028139.52,146130254.55,174946581.53,321076836.08,54.48,54.10,10541722.16,-5581439.39,152693503.96,183251579.36,335945083.32,50.00,50.00,20219566.95,5886206.82,154586814.40,184378327.25,97.00,93.00
535.00,5.00,14494616.33,-36898.78,146293908.58,175043975.40,321337883.98,54.48,54.10,10825873.05,-5244738.20,152749093.39,183284661.76,336033755.15,50.00,50.00,21941187.01,7926219.88,154923620.92,184578767.72,97.00,93.00
536.00,5.00,14182607.51,-406609.89,146232869.21,175007649.62,321240518.83,54.48,54.10,10608581.19,-5502215.58,152706583.83,183259363.45,335965947.28,50.00,50.00,22542918.29,8639234.15,155041339.71,184648824.59,97.00,93.00
537.00,5.00,13542671.07,-1164894.91,146107676.22,174933144.70,321040820.92,54.48,54.10,10775728.77,-5304156.06,152739283.49,183278823.69,336018107.18,50.00,50.00,20152707.92,5806983.01,154573734.54,184370543.16,97.00,93.00
538.00,5.00,13065106.56,-1730779.25,146014248.61,174877544.02,320891792.63,54.48,54.10,9572266.21,-6730184.60,152503845.92,183138709.96,335642555.88,50.00,50.00,20955016.30,6757668.71,154730692.92,184463952.31,97.00,93.00
539.00,5.00,12705341.30,-2157078.79,145943866.48,174835658.17,320779524.65,54.48,54.10,9070823.47,-7324363.16,152405746.93,183080329.24,335486076.17,50.00,50.00,19383829.06,4895909.22,154423316.09,184281026.05,97.00,93.00
540.00,5.00,13826026.01,-829136.86,146163109.93,174966134.44,321129244.37,54.48,54.10,10107138.46,-6096394.14,152608484.84,183200982.73,335809467.57,50.00,50.00,21138878.63,6975534.18,154766662.54,184485358.57,97.00,93.00
541.00,5.00,14277324.48,-294376.16,146251399.02,175018677.09,321270076.11,54.48,54.10,11327315.78,-4650559.64,152847192.37,183343042.48,336190234.85,50.00,50.00,21389600.00,7272623.46,154815712.04,184514548.93,97.00,93.00
542.00,5.00,12611420.28,-2268369.37,145925492.38,174824723.36,320750215.74,54.48,54.10,8886961.14,-7542228.64,152369777.30,183058922.98,335428700.28,50.00,50.00,19316970.03,4816685.41,154410236.23,184273241.96,97.00,93.00
543.00,5.00,13800555.91,-859317.36,146158127.12,174963169.07,321121296.19,54.48,54.10,10541722.16,-5581439.39,152693503.96,183251579.36,335945083.32,50.00,50.00,20553862.11,6282325.86,154652213.73,184417247.73,97.00,93.00
544.00,5.00,13322195.46,-1426144.84,146064543.80,174907475.72,320972019.52,54.48,54.10,9405118.63,-6928244.12,152471146.26,183119249.72,335590395.98,50.00,50.00,20119278.40,5767371.11,154567194.60,184366651.11,97.00,93.00
545.00,5.00,13719369.94,-955517.70,146142244.43,174953716.96,321095961.39,54.48,54.10,10993020.62,-5046678.68,152781793.05,183304122.00,336085915.05,50.00,50.00,20654150.66,6401161.57,154671833.52,184428923.88,97.00,93.00
546.00,5.00,12667932.08,-2201406.39,145936547.98,174831302.78,320767850.76,54.48,54.10,10090423.70,-6116200.09,152605214.87,183199036.71,335804251.58,50.00,50.00,19768268.49,5351446.12,154498525.31,184325784.60,97.00,93.00
547.00,5.00,13883333.75,-761230.74,146174321.24,174972806.52,321147127.76,54.48,54.10,10357859.83,-5799304.86,152657534.33,183230173.09,335887707.42,50.00,50.00,20637435.90,6381355.62,154668563.56,184426977.85,97.00,93.00
548.00,5.00,13578488.41,-1122453.58,146114683.29,174937314.75,321051998.04,54.48,54.10,9605695.72,-6690572.70,152510385.85,183142602.01,335652987.86,50.00,50.00,21088734.36,6916116.32,154756852.64,184479520.50,97.00,93.00
549.00,5.00,12336024.74,-2594696.01,145871615.80,174792660.30,320664276.10,54.48,54.10,8836816.86,-7601646.49,152359967.41,183053084.91,335413052.32,50.00,50.00,19601120.91,5153386.60,154465825.65,184306324.36,97.00,93.00
550.00,5.00,14544760.60,22519.07,146303718.48,175049813.47,321353531.95,54.48,54.10,11076594.41,-4947648.92,152798142.88,183313852.12,336111995.00,50.00,50.00,22559633.05,8659040.10,155044609.67,184650770.61,97.00,93.00
551.00,5.00,12402087.83,-2516415.34,145884539.95,174800351.73,320684891.68,54.48,54.10,9254685.81,-7106497.69,152441716.56,183101735.51,335543452.07,50.00,50.00,19517547.12,5054356.84,154449475.82,184296594.24,97.00,93.00
552.00,5.00,13327767.04,-1419542.86,146065633.79,174908124.39,320973758.18,54.48,54.10,10424718.86,-5720081.05,152670614.20,183237957.19,335908571.39,50.00,50.00,20487003.08,6203102.05,154639133.86,184409463.64,97.00,93.00
553.00,5.00,12828712.13,-2010892.00,145968001.94,174850021.68,320818023.62,54.48,54.10,10642010.71,-5462603.68,152713123.76,183263255.50,335976379.26,50.00,50.00,18899101.08,4321536.61,154328487.07,184224591.36,97.00,93.00
554.00,5.00,13209171.86,-1560070.80,146042432.60,174894316.89,320936749.49,54.48,54.10,9956705.64,-6274647.71,152579055.14,183183468.52,335762523.66,50.00,50.00,19400543.82,4915715.17,154426586.06,184282972.08,97.00,93.00
555.00,5.00,13143904.71,-1637408.33,146029664.16,174886718.13,320916382.29,54.48,54.10,10842587.80,-5224932.25,152752363.35,183286607.79,336038971.14,50.00,50.00,20119278.40,5767371.11,154567194.60,184366651.11,97.00,93.00
556.00,5.00,13537895.43,-1170553.75,146106741.94,174932588.70,321039330.64,54.48,54.10,10190712.25,-5997364.38,152624834.67,183210712.85,335835547.52,50.00,50.00,20553862.11,6282325.86,154652213.73,184417247.73,97.00,93.00
557.00,5.00,13102515.78,-1686451.64,146021567.11,174881899.40,320903466.51,54.48,54.10,9622410.48,-6670766.75,152513655.82,183144548.04,335658203.86,50.00,50.00,19851842.28,5450475.88,154514875.14,184335514.72,97.00,93.00
558.00,5.00,12093262.78,-2882353.89,145824123.43,174764396.62,320588520.05,54.48,54.10,8402233.16,-8116601.24,152274948.28,183002488.28,335277436.56,50.00,50.00,18564805.93,3925417.57,154263087.75,184185670.88,97.00,93.00
559.00,5.00,13519588.79,-1192245.98,146103160.55,174930457.34,321033617.89,54.48,54.10,9705984.27,-6571736.99,152530005.65,183154278.16,335684283.81,50.00,50.00,20787868.72,6559609.19,154697993.25,184444492.07,97.00,93.00
560.00,5.00,13291949.70,-1461984.19,146058626.72,174903954.34,320962581.06,54.48,54.10,9405118.63,-6928244.12,152471146.26,183119249.72,335590395.98,50.00,50.00,21356170.48,7233011.56,154809172.10,184510656.88,97.00,93.00
561.00,5.00,14513718.91,-14263.41,146297645.68,175046199.43,321343845.11,54.48,54.10,11678325.70,-4234634.65,152915861.66,183383908.99,336299770.65,50.00,50.00,21957901.77,7946025.83,154926890.89,184580713.75,97.00,93.00
562.00,5.00,15517400.32,1175036.85,146493999.37,175163053.54,321657052.91,54.48,54.10,12213197.95,-3600844.19,153020500.58,183446181.76,336466682.34,50.00,50.00,22927357.72,9094771.04,155116548.93,184693583.14,97.00,93.00
563.00,5.00,13940641.50,-693324.62,146185532.55,174979478.61,321165011.16,54.48,54.10,10775728.77,-5304156.06,152739283.49,183278823.69,336018107.18,50.00,50.00,20971731.05,6777474.66,154733962.88,184465898.33,97.00,93.00
564.00,5.00,14188975.04,-399064.76,146234114.91,175008390.96,321242505.87,54.48,54.10,9923276.12,-6314259.61,152572515.21,183179576.47,335752091.68,50.00,50.00,21506603.30,7411265.12,154838601.80,184528171.10,97.00,93.00
565.00,5.00,13525956.31,-1184700.86,146104406.25,174931198.68,321035604.93,54.48,54.10,10508292.65,-5621051.29,152686964.03,183247687.31,335934651.34,50.00,50.00,20119278.40,5767371.11,154567194.60,184366651.11,97.00,93.00
566.00,5.00,15959147.49,1698479.87,146580419.90,175214484.17,321794904.07,54.48,54.10,12330201.25,-3462202.52,153043390.35,183459803.92,336503194.27,50.00,50.00,23395370.94,9649337.70,155208107.98,184748071.81,97.00,93.00
567.00,5.00,14149973.94,-445278.65,146226484.99,175003850.24,321230335.23,54.48,54.10,10591866.44,-5522021.53,152703313.86,183257417.43,335960731.29,50.00,50.00,20988445.81,6797280.61,154737232.85,184467844.36,97.00,93.00
568.00,5.00,11487551.80,-3600083.86,145705626.08,174693876.42,320399502.50,54.48,54.10,8485806.95,-8017571.48,152291298.12,183012218.40,335303516.52,50.00,50.00,18314084.56,3628328.29,154214038.25,184156480.52,97.00,93.00
569.00,5.00,12554112.54,-2336275.49,145914281.07,174818051.28,320732332.35,54.48,54.10,9037393.96,-7363975.07,152399207.00,183076437.20,335475644.20,50.00,50.00,19300255.27,4796879.46,154406966.26,184271295.93,97.00,93.00
570.00,5.00,13452729.76,-1271469.79,146090080.68,174922673.24,321012753.92,54.48,54.10,10842587.80,-5224932.25,152752363.35,183286607.79,336038971.14,50.00,50.00,20553862.11,6282325.86,154652213.73,184417247.73,97.00,93.00
571.00,5.00,13458301.34,-1264867.81,146091170.67,174923321.91,321014492.58,54.48,54.10,10558436.92,-5561633.44,152696773.93,183253525.38,335950299.31,50.00,50.00,20119278.40,5767371.11,154567194.60,184366651.11,97.00,93.00
572.00,5.00,13576100.59,-1125283.00,146114216.15,174937036.75,321051252.90,54.48,54.10,10056994.18,-6155812.00,152598674.94,183195144.66,335793819.60,50.00,50.00,20453573.56,6163490.15,154632593.93,184405571.59,97.00,93.00
573.00,5.00,13848312.36,-802728.93,146167469.88,174968729.14,321136199.02,54.48,54.10,11293886.26,-4690171.55,152840652.44,183339150.44,336179802.88,50.00,50.00,20637435.90,6381355.62,154668563.56,184426977.85,97.00,93.00
574.00,5.00,13522772.55,-1188473.42,146103783.40,174930828.01,321034611.41,54.48,54.10,10742299.26,-5343767.96,152732743.55,183274931.64,336007675.19,50.00,50.00,20202852.19,5866400.87,154583544.44,184376381.23,97.00,93.00
575.00,5.00,13162211.34,-1615716.10,146033245.56,174888849.49,320922095.05,54.48,54.10,10056994.18,-6155812.00,152598674.94,183195144.66,335793819.60,50.00,50.00,19952130.83,5569311.59,154534494.94,184347190.87,97.00,93.00
576.00,5.00,14456411.17,-82169.53,146286434.37,175039527.35,321325961.72,54.48,54.10,11845473.27,-4036575.13,152948561.33,183403369.23,336351930.56,50.00,50.00,21356170.48,7233011.56,154809172.10,184510656.88,97.00,93.00
577.00,5.00,15302496.29,920388.90,146451956.95,175138033.23,321589990.18,54.48,54.10,11778614.24,-4115798.94,152935481.46,183395585.13,336331066.59,50.00,50.00,22191908.38,8223309.16,154972670.42,184607958.08,97.00,93.00
578.00,5.00,12499988.56,-2400409.05,145903692.61,174811749.87,320715442.48,54.48,54.10,8853531.62,-7581840.54,152363237.37,183055030.93,335418268.30,50.00,50.00,19634550.43,5192998.50,154472365.58,184310216.41,97.00,93.00
579.00,5.00,12493621.03,-2407954.18,145902446.91,174811008.53,320713455.44,54.48,54.10,9003964.44,-7403586.97,152392667.07,183072545.15,335465212.22,50.00,50.00,20286425.98,5965430.63,154599894.27,184386111.35,97.00,93.00
580.00,5.00,10864330.11,-4338562.93,145583703.06,174621317.52,320205020.58,54.48,54.10,8168226.55,-8393884.57,152229168.76,182975243.95,335204412.71,50.00,50.00,16809756.35,1845792.61,153919741.29,183981338.36,97.00,93.00
581.00,5.00,14368857.67,-185914.99,146269305.97,175029333.89,321298639.86,54.48,54.10,11126738.69,-4888231.07,152807952.78,183319690.20,336127642.98,50.00,50.00,21690465.64,7629130.60,154874571.43,184549577.36,97.00,93.00
582.00,5.00,12522274.90,-2374001.12,145908052.56,174814344.57,320722397.13,54.48,54.10,9003964.44,-7403586.97,152392667.07,183072545.15,335465212.22,50.00,50.00,20135993.16,5787177.06,154570464.57,184368597.13,97.00,93.00
583.00,5.00,14040930.04,-574488.91,146205152.35,174991154.75,321196307.10,54.48,54.10,11143453.44,-4868425.12,152811222.74,183321636.22,336132858.96,50.00,50.00,20670865.41,6420967.52,154675103.49,184430869.90,97.00,93.00
584.00,5.00,11883134.40,-3131343.00,145783015.28,174739932.32,320522947.60,54.48,54.10,9388403.87,-6948050.08,152467876.29,183117303.70,335585179.99,50.00,50.00,19166537.21,4638431.84,154380806.53,184255727.74,97.00,93.00
585.00,5.00,12141815.18,-2824822.31,145833621.90,174770049.36,320603671.26,54.48,54.10,9455262.90,-6868826.27,152480956.16,183125087.80,335606043.96,50.00,50.00,19133107.69,4598819.94,154374266.60,184251835.69,97.00,93.00
586.00,5.00,12509539.85,-2389091.37,145905561.16,174812861.89,320718423.05,54.48,54.10,9705984.27,-6571736.99,152530005.65,183154278.16,335684283.81,50.00,50.00,19216681.48,4697849.70,154390616.43,184261565.81,97.00,93.00
587.00,5.00,13152660.05,-1627033.79,146031377.00,174887737.48,320919114.48,54.48,54.10,9756128.54,-6512319.13,152539815.55,183160116.23,335699931.78,50.00,50.00,20002275.10,5628729.44,154544304.84,184353028.94,97.00,93.00
588.00,5.00,13176538.28,-1598739.57,146036048.38,174890517.51,320926565.89,54.48,54.10,9956705.64,-6274647.71,152579055.14,183183468.52,335762523.66,50.00,50.00,20386714.53,6084266.34,154619514.06,184397787.49,97.00,93.00
589.00,5.00,13510037.50,-1203563.67,146101292.00,174929345.32,321030637.32,54.48,54.10,9689269.51,-6591542.94,152526735.68,183152332.13,335679067.81,50.00,50.00,20620721.14,6361549.67,154665293.59,184425031.83,97.00,93.00
590.00,5.00,13907211.98,-732936.52,146178992.62,174975586.56,321154579.18,54.48,54.10,10474863.13,-5660663.20,152680424.10,183243795.26,335924219.36,50.00,50.00,21322740.97,7193399.65,154802632.17,184506764.84,97.00,93.00
591.00,5.00,12557296.30,-2332502.93,145914903.92,174818421.95,320733325.87,54.48,54.10,9254685.81,-7106497.69,152441716.56,183101735.51,335543452.07,50.00,50.00,19567691.40,5113774.69,154459285.72,184302432.32,97.00,93.00
592.00,5.00,13824434.13,-831023.14,146162798.50,174965949.11,321128747.61,54.48,54.10,11143453.44,-4868425.12,152811222.74,183321636.22,336132858.96,50.00,50.00,21021875.33,6836892.52,154743772.78,184471736.40,97.00,93.00
593.00,5.00,13205988.09,-1563843.37,146041809.75,174893946.22,320935755.97,54.48,54.10,9990135.15,-6235035.80,152585595.07,183187360.56,335772955.63,50.00,50.00,20604006.38,6341743.72,154662023.62,184423085.80,97.00,93.00
594.00,5.00,13696287.66,-982868.77,146137728.76,174951029.59,321088758.35,54.48,54.10,10408004.10,-5739887.00,152667344.23,183236011.16,335903355.39,50.00,50.00,21306026.21,7173593.70,154799362.21,184504818.81,97.00,93.00
595.00,5.00,11228871.02,-3906604.55,145655019.46,174663759.38,320318778.84,54.48,54.10,7265629.63,-9463405.98,152052590.58,182870158.65,334922749.23,50.00,50.00,18798812.53,4202700.90,154308867.27,184212915.21,97.00,93.00
596.00,5.00,12346371.97,-2582435.18,145873640.06,174793864.98,320667505.04,54.48,54.10,9120967.75,-7264945.31,152415556.83,183086167.32,335501724.15,50.00,50.00,19116392.93,4579013.99,154370996.63,184249889.67,97.00,93.00
597.00,5.00,14391144.02,-159507.06,146273665.93,175031928.59,321305594.52,54.48,54.10,10959591.11,-5086290.59,152775253.12,183300229.96,336075483.08,50.00,50.00,21857613.22,7827190.12,154907271.09,184569037.60,97.00,93.00
598.00,5.00,12464967.16,-2441907.24,145896841.25,174807672.49,320704513.74,54.48,54.10,9421833.39,-6908438.17,152474416.22,183121195.75,335595611.97,50.00,50.00,18531376.41,3885805.67,154256547.81,184181778.83,97.00,93.00
599.00,5.00,13176538.28,-1598739.57,146036048.38,174890517.51,320926565.89,54.48,54.10,9421833.39,-6908438.17,152474416.22,183121195.75,335595611.97,50.00,50.00,20470288.32,6183296.10,154635863.89,184407517.61,97.00,93.00
600.00,5.00,13557793.95,-1146975.23,146110634.76,174934905.39,321045540.15,54.48,54.10,10040279.43,-6175617.95,152595404.97,183193198.64,335788603.61,50.00,50.00,21222452.42,7074563.94,154783012.37,184495088.69,97.00,93.00
601.00,6.00,14251058.43,-325499.80,146246260.50,175015619.05,321261879.55,54.95,54.57,11377460.05,-4591141.79,152857002.27,183348880.56,336205882.83,50.00,50.00,19500832.36,5034550.88,154446205.85,184294648.22,97.00,93.00
602.00,6.00,16587144.82,2442617.78,146703277.21,175287599.07,321990876.28,55.43,55.05,13165939.14,-2471904.92,153206888.66,183557105.12,336763993.78,50.00,50.00,20604006.38,6341743.72,154662023.62,184423085.80,97.00,93.00
603.00,6.00,16302198.00,2104973.46,146647532.07,175254424.00,321901956.07,55.90,55.05,13567093.33,-1996562.08,153285367.85,183603809.70,336889177.55,50.00,50.00,20587291.62,6321937.76,154658753.66,184421139.78,97.00,93.00
604.00,6.00,17258122.96,3237685.28,146834542.99,175365718.04,322200261.03,55.43,54.57,13684096.64,-1857920.41,153308257.61,183617431.87,336925689.48,50.00,50.00,22208623.13,8243115.11,154975940.38,184609904.11,97.00,93.00
605.00,6.00,17580479.00,3619657.21,146897606.63,175403248.50,322300855.13,56.38,54.57,14553264.04,-828010.91,153478295.85,183718625.12,337196920.97,50.00,50.00,21657036.13,7589518.69,154868031.50,184545685.32,97.00,93.00
606.00,6.00,16182806.87,1963502.37,146624175.17,175240523.83,321864699.00,55.90,54.57,12413775.04,-3363172.76,153059740.18,183469534.04,336529274.22,50.00,50.00,20971731.05,6777474.66,154733962.88,184465898.33,97.00,93.00
607.00,6.00,14828911.48,359220.26,146359307.90,175082895.88,321442203.78,54.95,55.05,11979191.34,-3878127.52,152974721.06,183418937.42,336393658.48,50.00,50.00,20002275.10,5628729.44,154544304.84,184353028.94,97.00,93.00
608.00,6.00,17422882.71,3432915.38,146866775.52,175384900.27,322251675.79,56.86,54.57,14971132.99,-332862.11,153560045.01,183767275.72,337327320.73,50.00,50.00,20871442.51,6658638.95,154714343.08,184454222.19,97.00,93.00
609.00,6.00,17366370.91,3365952.40,146855719.92,175378320.86,322234040.78,55.90,54.57,14269113.16,-1164712.09,153422706.43,183685542.71,337108249.14,50.00,50.00,21840898.46,7807384.16,154904001.12,184567091.58,97.00,93.00
610.00,6.00,14401491.25,-147246.23,146275690.19,175033133.27,321308823.46,55.43,54.57,11076594.41,-4947648.92,152798142.88,183313852.12,336111995.00,50.00,50.00,19166537.21,4638431.84,154380806.53,184255727.74,97.00,93.00
611.00,6.00,17589234.35,3630031.76,146899319.47,175404267.85,322303587.32,55.90,55.05,14887559.20,-431891.87,153543695.18,183757545.60,337301240.78,50.00,50.00,21640321.37,7569712.74,154864761.53,184543739.29,97.00,93.00
612.00,6.00,14595700.81,82880.07,146313684.09,175055744.21,321369428.30,54.95,54.57,10792443.53,-5284350.11,152742553.45,183280769.72,336023323.17,50.00,50.00,20453573.56,6163490.15,154632593.93,184405571.59,97.00,93.00
613.00,6.00,15129777.13,715727.39,146418167.29,175117924.31,321536091.60,54.95,54.57,11594751.91,-4333664.41,152899511.83,183374178.87,336273690.70,50.00,50.00,21021875.33,6836892.52,154743772.78,184471736.40,97.00,93.00
614.00,6.00,14403879.07,-144416.81,146276157.33,175033411.27,321309568.60,57.33,54.57,12029335.61,-3818709.66,152984530.95,183424775.49,336409306.44,50.00,50.00,17177481.02,2281523.56,153991680.55,184024150.88,97.00,93.00
615.00,6.00,15573912.12,1241999.83,146505054.97,175169632.95,321674687.92,55.43,54.57,12112909.40,-3719679.90,153000880.78,183434505.61,336435386.39,50.00,50.00,20871442.51,6658638.95,154714343.08,184454222.19,97.00,93.00
616.00,6.00,15140920.30,728931.36,146420347.27,175119221.66,321539568.93,55.90,54.10,11778614.24,-4115798.94,152935481.46,183395585.13,336331066.59,50.00,50.00,20470288.32,6183296.10,154635863.89,184407517.61,97.00,93.00
617.00,6.00,14280508.24,-290603.60,146252021.87,175019047.76,321271069.63,54.95,54.57,10107138.46,-6096394.14,152608484.84,183200982.73,335809467.57,50.00,50.00,20353285.01,6044654.44,154612974.13,184393895.44,97.00,93.00
618.00,6.00,16497203.50,2336042.90,146685681.67,175277127.61,321962809.28,55.43,54.57,13099080.11,-2551128.73,153193808.79,183549321.03,336743129.82,50.00,50.00,21088734.36,6916116.32,154756852.64,184479520.50,97.00,93.00
619.00,6.00,15494318.03,1147685.78,146489483.70,175160366.17,321649849.87,55.90,54.57,12447204.56,-3323560.86,153066280.11,183473426.09,336539706.20,50.00,50.00,20052419.37,5688147.30,154554114.74,184358867.01,97.00,93.00
620.00,6.00,16028394.34,1780533.10,146593966.91,175222546.27,321816513.18,55.43,54.57,13149224.38,-2491710.88,153203618.69,183555159.10,336758777.79,50.00,50.00,21623606.61,7549906.79,154861491.56,184541793.27,97.00,93.00
621.00,6.00,15245984.49,853425.92,146440901.35,175131453.81,321572355.16,55.90,54.57,12062765.13,-3779097.76,152991070.89,183428667.54,336419738.43,50.00,50.00,19350399.54,4856297.32,154416776.16,184277134.00,97.00,93.00
622.00,6.00,14666539.55,166819.58,146327542.52,175063991.65,321391534.17,54.95,54.57,11243741.99,-4749589.40,152830842.54,183333312.36,336164154.90,50.00,50.00,19968845.58,5589117.54,154537764.91,184349136.89,97.00,93.00
623.00,6.00,15554809.54,1219364.46,146501317.86,175167408.92,321668726.78,54.95,54.57,11778614.24,-4115798.94,152935481.46,183395585.13,336331066.59,50.00,50.00,21356170.48,7233011.56,154809172.10,184510656.88,97.00,93.00
624.00,6.00,14122116.01,-478288.57,146221035.05,175000606.87,321221641.92,55.43,54.57,10575151.68,-5541827.48,152700043.89,183255471.40,335955515.29,50.00,50.00,19601120.91,5153386.60,154465825.65,184306324.36,97.00,93.00
625.00,6.00,17187284.22,3153745.77,146820684.56,175357470.60,322178155.16,55.90,54.57,13700811.39,-1838114.46,153311527.58,183619377.89,336930905.47,50.00,50.00,22008046.04,8005443.68,154936700.79,184586551.82,97.00,93.00
626.00,6.00,16802048.85,2697265.73,146745319.63,175312619.38,322057939.01,56.38,54.57,14001677.03,-1481607.32,153370386.97,183654406.32,337024793.29,50.00,50.00,20721009.69,6480385.38,154684913.39,184436707.97,97.00,93.00
627.00,6.00,13619877.33,-1073410.27,146122780.35,174942133.48,321064913.83,55.90,54.10,10391289.34,-5759692.96,152664074.26,183234065.14,335898139.40,50.00,50.00,18080077.95,3351044.96,154168258.73,184129236.18,97.00,93.00
628.00,6.00,16221012.03,2008773.12,146631649.37,175244971.88,321876621.25,55.43,54.57,13132509.63,-2511516.83,153200348.72,183553213.08,336753561.80,50.00,50.00,21356170.48,7233011.56,154809172.10,184510656.88,97.00,93.00
629.00,6.00,16617390.57,2478457.12,146709194.29,175291120.45,322000314.74,55.90,54.57,13266227.69,-2353069.21,153226508.45,183568781.27,336795289.72,50.00,50.00,21222452.42,7074563.94,154783012.37,184495088.69,97.00,93.00
630.00,6.00,15073265.32,648764.41,146407111.69,175111344.90,321518456.59,55.90,54.57,11895617.55,-3977157.28,152958371.22,183409207.30,336367578.52,50.00,50.00,19149822.45,4618625.89,154377536.56,184253781.72,97.00,93.00
631.00,6.00,16955665.43,2879291.87,146775372.18,175330504.27,322105876.45,55.90,54.57,13700811.39,-1838114.46,153311527.58,183619377.89,336930905.47,50.00,50.00,20838012.99,6619027.04,154707803.15,184450330.14,97.00,93.00
632.00,6.00,16963624.84,2888723.27,146776929.30,175331430.95,322108360.25,54.95,54.57,13600522.85,-1956950.17,153291907.78,183607701.75,336899609.53,50.00,50.00,23295082.39,9530501.99,155188488.19,184736395.67,97.00,93.00
633.00,6.00,18630324.98,4863659.63,147102991.65,175525477.34,322628468.99,57.81,54.57,16408602.16,1370449.76,153841262.10,183934633.78,337775895.88,50.00,50.00,20520432.59,6242713.96,154645673.79,184413355.68,97.00,93.00
634.00,6.00,14583761.70,68732.96,146311348.40,175054354.20,321365702.60,54.95,55.05,10257571.28,-5918140.57,152637914.53,183218496.95,335856411.48,50.00,50.00,20135993.16,5787177.06,154570464.57,184368597.13,97.00,93.00
635.00,6.00,17592418.11,3633804.32,146899942.32,175404638.52,322304580.84,56.38,54.57,14469690.25,-927040.67,153461946.02,183708895.00,337170841.02,50.00,50.00,21506603.30,7411265.12,154838601.80,184528171.10,97.00,93.00
636.00,6.00,14383184.61,-168938.46,146272108.80,175031001.91,321303110.71,56.38,54.10,10959591.11,-5086290.59,152775253.12,183300229.96,336075483.08,50.00,50.00,18949245.36,4380954.47,154338296.97,184230429.43,97.00,93.00
637.00,6.00,14934771.62,484657.95,146380017.69,175095220.70,321475238.39,55.43,54.57,12046050.37,-3798903.71,152987800.92,183426721.52,336414522.44,50.00,50.00,19868557.04,5470281.83,154518145.11,184337460.75,97.00,93.00
638.00,6.00,16929399.39,2848168.23,146770233.66,175327446.23,322097679.89,55.43,54.57,13684096.64,-1857920.41,153308257.61,183617431.87,336925689.48,50.00,50.00,21456459.03,7351847.27,154828791.90,184522333.03,97.00,93.00
639.00,6.00,15691711.36,1381584.64,146528100.44,175183347.79,321711448.23,55.43,54.57,11377460.05,-4591141.79,152857002.27,183348880.56,336205882.83,50.00,50.00,21389600.00,7272623.46,154815712.04,184514548.93,97.00,93.00
640.00,6.00,16850601.24,2754797.31,146754818.10,175318272.12,322073090.22,56.38,54.57,13299657.21,-2313457.31,153233048.39,183572673.32,336805721.71,50.00,50.00,21088734.36,6916116.32,154756852.64,184479520.50,97.00,93.00
641.00,6.00,17284389.00,3268808.92,146839681.51,175368776.07,322208457.58,55.90,54.57,13550378.57,-2016368.03,153282097.88,183601863.68,336883961.56,50.00,50.00,22275482.17,8322338.92,154989020.25,184617688.20,97.00,93.00
642.00,6.00,16804436.67,2700095.16,146745786.77,175312897.39,322058684.16,55.90,54.57,13232798.17,-2392681.12,153219968.52,183564889.22,336784857.74,50.00,50.00,21606891.85,7530100.84,154858221.60,184539847.24,97.00,93.00
643.00,6.00,15984617.60,1728660.37,146585402.71,175217449.54,321802852.25,55.43,54.57,12781499.71,-2927441.82,153131679.43,183512346.57,336644026.00,50.00,50.00,20604006.38,6341743.72,154662023.62,184423085.80,97.00,93.00
644.00,6.00,14459594.93,-78396.97,146287057.22,175039898.02,321326955.24,54.95,54.57,10842587.80,-5224932.25,152752363.35,183286607.79,336038971.14,50.00,50.00,20336570.26,6024848.48,154609704.17,184391949.42,97.00,93.00
645.00,6.00,16651616.03,2519012.17,146715889.93,175295105.17,322010995.10,55.43,54.57,12998791.56,-2669964.44,153174188.99,183537644.88,336711833.87,50.00,50.00,22292196.92,8342144.87,154992290.21,184619634.23,97.00,93.00
646.00,6.00,16944522.26,2866087.90,146773192.20,175329206.92,322102399.12,56.38,54.57,13366516.24,-2234233.50,153246128.25,183580457.41,336826585.66,50.00,50.00,20453573.56,6163490.15,154632593.93,184405571.59,97.00,93.00
647.00,6.00,16294238.59,2095542.05,146645974.94,175253497.32,321899472.26,55.43,54.57,12280056.98,-3521620.38,153033580.45,183453965.85,336487546.30,50.00,50.00,22175193.62,8203503.20,154969400.45,184606012.06,97.00,93.00
648.00,6.00,18627141.22,4859887.07,147102368.80,175525106.67,322627475.47,55.90,55.05,15205139.60,-55578.78,153605824.54,183794520.05,337400344.59,50.00,50.00,22810354.42,8956129.38,155093659.17,184679960.97,97.00,93.00
649.00,6.00,16994666.54,2925505.75,146783002.10,175335044.99,322118047.09,57.81,54.57,13767670.43,-1758890.65,153324607.44,183627161.99,336951769.43,50.00,50.00,19818412.76,5410863.97,154508335.21,184331622.68,97.00,93.00
650.00,6.00,15524563.79,1183525.12,146495400.78,175163887.55,321659288.33,55.43,54.57,11711755.21,-4195022.75,152922401.60,183387801.04,336310202.64,50.00,50.00,20403429.29,6104072.29,154622784.03,184399733.52,97.00,93.00
651.00,6.00,16520285.79,2363393.97,146690197.34,175279814.98,321970012.32,55.43,55.05,13700811.39,-1838114.46,153311527.58,183619377.89,336930905.47,50.00,50.00,20821298.23,6599221.09,154704533.19,184448384.12,97.00,93.00
652.00,6.00,15558789.24,1224080.16,146502096.43,175167872.26,321669968.69,55.43,54.57,11444319.09,-4511917.98,152870082.14,183356664.65,336226746.79,50.00,50.00,20654150.66,6401161.57,154671833.52,184428923.88,97.00,93.00
653.00,6.00,15183105.16,778917.81,146428600.04,175124133.06,321552733.10,55.43,54.57,12246627.46,-3561232.28,153027040.51,183450073.80,336477114.31,50.00,50.00,20152707.92,5806983.01,154573734.54,184370543.16,97.00,93.00
654.00,6.00,15989393.24,1734319.21,146586336.99,175218005.55,321804342.54,55.43,54.57,12915217.78,-2768994.20,153157839.16,183527914.76,336685753.92,50.00,50.00,21372885.24,7252817.51,154812442.07,184512602.91,97.00,93.00
655.00,6.00,13569733.06,-1132828.13,146112970.45,174936295.41,321049265.86,54.95,54.57,10090423.70,-6116200.09,152605214.87,183199036.71,335804251.58,50.00,50.00,20018989.86,5648535.40,154547574.81,184354974.96,97.00,93.00
656.00,6.00,15329558.28,952455.68,146457251.18,175141183.93,321598435.11,55.43,54.57,12580922.62,-3165113.24,153092439.84,183488994.28,336581434.12,50.00,50.00,19868557.04,5470281.83,154518145.11,184337460.75,97.00,93.00
657.00,6.00,16572817.89,2425641.25,146700474.38,175285931.05,321986405.43,55.43,54.57,12647781.65,-3085889.44,153105519.70,183496778.38,336602298.08,50.00,50.00,22158478.86,8183697.25,154966130.48,184604066.04,97.00,93.00
658.00,6.00,16816375.79,2714242.27,146748122.46,175314287.40,322062409.86,55.90,54.57,13333086.72,-2273845.40,153239588.32,183576565.36,336816153.68,50.00,50.00,21456459.03,7351847.27,154828791.90,184522333.03,97.00,93.00
659.00,6.00,17225489.38,3199016.52,146828158.77,175361918.66,322190077.43,55.90,54.57,13767670.43,-1758890.65,153324607.44,183627161.99,336951769.43,50.00,50.00,22225337.89,8262921.06,154979210.35,184611850.13,97.00,93.00
660.00,6.00,16215440.44,2002171.13,146630559.39,175244323.21,321874882.60,54.95,55.05,12614352.13,-3125501.34,153098979.77,183492886.33,336591866.10,50.00,50.00,21021875.33,6836892.52,154743772.78,184471736.40,97.00,93.00
661.00,6.00,16771803.10,2661426.39,146739402.55,175309098.01,322048500.56,54.95,54.57,12881788.26,-2808606.11,153151299.23,183524022.72,336675321.95,50.00,50.00,22659921.60,8777875.81,155064229.47,184662446.76,97.00,93.00
662.00,6.00,18280111.01,4448677.78,147034478.07,175484703.50,322519181.57,56.38,54.57,14820700.17,-511115.68,153530615.31,183749761.50,337280376.81,50.00,50.00,21891042.74,7866802.02,154913811.02,184572929.65,97.00,93.00
663.00,6.00,15360599.97,989238.16,146463323.97,175144797.98,321608121.95,55.43,54.57,11995906.09,-3858321.56,152977991.02,183420883.44,336398874.46,50.00,50.00,20453573.56,6163490.15,154632593.93,184405571.59,97.00,93.00
664.00,6.00,16198725.69,1982365.18,146627289.42,175242377.18,321869666.60,55.43,55.05,12647781.65,-3085889.44,153105519.70,183496778.38,336602298.08,50.00,50.00,20871442.51,6658638.95,154714343.08,184454222.19,97.00,93.00
665.00,6.00,17336125.16,3330113.06,146849802.84,175374799.48,322224602.32,56.38,54.10,14118680.34,-1342965.66,153393276.73,183668028.49,337061305.22,50.00,50.00,21540032.82,7450877.03,154845141.73,184532063.15,97.00,93.00
666.00,6.00,14125299.77,-474516.01,146221657.90,175000977.54,321222635.44,55.43,54.57,11277171.51,-4709977.50,152837382.47,183337204.41,336174586.88,50.00,50.00,19634550.43,5192998.50,154472365.58,184310216.41,97.00,93.00
667.00,6.00,15562768.95,1228795.87,146502874.99,175168335.60,321671210.59,55.43,54.57,12413775.04,-3363172.76,153059740.18,183469534.04,336529274.22,50.00,50.00,20888157.26,6678444.90,154717613.05,184456168.21,97.00,93.00
668.00,6.00,14376817.08,-176483.59,146270863.10,175030260.57,321301123.67,55.43,54.57,11511178.12,-4432694.17,152883162.00,183364448.75,336247610.75,50.00,50.00,19133107.69,4598819.94,154374266.60,184251835.69,97.00,93.00
669.00,6.00,16940542.56,2861372.19,146772413.63,175328743.58,322101157.21,55.90,55.05,14101965.58,-1362771.61,153390006.77,183666082.47,337056089.24,50.00,50.00,20721009.69,6480385.38,154684913.39,184436707.97,97.00,93.00
670.00,6.00,13947804.96,-684836.35,146186933.97,174980312.62,321167246.59,55.43,54.10,9672554.75,-6611348.89,152523465.72,183150386.11,335673851.83,50.00,50.00,19868557.04,5470281.83,154518145.11,184337460.75,97.00,93.00
671.00,6.00,15935269.26,1670185.65,146575748.52,175211704.14,321787452.66,55.43,55.05,12731355.44,-2986859.68,153121869.53,183506508.50,336628378.03,50.00,50.00,20420144.05,6123878.24,154626054.00,184401679.54,97.00,93.00
672.00,6.00,13995561.41,-628247.92,146196276.73,174985872.69,321182149.42,54.95,54.10,10023564.67,-6195423.90,152592135.01,183191252.61,335783387.62,50.00,50.00,20787868.72,6559609.19,154697993.25,184444492.07,97.00,93.00
673.00,6.00,15491134.27,1143913.21,146488860.85,175159995.50,321648856.35,54.95,54.57,12514063.59,-3244337.05,153079359.97,183481210.19,336560570.16,50.00,50.00,21021875.33,6836892.52,154743772.78,184471736.40,97.00,93.00
674.00,6.00,14793890.09,317722.07,146352456.54,175078818.50,321431275.04,55.43,54.57,11360745.30,-4610947.74,152853732.30,183346934.53,336200666.83,50.00,50.00,19985560.34,5608923.49,154541034.87,184351082.92,97.00,93.00
675.00,6.00,15755386.63,1457035.88,146540557.46,175190761.21,321731318.67,55.90,54.57,11644896.18,-4274246.56,152909321.73,183380016.94,336289338.67,50.00,50.00,20587291.62,6321937.76,154658753.66,184421139.78,97.00,93.00
676.00,6.00,16078538.62,1839950.96,146603776.81,175228384.34,321832161.15,55.43,54.57,12597637.38,-3145307.29,153095709.81,183490940.31,336586650.12,50.00,50.00,20771153.96,6539803.24,154694723.29,184442546.04,97.00,93.00
677.00,6.00,15699670.77,1391016.04,146529657.57,175184274.47,321713932.04,55.43,54.57,12079479.88,-3759291.80,152994340.85,183430613.56,336424954.41,50.00,50.00,21723895.16,7668742.50,154881111.36,184553469.41,97.00,93.00
678.00,6.00,15815082.20,1527771.43,146552235.91,175197711.30,321749947.21,55.43,54.57,13115794.87,-2531322.78,153197078.76,183551267.05,336748345.81,50.00,50.00,20319855.50,6005042.53,154606434.20,184390003.40,97.00,93.00
679.00,6.00,15626444.22,1304247.11,146515332.00,175175749.03,321691081.03,55.90,54.57,11979191.34,-3878127.52,152974721.06,183418937.42,336393658.48,50.00,50.00,19918701.31,5529699.68,154527955.01,184343298.82,97.00,93.00
680.00,6.00,14837666.83,369594.80,146361020.74,175083915.23,321444935.97,55.90,54.57,11444319.09,-4511917.98,152870082.14,183356664.65,336226746.79,50.00,50.00,19049533.90,4499790.18,154357916.77,184242105.57,97.00,93.00
681.00,6.00,14598088.64,85709.49,146314151.23,175056022.22,321370173.45,55.43,54.57,11410889.57,-4551529.88,152863542.20,183352772.60,336216314.80,50.00,50.00,19316970.03,4816685.41,154410236.23,184273241.96,97.00,93.00
682.00,6.00,12299411.46,-2638080.48,145864453.01,174788397.58,320652850.59,54.95,54.57,9655840.00,-6631154.84,152520195.75,183148440.08,335668635.83,50.00,50.00,17294484.33,2420165.22,154014570.31,184037773.05,97.00,93.00
683.00,6.00,17142711.53,3100929.90,146811964.65,175352281.20,322164245.85,55.43,54.57,13550378.57,-2016368.03,153282097.88,183601863.68,336883961.56,50.00,50.00,23061075.78,9253218.66,155142708.66,184709151.33,97.00,93.00
684.00,6.00,18841249.31,5113591.88,147144255.51,175550034.31,322694289.82,57.81,55.05,15455860.97,241510.50,153654874.03,183823710.41,337478584.44,50.00,50.00,20904872.02,6698250.85,154720883.02,184458114.24,97.00,93.00
685.00,6.00,16802844.79,2698208.88,146745475.34,175312712.05,322058187.39,55.43,55.05,13767670.43,-1758890.65,153324607.44,183627161.99,336951769.43,50.00,50.00,22175193.62,8203503.20,154969400.45,184606012.06,97.00,93.00
686.00,6.00,15358212.15,986408.74,146462856.83,175144519.98,321607376.81,54.95,55.05,11293886.26,-4690171.55,152840652.44,183339150.44,336179802.88,50.00,50.00,21005160.57,6817086.56,154740502.81,184469790.38,97.00,93.00
687.00,6.00,15834184.78,1550406.80,146555973.01,175199935.33,321755908.34,55.43,54.57,12029335.61,-3818709.66,152984530.95,183424775.49,336409306.44,50.00,50.00,21205737.66,7054757.99,154779742.41,184493142.67,97.00,93.00
688.00,6.00,16434324.18,2261534.79,146673380.37,175269806.85,321943187.22,56.38,54.57,13516949.06,-2055979.93,153275557.95,183597971.63,336873529.58,50.00,50.00,20487003.08,6203102.05,154639133.86,184409463.64,97.00,93.00
689.00,6.00,15065305.92,639333.01,146405554.57,175110418.22,321515972.79,55.43,54.57,11578037.15,-4353470.36,152896241.87,183372232.84,336268474.71,50.00,50.00,19634550.43,5192998.50,154472365.58,184310216.41,97.00,93.00
690.00,6.00,17438005.59,3450835.05,146869734.06,175386660.96,322256395.02,55.90,54.57,13567093.33,-1996562.08,153285367.85,183603809.70,336889177.55,50.00,50.00,21673750.88,7609324.64,154871301.46,184547631.34,97.00,93.00
691.00,6.00,16770211.22,2659540.11,146739091.12,175308912.67,322048003.79,56.86,54.57,13132509.63,-2511516.83,153200348.72,183553213.08,336753561.80,50.00,50.00,21590177.09,7510294.88,154854951.63,184537901.22,97.00,93.00
692.00,6.00,15586647.17,1257090.08,146507546.37,175171115.64,321678662.01,55.43,54.57,12313486.49,-3482008.48,153040120.38,183457857.90,336497978.28,50.00,50.00,20971731.05,6777474.66,154733962.88,184465898.33,97.00,93.00
693.00,6.00,14241507.14,-336817.48,146244391.95,175014507.04,321258898.99,55.43,54.57,11210312.48,-4789201.31,152824302.61,183329420.32,336153722.93,50.00,50.00,19968845.58,5589117.54,154537764.91,184349136.89,97.00,93.00
694.00,6.00,16769415.28,2658596.97,146738935.41,175308820.00,322047755.41,55.90,54.57,13433375.27,-2155009.69,153259208.12,183588241.51,336847449.63,50.00,50.00,21055304.84,6876504.42,154750312.71,184475628.45,97.00,93.00
695.00,6.00,15252352.02,860971.04,146442147.05,175132195.16,321574342.21,56.38,55.05,11895617.55,-3977157.28,152958371.22,183409207.30,336367578.52,50.00,50.00,18815527.29,4222506.85,154312137.24,184214861.24,97.00,93.00
696.00,6.00,16406466.25,2228524.87,146667930.43,175266563.48,321934493.91,55.43,54.57,13583808.09,-1976756.12,153288637.81,183605755.72,336894393.53,50.00,50.00,21155593.39,6995340.13,154769932.51,184487304.60,97.00,93.00
697.00,6.00,17292348.41,3278240.33,146841238.64,175369702.75,322210941.39,55.90,54.57,14904273.96,-412085.92,153546965.14,183759491.62,337306456.76,50.00,50.00,21556747.58,7470682.98,154848411.70,184534009.17,97.00,93.00
698.00,6.00,15037447.99,606323.09,146400104.62,175107174.85,321507279.47,55.43,54.57,12179768.43,-3640456.09,153013960.65,183442289.71,336456250.36,50.00,50.00,20069134.13,5707953.25,154557384.71,184360813.04,97.00,93.00
699.00,6.00,19159625.65,5490848.11,147206540.58,175587101.43,322793642.01,58.29,54.57,16893330.14,1944822.37,153936091.12,183991068.48,337927159.60,50.00,50.00,21456459.03,7351847.27,154828791.90,184522333.03,97.00,93.00
700.00,6.00,14625946.57,118719.41,146319601.17,175059265.59,321378866.76,55.43,54.57,10642010.71,-5462603.68,152713123.76,183263255.50,335976379.26,50.00,50.00,19718124.22,5292028.26,154488715.41,184319946.53,97.00,93.00
701.00,7.00,39338318.06,29401347.87,151154168.37,177936415.74,329090584.11,71.62,71.24,63126350.33,56728085.60,162980817.69,189373770.86,352354588.55,70.00,70.00,21573462.34,7490488.93,154851681.67,184535955.20,97.00,93.00
702.00,7.00,39494322.47,29586203.43,151184688.05,177954578.63,329139266.68,71.62,71.24,64129235.80,57916442.72,163177015.66,189490532.30,352667547.96,70.00,70.00,19651265.18,5212804.45,154475635.55,184312162.44,97.00,93.00
703.00,7.00,39444974.14,29527728.71,151175033.87,177948833.23,329123867.10,71.62,71.24,63176494.60,56787503.46,162990627.59,189379608.93,352370236.52,70.00,70.00,21623606.61,7549906.79,154861491.56,184541793.27,97.00,93.00
704.00,7.00,39329562.71,29390973.33,151152455.53,177935396.40,329087851.93,71.62,71.24,62140179.61,55559534.44,162787889.68,189258955.44,352046845.12,70.00,70.00,21707180.40,7648936.55,154877841.40,184551523.39,97.00,93.00
705.00,7.00,38028199.42,27848938.49,150897865.30,177783884.53,328681749.83,71.62,71.24,61571877.85,54886132.07,162676710.83,189192790.63,351869501.46,70.00,70.00,20286425.98,5965430.63,154599894.27,184386111.35,97.00,93.00
706.00,7.00,39671021.34,29795580.63,151219256.27,177975150.89,329194407.16,71.62,71.24,63627793.06,57322264.16,163078916.67,189432151.58,352511068.25,70.00,70.00,21556747.58,7470682.98,154848411.70,184534009.17,97.00,93.00
707.00,7.00,37682761.10,27439615.49,150830286.00,177743666.70,328573952.70,71.62,71.24,61822599.22,55183221.35,162725760.32,189221980.99,351947741.31,70.00,70.00,18531376.41,3885805.67,154256547.81,184181778.83,97.00,93.00
708.00,7.00,39369359.76,29438130.36,151160241.16,177940029.79,329100270.95,71.62,71.24,62792055.17,56331966.56,162915418.36,189334850.38,352250268.74,70.00,70.00,21473173.79,7371653.22,154832061.87,184524279.05,97.00,93.00
709.00,7.00,39716389.97,29849339.65,151228131.89,177980432.95,329208564.84,71.62,71.24,62608192.83,56114101.09,162879448.74,189313444.12,352192892.86,70.00,70.00,21790754.19,7747966.31,154894191.23,184561253.51,97.00,93.00
710.00,7.00,38288472.08,28157345.46,150948783.35,177814186.90,328762970.25,71.62,71.24,61755740.18,55103997.54,162712680.46,189214196.89,351926877.35,70.00,70.00,19801698.01,5391058.02,154505065.25,184329676.65,97.00,93.00
711.00,7.00,27581475.77,15470218.49,148854136.42,176567619.53,325421755.95,71.62,54.10,36884180.52,25632740.96,157846970.72,186318513.18,344165483.90,70.00,50.00,22877213.45,9035353.19,155106739.03,184687745.07,97.00,93.00
712.00,7.00,39428259.38,29507922.76,151171763.90,177946887.20,329118651.10,71.62,71.24,61137294.14,54371177.32,162591691.71,189142194.00,351733885.71,70.00,70.00,22258767.41,8302532.96,154985750.28,184615742.18,97.00,93.00
713.00,7.00,28049488.99,16024785.15,148945695.47,176622108.20,325567803.67,71.62,55.05,37385623.25,26226919.52,157945069.71,186376893.90,344321963.61,70.00,50.00,21205737.66,7054757.99,154779742.41,184493142.67,97.00,93.00
714.00,7.00,39424279.68,29503207.06,151170985.34,177946423.86,329117409.20,71.62,71.24,62675051.86,56193324.90,162892528.60,189321228.21,352213756.81,70.00,70.00,20269711.22,5945624.68,154596624.30,184384165.32,97.00,93.00
715.00,7.00,27552821.90,15436265.43,148848530.76,176564283.49,325412814.25,71.62,55.05,36951039.55,25711964.77,157860050.59,186326297.28,344186347.87,70.00,50.00,21189022.91,7034952.04,154776472.44,184491196.64,97.00,93.00
716.00,7.00,39922538.65,30093613.05,151268461.47,178004433.91,329272895.38,71.62,71.24,62909058.47,56470608.23,162938308.13,189348472.55,352286780.68,70.00,70.00,21673750.88,7609324.64,154871301.46,184547631.34,97.00,93.00
717.00,7.00,39135353.15,29160847.03,151114461.64,177912785.45,329027247.09,71.62,71.24,62357471.47,55817011.81,162830399.24,189284253.76,352114653.00,70.00,70.00,20754439.20,6519997.28,154691453.32,184440600.02,97.00,93.00
718.00,7.00,39008002.61,29009944.54,151089547.61,177897958.60,328987506.21,71.62,71.24,62725196.14,56252742.76,162902338.50,189327066.28,352229404.78,70.00,70.00,21506603.30,7411265.12,154838601.80,184528171.10,97.00,93.00
719.00,7.00,39189477.12,29224980.59,151125050.10,177919086.86,329044136.96,71.62,71.24,63510789.76,57183622.50,163056026.91,189418529.41,352474556.32,70.00,70.00,20955016.30,6757668.71,154730692.92,184463952.31,97.00,93.00
720.00,7.00,29958155.15,18286436.24,149319094.47,176844325.61,326163420.08,71.62,55.05,39157387.58,28326350.44,158291686.13,186583172.44,344874858.57,70.00,50.00,22776924.90,8916517.48,155087119.23,184676068.92,97.00,93.00
721.00,7.00,24676291.67,12027755.41,148285785.14,176229382.02,324515167.16,71.62,54.10,34544114.42,22859907.68,157389175.45,186046069.82,343435245.27,70.00,50.00,18414373.10,3747164.00,154233658.05,184168156.66,97.00,93.00
722.00,7.00,38710320.73,28657209.96,151031311.07,177863300.84,328894611.91,71.62,71.24,61956317.28,55341668.96,162751920.05,189237549.18,351989469.23,70.00,70.00,21205737.66,7054757.99,154779742.41,184493142.67,97.00,93.00
723.00,7.00,38447660.25,28345973.57,150979925.88,177832720.46,328812646.34,71.62,71.24,62173609.13,55599146.34,162794429.61,189262847.49,352057277.10,70.00,70.00,20787868.72,6559609.19,154697993.25,184444492.07,97.00,93.00
724.00,7.00,39448953.84,29532444.41,151175812.43,177949296.57,329125109.00,71.62,71.24,63243353.63,56866727.27,163003707.45,189387393.03,352391100.48,70.00,70.00,21423029.52,7312235.36,154822251.97,184518440.98,97.00,93.00
725.00,7.00,26481485.52,14166798.22,148638941.50,176439552.61,325078494.11,71.62,54.10,36516455.85,25197010.02,157775031.47,186275700.65,344050732.12,70.00,50.00,20604006.38,6341743.72,154662023.62,184423085.80,97.00,93.00
726.00,7.00,36923433.53,26539859.38,150681736.11,177655261.61,328336997.72,71.62,71.24,60351700.53,53440297.57,162438003.30,189050730.88,351488734.18,70.00,70.00,18514661.65,3865999.72,154253277.85,184179832.80,97.00,93.00
727.00,7.00,40730418.61,31050900.73,151426509.84,178098491.74,329525001.58,71.62,71.24,64179380.07,57975860.58,163186825.56,189496370.37,352683195.93,70.00,70.00,22292196.92,8342144.87,154992290.21,184619634.23,97.00,93.00
728.00,7.00,27392837.79,15246694.18,148817232.51,176545657.26,325362889.77,71.62,55.05,36600029.63,25296039.78,157791381.30,186285430.77,344076812.07,70.00,50.00,20587291.62,6321937.76,154658753.66,184421139.78,97.00,93.00
729.00,7.00,39116250.57,29138211.65,151110724.53,177910561.42,329021285.95,71.62,71.24,62842199.44,56391384.42,162925228.26,189340688.45,352265916.71,70.00,70.00,20838012.99,6619027.04,154707803.15,184450330.14,97.00,93.00
730.00,7.00,26056453.11,13663161.16,148555790.93,176390068.00,324945858.93,71.62,54.10,34828265.30,23196608.87,157444764.88,186079152.23,343523917.11,70.00,50.00,20336570.26,6024848.48,154609704.17,184391949.42,97.00,93.00
731.00,7.00,39223702.58,29265535.63,151131745.74,177923071.58,329054817.32,71.62,71.24,62992632.26,56569637.99,162954657.96,189358202.67,352312860.63,70.00,70.00,21824183.70,7787578.21,154900731.16,184565145.56,97.00,93.00
732.00,7.00,24978749.20,12386148.83,148344955.96,176264595.79,324609551.75,71.62,54.10,34544114.42,22859907.68,157389175.45,186046069.82,343435245.27,70.00,50.00,19484117.61,5014744.93,154442935.89,184292702.20,97.00,93.00
733.00,7.00,39122618.09,29145756.78,151111970.23,177911302.76,329023272.99,71.62,71.24,62909058.47,56470608.23,162938308.13,189348472.55,352286780.68,70.00,70.00,21322740.97,7193399.65,154802632.17,184506764.84,97.00,93.00
734.00,7.00,25606746.53,13130286.74,148467813.26,176337710.69,324805523.95,71.62,54.10,35162560.46,23592727.91,157510164.20,186118072.71,343628236.91,70.00,50.00,20069134.13,5707953.25,154557384.71,184360813.04,97.00,93.00
735.00,7.00,39260315.86,29308920.10,151138908.53,177927334.30,329066242.83,71.62,71.24,62741910.90,56272548.71,162905608.47,189329012.31,352234620.78,70.00,70.00,21122163.87,6955728.23,154763392.58,184483412.55,97.00,93.00
736.00,7.00,39157639.49,29187254.96,151118821.59,177915380.15,329034201.74,71.62,71.24,63644507.82,57342070.12,163082186.64,189434097.60,352516284.24,70.00,70.00,21088734.36,6916116.32,154756852.64,184479520.50,97.00,93.00
737.00,7.00,26315133.88,13969681.84,148606397.55,176420185.04,325026582.59,71.62,54.10,35898009.81,24464189.80,157654042.72,186203697.76,343857740.48,70.00,50.00,21088734.36,6916116.32,154756852.64,184479520.50,97.00,93.00
738.00,7.00,38199326.71,28051713.72,150931343.53,177803808.11,328735151.64,71.62,71.24,61371300.75,54648460.64,162637471.24,189169438.34,351806909.58,70.00,70.00,19450688.09,4975133.03,154436395.96,184288810.15,97.00,93.00
739.00,7.00,37904032.65,27701808.56,150873574.13,177769428.35,328643002.48,71.62,71.24,61856028.73,55222833.25,162732300.26,189225873.04,351958173.30,70.00,70.00,19885271.79,5490087.78,154521415.08,184339406.77,97.00,93.00
740.00,7.00,37221115.40,26892593.95,150739972.65,177689919.37,328429892.02,71.62,71.24,60535562.86,53658163.04,162473972.92,189072137.14,351546110.06,70.00,70.00,19300255.27,4796879.46,154406966.26,184271295.93,97.00,93.00
741.00,7.00,36987904.73,26616253.77,150694348.83,177662767.70,328357116.53,71.62,71.24,59816828.27,52806507.11,162333364.38,188988458.11,351321822.49,70.00,70.00,19684694.70,5252416.36,154482175.48,184316054.48,97.00,93.00
742.00,7.00,38601276.84,28527999.71,151009978.43,177850605.35,328860583.78,71.62,71.24,62574763.32,56074489.19,162872908.80,189309552.07,352182460.87,70.00,70.00,20085848.89,5727759.20,154560654.67,184362759.06,97.00,93.00
743.00,7.00,39279418.44,29331555.47,151142645.63,177929558.32,329072203.95,71.62,71.24,63092920.81,56688473.70,162974277.76,189369878.81,352344156.57,70.00,70.00,21172308.15,7015146.08,154773202.48,184489250.62,97.00,93.00
744.00,7.00,39547650.51,29649393.84,151195120.80,177960787.37,329155908.17,71.62,71.24,62591478.08,56094295.14,162876178.77,189311498.09,352187676.86,70.00,70.00,21138878.63,6975534.18,154766662.54,184485358.57,97.00,93.00
745.00,7.00,38215245.52,28070576.53,150934457.78,177805661.46,328740119.24,71.62,71.24,61571877.85,54886132.07,162676710.83,189192790.63,351869501.46,70.00,70.00,20604006.38,6341743.72,154662023.62,184423085.80,97.00,93.00
746.00,7.00,38804241.75,28768500.55,151049685.16,177874235.64,328923920.80,71.62,71.24,62407615.74,55876429.67,162840209.14,189290091.83,352130300.97,70.00,70.00,21255881.94,7114175.84,154789552.31,184498980.74,97.00,93.00
747.00,7.00,39513425.05,29608838.80,151188425.16,177956802.66,329145227.82,71.62,71.24,63544219.27,57223234.40,163062566.84,189422421.46,352484988.30,70.00,70.00,20754439.20,6519997.28,154691453.32,184440600.02,97.00,93.00
748.00,7.00,29227481.45,17420633.20,149176150.23,176759256.56,325935406.79,71.62,56.00,39006954.76,28148096.87,158262256.43,186565658.23,344827914.66,70.00,50.00,21339455.73,7213205.60,154805902.14,184508710.86,97.00,93.00
749.00,7.00,25636196.34,13165182.94,148473574.63,176341139.40,324814714.03,71.62,54.10,35814436.02,24365160.04,157637692.88,186193967.64,343831660.52,70.00,50.00,19868557.04,5470281.83,154518145.11,184337460.75,97.00,93.00
750.00,7.00,41740467.55,32247746.12,151624109.23,178216087.19,329840196.42,71.62,71.24,65148836.03,59124605.80,163376483.60,189609239.76,352985723.36,70.00,70.00,23261652.88,9490890.08,155181948.25,184732503.62,97.00,93.00
751.00,7.00,24513919.74,11835354.73,148254019.76,176210477.79,324464497.55,71.62,54.10,34527399.66,22840101.73,157385905.49,186044123.80,343430029.29,70.00,50.00,18029933.67,3291627.11,154158448.83,184123398.11,97.00,93.00
752.00,7.00,39445770.08,29528671.85,151175189.58,177948925.90,329124115.48,71.62,71.24,62825484.69,56371578.47,162921958.30,189338742.43,352260700.73,70.00,70.00,20503717.83,6222908.00,154642403.83,184411409.66,97.00,93.00
753.00,7.00,38415822.62,28308247.95,150973697.38,177829013.75,328802711.13,71.62,71.24,62407615.74,55876429.67,162840209.14,189290091.83,352130300.97,70.00,70.00,20002275.10,5628729.44,154544304.84,184353028.94,97.00,93.00
754.00,7.00,28453826.95,16503900.56,149024797.51,176669183.45,325693980.96,71.62,56.00,38288220.18,27296440.93,158121647.89,186481979.20,344603627.09,70.00,50.00,20553862.11,6282325.86,154652213.73,184417247.73,97.00,93.00
755.00,7.00,25525560.56,13034086.40,148451930.57,176328258.57,324780189.14,71.62,54.10,35781006.50,24325548.13,157631152.95,186190075.60,343821228.55,70.00,50.00,19433973.33,4955327.08,154433125.99,184286864.12,97.00,93.00
756.00,7.00,39304888.55,29361735.97,151147628.44,177932523.69,329080152.13,71.62,71.24,63092920.81,56688473.70,162974277.76,189369878.81,352344156.57,70.00,70.00,21222452.42,7074563.94,154783012.37,184495088.69,97.00,93.00
757.00,7.00,40890402.72,31240471.99,151457808.09,178117117.97,329574926.06,71.62,71.24,64680822.81,58570039.14,163284924.55,189554751.09,352839675.64,70.00,70.00,23211508.60,9431472.23,155172138.35,184726665.55,97.00,93.00
758.00,7.00,26410646.79,14082858.71,148625083.07,176431305.18,325056388.25,71.62,54.10,35296278.52,23751175.52,157536323.93,186133640.90,343669964.83,70.00,50.00,21122163.87,6955728.23,154763392.58,184483412.55,97.00,93.00
759.00,7.00,39418708.09,29496605.07,151169895.35,177945775.19,329115670.54,71.62,71.24,63092920.81,56688473.70,162974277.76,189369878.81,352344156.57,70.00,70.00,21857613.22,7827190.12,154907271.09,184569037.60,97.00,93.00
760.00,7.00,38122916.39,27961172.22,150916395.11,177794912.00,328711307.11,71.62,71.24,61220867.93,54470207.08,162608041.54,189151924.12,351759965.66,70.00,70.00,20487003.08,6203102.05,154639133.86,184409463.64,97.00,93.00
761.00,7.00,29485366.29,17726210.74,149226601.14,176789280.93,326015882.07,71.62,56.00,38772948.15,27870813.54,158216476.91,186538413.89,344754890.80,70.00,50.00,22041475.56,8045055.59,154943240.72,184590443.87,97.00,93.00
762.00,7.00,40505167.35,30783991.95,151382443.15,178072266.75,329454709.90,71.62,71.24,63978802.98,57738189.16,163147585.97,189473018.08,352620604.05,70.00,70.00,22760210.14,8896711.52,155083849.27,184674122.90,97.00,93.00
763.00,7.00,27959547.68,15918210.27,148928099.94,176611636.74,325539736.68,71.62,55.05,37385623.25,26226919.52,157945069.71,186376893.90,344321963.61,70.00,50.00,20921586.78,6718056.80,154724152.98,184460060.26,97.00,93.00
764.00,7.00,38008300.90,27825359.98,150893972.49,177781567.83,328675540.32,71.62,71.24,60869858.02,54054282.08,162539372.25,189111057.62,351650429.87,70.00,70.00,20955016.30,6757668.71,154730692.92,184463952.31,97.00,93.00
765.00,7.00,27209771.40,15029771.85,148781418.60,176524343.66,325305762.26,71.62,55.05,35864580.29,24424577.89,157647502.78,186199805.72,343847308.50,70.00,50.00,20821298.23,6599221.09,154704533.19,184448384.12,97.00,93.00
766.00,7.00,26803841.56,14548770.16,148702005.13,176477083.08,325179088.21,71.62,54.10,35747576.98,24285936.23,157624613.02,186186183.55,343810796.57,70.00,50.00,22108334.59,8124279.40,154956320.58,184598227.96,97.00,93.00
767.00,7.00,39165598.90,29196686.37,151120378.72,177916306.83,329036685.55,71.62,71.24,62257182.92,55698176.10,162810779.44,189272577.61,352083357.05,70.00,70.00,21306026.21,7173593.70,154799362.21,184504818.81,97.00,93.00
768.00,7.00,26272153.08,13918752.25,148597989.06,176415180.98,325013170.04,71.62,54.10,34694547.24,23038161.25,157418605.15,186063584.04,343482189.19,70.00,50.00,20838012.99,6619027.04,154707803.15,184450330.14,97.00,93.00
769.00,7.00,37775886.18,27549962.93,150848504.38,177754508.83,328603013.21,71.62,71.24,61805884.46,55163415.40,162722490.36,189220034.96,351942525.32,70.00,70.00,18096792.71,3370850.92,154171528.69,184131182.20,97.00,93.00
770.00,7.00,36694202.56,26268234.90,150636890.86,177628573.28,328265464.14,71.62,71.24,59766684.00,52747089.25,162323554.48,188982620.04,351306174.52,70.00,70.00,19250111.00,4737461.60,154397156.36,184265457.86,97.00,93.00
771.00,7.00,30245489.80,18626909.99,149375306.75,176877778.68,326253085.43,71.62,56.00,40110128.78,29455289.70,158478074.20,186694095.81,345172170.01,70.00,50.00,21456459.03,7351847.27,154828791.90,184522333.03,97.00,93.00
772.00,7.00,38883835.84,28862814.61,151065256.43,177883502.42,328948758.85,71.62,71.24,62424330.50,55896235.62,162843479.11,189292037.85,352135516.96,70.00,70.00,21055304.84,6876504.42,154750312.71,184475628.45,97.00,93.00
773.00,7.00,38820160.57,28787363.36,151052799.42,177876089.00,328928888.42,71.62,71.24,62474474.77,55955653.48,162853289.01,189297875.92,352151164.93,70.00,70.00,20353285.01,6044654.44,154612974.13,184393895.44,97.00,93.00
774.00,7.00,39044615.89,29053329.00,151096710.39,177902221.32,328998931.71,71.62,71.24,62073320.58,55480310.63,162774809.82,189251171.35,352025981.17,70.00,70.00,21155593.39,6995340.13,154769932.51,184487304.60,97.00,93.00
775.00,7.00,25206388.28,12655887.03,148389489.79,176291098.78,324680588.57,71.62,54.10,34861694.82,23236220.77,157451304.81,186083044.28,343534349.09,70.00,50.00,19801698.01,5391058.02,154505065.25,184329676.65,97.00,93.00
776.00,7.00,28489644.28,16546341.89,149031804.58,176673353.50,325705158.08,71.62,54.10,37251905.19,26068471.91,157918909.98,186361325.71,344280235.69,70.00,50.00,23545803.76,9827591.27,155237537.68,184765586.03,97.00,93.00
777.00,7.00,37665250.40,27418866.39,150826860.32,177741628.01,328568488.33,71.62,71.24,61220867.93,54470207.08,162608041.54,189151924.12,351759965.66,70.00,70.00,19751553.73,5331640.16,154495255.35,184323838.58,97.00,93.00
778.00,7.00,39364584.11,29432471.51,151159306.89,177939473.78,329098780.67,71.62,71.24,63494075.00,57163816.55,163052756.95,189416583.39,352469340.34,70.00,70.00,20721009.69,6480385.38,154684913.39,184436707.97,97.00,93.00
779.00,7.00,39564365.26,29669199.80,151198390.77,177962733.40,329161124.17,71.62,71.24,63159779.84,56767697.51,162987357.62,189377662.91,352365020.53,70.00,70.00,21657036.13,7589518.69,154868031.50,184545685.32,97.00,93.00
780.00,7.00,40294243.02,30534059.70,151341179.29,178047709.78,329388889.07,71.62,71.24,63377071.69,57025174.88,163029867.18,189402961.22,352432828.40,70.00,70.00,22175193.62,8203503.20,154969400.45,184606012.06,97.00,93.00
781.00,7.00,38555908.21,28474240.69,151001102.81,177845323.28,328846426.09,71.62,71.24,62140179.61,55559534.44,162787889.68,189258955.44,352046845.12,70.00,70.00,19701409.46,5272222.31,154485445.45,184318000.51,97.00,93.00
782.00,7.00,25695891.90,13235918.48,148485253.08,176348089.49,324833342.57,71.62,54.10,35279563.77,23731369.57,157533053.97,186131694.88,343664748.85,70.00,50.00,20169422.68,5826788.96,154577004.50,184372489.18,97.00,93.00
783.00,7.00,38139631.14,27980978.17,150919665.08,177796858.02,328716523.10,71.62,71.24,61906173.00,55282251.11,162742110.15,189231711.11,351973821.26,70.00,70.00,19684694.70,5252416.36,154482175.48,184316054.48,97.00,93.00
784.00,7.00,38865529.20,28841122.37,151061675.04,177881371.06,328943046.10,71.62,71.24,62725196.14,56252742.76,162902338.50,189327066.28,352229404.78,70.00,70.00,19851842.28,5450475.88,154514875.14,184335514.72,97.00,93.00
785.00,7.00,38214449.58,28069633.39,150934302.07,177805568.79,328739870.86,71.62,71.24,61805884.46,55163415.40,162722490.36,189220034.96,351942525.32,70.00,70.00,19818412.76,5410863.97,154508335.21,184331622.68,97.00,93.00
786.00,7.00,39366175.99,29434357.79,151159618.31,177939659.11,329099277.42,71.62,71.24,63226638.87,56846921.32,163000437.49,189385447.00,352385884.49,70.00,70.00,20553862.11,6282325.86,154652213.73,184417247.73,97.00,93.00
787.00,7.00,38745342.13,28698708.15,151038162.43,177867378.22,328905540.65,71.62,71.24,62608192.83,56114101.09,162879448.74,189313444.12,352192892.86,70.00,70.00,20169422.68,5826788.96,154577004.50,184372489.18,97.00,93.00
788.00,7.00,39402789.27,29477742.26,151166781.10,177943921.83,329110702.93,71.62,71.24,62407615.74,55876429.67,162840209.14,189290091.83,352130300.97,70.00,70.00,21623606.61,7549906.79,154861491.56,184541793.27,97.00,93.00
789.00,7.00,38074363.99,27903640.65,150906896.64,177789259.26,328696155.90,71.62,71.24,61354586.00,54628654.69,162634201.27,189167492.32,351801693.59,70.00,70.00,20771153.96,6539803.24,154694723.29,184442546.04,97.00,93.00
790.00,7.00,38739770.54,28692106.16,151037072.44,177866729.55,328903801.99,71.62,71.24,61571877.85,54886132.07,162676710.83,189192790.63,351869501.46,70.00,70.00,20487003.08,6203102.05,154639133.86,184409463.64,97.00,93.00
791.00,7.00,28398907.03,16438823.86,149014053.33,176662789.37,325676842.70,71.62,55.05,38037498.81,26999351.65,158072598.39,186452788.84,344525387.23,70.00,50.00,21606891.85,7530100.84,154858221.60,184539847.24,97.00,93.00
792.00,7.00,38910897.83,28894881.39,151070550.66,177886653.13,328957203.79,71.62,71.24,62374186.22,55836817.76,162833669.21,189286199.78,352119868.99,70.00,70.00,20236281.71,5906012.77,154590084.37,184380273.28,97.00,93.00
793.00,7.00,37765538.94,27537702.11,150846480.12,177753304.15,328599784.27,71.62,71.24,60786284.23,53955252.32,162523022.42,189101327.50,351624349.92,70.00,70.00,19952130.83,5569311.59,154534494.94,184347190.87,97.00,93.00
794.00,7.00,38914081.59,28898653.95,151071173.51,177887023.80,328958197.31,71.62,71.24,62207038.65,55638758.24,162800969.55,189266739.54,352067709.09,70.00,70.00,20737724.44,6500191.33,154688183.35,184438654.00,97.00,93.00
795.00,7.00,39115454.63,29137268.51,151110568.82,177910468.75,329021037.57,71.62,71.24,62524619.04,56015071.33,162863098.90,189303714.00,352166812.90,70.00,70.00,20871442.51,6658638.95,154714343.08,184454222.19,97.00,93.00
796.00,7.00,39602570.43,29714470.54,151205864.98,177967181.45,329173046.43,71.62,71.24,63092920.81,56688473.70,162974277.76,189369878.81,352344156.57,70.00,70.00,21540032.82,7450877.03,154845141.73,184532063.15,97.00,93.00
797.00,7.00,37638984.35,27387742.75,150821721.80,177738569.97,328560291.77,71.62,71.24,61354586.00,54628654.69,162634201.27,189167492.32,351801693.59,70.00,70.00,18564805.93,3925417.57,154263087.75,184185670.88,97.00,93.00
798.00,7.00,38660972.40,28598735.25,151021656.88,177857555.44,328879212.32,71.62,71.24,62474474.77,55955653.48,162853289.01,189297875.92,352151164.93,70.00,70.00,20353285.01,6044654.44,154612974.13,184393895.44,97.00,93.00
799.00,7.00,38259818.21,28123392.40,150943177.69,177810850.86,328754028.55,71.62,71.24,62257182.92,55698176.10,162810779.44,189272577.61,352083357.05,70.00,70.00,19567691.40,5113774.69,154459285.72,184302432.32,97.00,93.00
800.00,7.00,27349856.99,15195764.59,148808824.03,176540653.19,325349477.22,71.62,54.10,36432882.06,25097980.26,157758681.63,186265970.53,344024652.16,70.00,50.00,22442629.74,8520398.44,155021719.91,184637148.44,97.00,93.00
801.00,8.00,50795090.65,42976913.26,153395496.64,179270276.19,332665772.83,80.19,79.81,86109142.36,83961269.60,167477021.24,192049553.86,359526575.10,80.00,80.00,21406314.76,7292429.41,154818982.00,184516494.96,97.00,93.00
802.00,8.00,50618391.78,42767536.05,153360928.43,179249703.94,332610632.37,80.19,79.81,86560440.82,84496030.31,167565310.33,192102096.51,359667406.84,80.00,80.00,20286425.98,5965430.63,154599894.27,184386111.35,97.00,93.00
803.00,8.00,49580484.91,41537680.75,153157879.10,179128865.11,332286744.21,80.19,79.81,85189830.68,82871942.24,167297173.10,191942522.54,359239695.64,80.00,80.00,19400543.82,4915715.17,154426586.06,184282972.08,97.00,93.00
804.00,8.00,50193359.37,42263898.99,153277777.86,179200219.33,332477997.19,80.19,79.81,86410008.00,84317776.74,167535880.63,192084582.29,359620462.92,80.00,80.00,19517547.12,5054356.84,154449475.82,184296594.24,97.00,93.00
805.00,8.00,32400897.62,21180934.65,149796976.68,177128723.11,326925699.79,80.19,54.10,48250215.85,39100788.32,160070547.75,187641809.50,347712357.25,80.00,50.00,20620721.14,6361549.67,154665293.59,184425031.83,97.00,93.00
806.00,8.00,51068098.36,43300410.48,153448906.09,179302061.25,332750967.34,80.19,79.81,87295890.16,85367492.20,167709188.84,192187721.56,359896910.40,80.00,80.00,20888157.26,6678444.90,154717613.05,184456168.21,97.00,93.00
807.00,8.00,49578893.03,41535794.47,153157567.67,179128679.78,332286247.45,80.19,79.81,86443437.51,84357388.64,167542420.57,192088474.34,359630894.91,80.00,80.00,20102563.65,5747565.16,154563924.64,184364705.08,97.00,93.00
808.00,8.00,51847324.45,44223745.09,153601348.80,179392783.04,332994131.84,80.19,79.81,87630185.32,85763611.24,167774588.17,192226642.04,360001230.21,80.00,80.00,22208623.13,8243115.11,154975940.38,184609904.11,97.00,93.00
809.00,8.00,32432735.25,21218660.28,149803205.18,177132429.83,326935635.01,80.19,54.10,48634655.28,39556325.22,160145756.98,187686568.05,347832325.03,80.00,50.00,20737724.44,6500191.33,154688183.35,184438654.00,97.00,93.00
810.00,8.00,32345181.76,21114914.81,149786076.79,177122236.37,326908313.16,80.19,54.10,48484222.46,39378071.65,160116327.28,187669053.84,347785381.12,80.00,50.00,21189022.91,7034952.04,154776472.44,184491196.64,97.00,93.00
811.00,8.00,51835385.34,44209597.99,153599013.11,179391393.02,332990406.13,80.19,79.81,86443437.51,84357388.64,167542420.57,192088474.34,359630894.91,80.00,80.00,22743495.39,8876905.57,155080579.30,184672176.88,97.00,93.00
812.00,8.00,51403985.40,43698415.80,153514616.84,179341167.07,332855783.91,80.19,79.81,87529896.77,85644775.52,167754968.37,192214965.90,359969934.27,80.00,80.00,21489888.55,7391459.17,154835331.83,184526225.08,97.00,93.00
813.00,8.00,50856378.10,43049535.08,153407486.52,179277411.61,332684898.13,80.19,79.81,87078598.31,85110014.82,167666679.28,192162423.25,359829102.53,80.00,80.00,20804583.48,6579415.14,154701263.22,184446438.09,97.00,93.00
814.00,8.00,50045314.37,42088474.84,153248815.30,179182983.11,332431798.41,80.19,79.81,85925280.02,83743404.13,167441051.61,192028147.60,359469199.21,80.00,80.00,20286425.98,5965430.63,154599894.27,184386111.35,97.00,93.00
815.00,8.00,49946617.71,41971525.41,153229506.93,179171492.31,332400999.24,80.19,79.81,85724702.93,83505732.71,167401812.02,192004795.31,359406607.33,80.00,80.00,20487003.08,6203102.05,154639133.86,184409463.64,97.00,93.00
816.00,8.00,51547254.75,43868181.10,153542645.12,179357847.27,332900492.39,80.19,79.81,87245745.89,85308074.34,167699378.94,192181883.49,359881262.43,80.00,80.00,21840898.46,7807384.16,154904001.12,184567091.58,97.00,93.00
817.00,8.00,49911596.31,41930027.23,153222655.57,179167414.92,332390070.49,80.19,79.81,84989253.58,82634270.82,167257933.50,191919170.25,359177103.75,80.00,80.00,20704294.93,6460579.43,154681643.42,184434761.95,97.00,93.00
818.00,8.00,48929405.30,40766191.76,153030506.13,179053062.85,332083568.98,80.19,79.81,84103371.42,81584555.36,167084625.29,191816030.98,358900656.27,80.00,80.00,19383829.06,4895909.22,154423316.09,184281026.05,97.00,93.00
819.00,8.00,49028897.91,40884084.33,153049970.21,179064646.32,332114616.53,80.19,79.81,85373693.01,83089807.72,167333142.73,191963928.80,359297071.53,80.00,80.00,19534261.88,5074162.79,154452745.79,184298540.27,97.00,93.00
820.00,8.00,51950000.82,44345410.23,153621435.74,179404737.18,333026172.92,80.19,79.81,87496467.26,85605163.62,167748428.44,192211073.85,359959502.29,80.00,80.00,21640321.37,7569712.74,154864761.53,184543739.29,97.00,93.00
821.00,8.00,48731216.03,40531349.76,152991733.67,179029988.56,332021722.23,80.19,79.81,85557555.35,83307673.19,167369112.36,191985335.07,359354447.43,80.00,80.00,19417258.57,4935521.12,154429856.02,184284918.10,97.00,93.00
822.00,8.00,51300513.09,43575807.52,153494374.19,179329120.25,332823494.44,80.19,79.81,87446322.98,85545745.76,167738618.54,192205235.78,359943854.32,80.00,80.00,21088734.36,6916116.32,154756852.64,184479520.50,97.00,93.00
823.00,8.00,48599089.85,40374788.42,152965885.37,179014605.70,331980491.07,80.19,79.81,84170230.45,81663779.17,167097705.16,191823815.08,358921520.24,80.00,80.00,19333684.79,4836491.36,154413506.19,184275187.98,97.00,93.00
824.00,8.00,51324391.32,43604101.74,153499045.57,179331900.28,332830945.85,80.19,79.81,88131628.06,86357789.80,167872687.15,192285022.76,360157709.91,80.00,80.00,20470288.32,6183296.10,154635863.89,184407517.61,97.00,93.00
825.00,8.00,32254444.50,21007396.79,149768325.54,177111672.24,326879997.78,80.19,54.10,47949350.21,38744281.19,160011688.36,187606781.07,347618469.43,80.00,50.00,20186137.44,5846594.92,154580274.47,184374435.20,97.00,93.00
826.00,8.00,51384086.88,43674837.28,153510724.03,179338850.37,332849574.40,80.19,79.81,88131628.06,86357789.80,167872687.15,192285022.76,360157709.91,80.00,80.00,20403429.29,6104072.29,154622784.03,184399733.52,97.00,93.00
827.00,8.00,32824338.15,21682685.44,149879815.82,177178022.39,327057838.21,80.19,54.10,48049638.75,38863116.90,160031308.16,187618457.21,347649765.37,80.00,50.00,22242052.65,8282727.01,154982480.31,184613796.16,97.00,93.00
828.00,8.00,50168685.20,42234661.63,153272950.77,179197346.63,332470297.40,80.19,79.81,86359863.72,84258358.88,167526070.73,192078744.22,359604814.95,80.00,80.00,20169422.68,5826788.96,154577004.50,184372489.18,97.00,93.00
829.00,8.00,49448358.73,41381119.41,153132030.79,179113482.26,332245513.05,80.19,79.81,86493581.79,84416806.50,167552230.46,192094312.41,359646542.87,80.00,80.00,18481232.14,3826387.81,154246737.91,184175940.76,97.00,93.00
830.00,8.00,50473530.55,42595884.47,153332588.72,179232838.40,332565427.12,80.19,79.81,86259575.18,84139523.17,167506450.94,192067068.08,359573519.02,80.00,80.00,21690465.64,7629130.60,154874571.43,184549577.36,97.00,93.00
831.00,8.00,50067600.71,42114882.78,153253175.26,179185577.81,332438753.07,80.19,79.81,85858420.99,83664180.32,167427971.75,192020363.50,359448335.25,80.00,80.00,21372885.24,7252817.51,154812442.07,184512602.91,97.00,93.00
832.00,8.00,49569341.74,41524476.78,153155699.12,179127567.76,332283266.88,80.19,79.81,86075712.84,83921657.70,167470481.31,192045661.81,359516143.12,80.00,80.00,19534261.88,5074162.79,154452745.79,184298540.27,97.00,93.00
833.00,8.00,50034967.14,42076214.01,153246791.04,179181778.43,332428569.47,80.19,79.81,85958709.54,83783016.04,167447591.54,192032039.64,359479631.18,80.00,80.00,20704294.93,6460579.43,154681643.42,184434761.95,97.00,93.00
834.00,8.00,49613914.43,41577292.65,153164419.03,179132757.16,332297176.19,80.19,79.81,85574270.11,83327479.14,167372382.32,191987281.09,359359663.41,80.00,80.00,19450688.09,4975133.03,154436395.96,184288810.15,97.00,93.00
835.00,8.00,51594215.26,43923826.39,153551832.17,179363314.67,332915146.84,80.19,79.81,87479752.50,85585357.67,167745158.47,192209127.83,359954286.30,80.00,80.00,21924472.25,7906413.92,154920350.96,184576821.70,97.00,93.00
836.00,8.00,50339812.49,42437436.85,153306428.99,179217270.20,332523699.19,80.19,79.81,86276289.93,84159329.12,167509720.90,192069014.10,359578735.00,80.00,80.00,21356170.48,7233011.56,154809172.10,184510656.88,97.00,93.00
837.00,8.00,49759571.61,41749887.38,153192914.45,179149715.37,332342629.82,80.19,79.81,86326434.21,84218746.98,167519530.80,192074852.17,359594382.97,80.00,80.00,19952130.83,5569311.59,154534494.94,184347190.87,97.00,93.00
838.00,8.00,50108193.70,42162982.95,153261116.60,179190303.87,332451420.47,80.19,79.81,86694158.88,84654477.92,167591470.06,192117664.70,359709134.76,80.00,80.00,20303140.74,5985236.58,154603164.23,184388057.37,97.00,93.00
839.00,8.00,32444674.37,21232807.39,149805540.87,177133819.84,326939360.71,80.19,54.10,47698628.84,38447191.91,159962638.87,187577590.71,347540229.58,80.00,50.00,20838012.99,6619027.04,154707803.15,184450330.14,97.00,93.00
840.00,8.00,48795687.24,40607744.14,153004346.40,179037494.65,332041841.05,80.19,79.81,85323548.74,83030389.86,167323332.83,191958090.73,359281423.56,80.00,80.00,19032819.14,4479984.23,154354646.80,184240159.55,97.00,93.00
841.00,8.00,31165597.42,19717180.49,149555310.60,176984902.67,326540213.27,80.19,54.10,47615055.05,38348162.15,159946289.04,187567860.59,347514149.63,80.00,50.00,19266825.75,4757267.56,154400426.33,184267403.88,97.00,93.00
842.00,8.00,32443878.42,21231864.24,149805385.16,177133727.17,326939112.33,80.19,54.10,48584511.01,39496907.36,160135947.08,187680729.98,347816677.06,80.00,50.00,21172308.15,7015146.08,154773202.48,184489250.62,97.00,93.00
843.00,8.00,50238728.00,42317658.00,153286653.48,179205501.39,332492154.87,80.19,79.81,86042283.33,83882045.80,167463941.38,192041769.76,359505711.14,80.00,80.00,20487003.08,6203102.05,154639133.86,184409463.64,97.00,93.00
844.00,8.00,49625853.54,41591439.76,153166754.72,179134147.18,332300901.90,80.19,79.81,86226145.66,84099911.27,167499911.00,192063176.03,359563087.03,80.00,80.00,20002275.10,5628729.44,154544304.84,184353028.94,97.00,93.00
845.00,8.00,49607546.90,41569747.53,153163173.33,179132015.82,332295189.15,80.19,79.81,85975424.29,83802821.99,167450861.51,192033985.67,359484847.18,80.00,80.00,19266825.75,4757267.56,154400426.33,184267403.88,97.00,93.00
846.00,8.00,32189177.35,20930059.26,149755557.10,177104073.48,326859630.58,80.19,54.10,48216786.33,39061176.42,160064007.82,187637917.45,347701925.27,80.00,50.00,21055304.84,6876504.42,154750312.71,184475628.45,97.00,93.00
847.00,8.00,32530635.98,21334666.57,149822357.84,177143827.97,326966185.81,80.19,54.10,48383933.91,39259235.94,160096707.48,187657377.69,347754085.17,80.00,50.00,20637435.90,6381355.62,154668563.56,184426977.85,97.00,93.00
848.00,8.00,50994871.80,43213641.54,153434580.53,179293535.81,332728116.34,80.19,79.81,86008853.81,83842433.89,167457401.44,192037877.72,359495279.16,80.00,80.00,21055304.84,6876504.42,154750312.71,184475628.45,97.00,93.00
849.00,8.00,52077351.36,44496312.72,153646349.77,179419564.03,333065913.80,80.19,79.81,87346034.44,85426910.05,167718998.74,192193559.64,359912558.38,80.00,80.00,23328511.91,9570113.89,155195028.12,184740287.72,97.00,93.00
850.00,8.00,50759273.31,42934471.93,153388489.57,179266106.14,332654595.71,80.19,79.81,86761017.91,84733701.73,167604549.92,192125448.80,359729998.72,80.00,80.00,21456459.03,7351847.27,154828791.90,184522333.03,97.00,93.00
851.00,8.00,52030390.85,44440667.43,153637162.72,179414096.63,333051259.35,80.19,79.81,88148342.81,86377595.75,167875957.12,192286968.79,360162925.91,80.00,80.00,21941187.01,7926219.88,154923620.92,184578767.72,97.00,93.00
852.00,8.00,32450245.95,21239409.37,149806630.86,177134468.52,326941099.38,80.19,54.10,48935520.92,39912832.36,160204616.37,187721596.48,347926212.85,80.00,50.00,20386714.53,6084266.34,154619514.06,184397787.49,97.00,93.00
853.00,8.00,50354935.36,42455356.52,153309387.53,179219030.89,332528418.42,80.19,79.81,86359863.72,84258358.88,167526070.73,192078744.22,359604814.95,80.00,80.00,20503717.83,6222908.00,154642403.83,184411409.66,97.00,93.00
854.00,8.00,51056955.19,43287206.51,153446726.12,179300763.90,332747490.02,80.19,79.81,87546611.53,85664581.48,167758238.34,192216911.92,359975150.26,80.00,80.00,21205737.66,7054757.99,154779742.41,184493142.67,97.00,93.00
855.00,8.00,52757880.79,45302697.91,153779484.11,179498795.01,333278279.12,80.19,79.81,88399064.18,86674685.03,167925006.61,192316159.15,360241165.76,80.00,80.00,23044361.03,9233412.71,155139438.69,184707205.31,97.00,93.00
856.00,8.00,31862045.66,20542428.49,149691559.19,177065987.01,326757546.20,80.19,54.10,47314189.41,37991655.01,159887429.64,187532832.16,347420261.80,80.00,50.00,20637435.90,6381355.62,154668563.56,184426977.85,97.00,93.00
857.00,8.00,50198135.01,42269557.83,153278712.14,179200775.33,332479487.47,80.19,79.81,86894735.98,84892149.35,167630709.65,192141016.99,359771726.64,80.00,80.00,19818412.76,5410863.97,154508335.21,184331622.68,97.00,93.00
858.00,8.00,51241613.47,43506015.12,153482851.46,179322262.83,332805114.29,80.19,79.81,87078598.31,85110014.82,167666679.28,192162423.25,359829102.53,80.00,80.00,21456459.03,7351847.27,154828791.90,184522333.03,97.00,93.00
859.00,8.00,50083519.53,42133745.59,153256289.51,179187431.17,332443720.68,80.19,79.81,87095313.07,85129820.77,167669949.25,192164369.28,359834318.53,80.00,80.00,19534261.88,5074162.79,154452745.79,184298540.27,97.00,93.00
860.00,8.00,49704651.69,41684810.68,153182170.28,179143321.29,332325491.57,80.19,79.81,85039397.85,82693688.68,167267743.40,191925008.32,359192751.72,80.00,80.00,20219566.95,5886206.82,154586814.40,184378327.25,97.00,93.00
861.00,8.00,50332649.02,42428948.59,153305027.58,179216436.19,332521463.77,80.19,79.81,86727588.40,84694089.83,167598009.99,192121556.75,359719566.74,80.00,80.00,20319855.50,6005042.53,154606434.20,184390003.40,97.00,93.00
862.00,8.00,49410153.57,41335848.67,153124556.59,179109034.20,332233590.79,80.19,79.81,84872250.28,82495629.16,167235043.74,191905548.08,359140591.82,80.00,80.00,20353285.01,6044654.44,154612974.13,184393895.44,97.00,93.00
863.00,8.00,32817970.62,21675140.31,149878570.12,177177281.05,327055851.17,80.19,54.10,48283645.36,39140400.23,160077087.68,187645701.55,347722789.23,80.00,50.00,20938301.54,6737862.76,154727422.95,184462006.28,97.00,93.00
864.00,8.00,51227286.53,43489038.59,153480048.63,179320594.81,332800643.44,80.19,79.81,86593870.33,84535642.21,167571850.26,192105988.56,359677838.82,80.00,80.00,21389600.00,7272623.46,154815712.04,184514548.93,97.00,93.00
865.00,8.00,31729919.48,20385867.15,149665710.89,177050604.15,326716315.04,80.19,54.10,47113612.32,37753983.59,159848190.05,187509479.87,347357669.92,80.00,50.00,20587291.62,6321937.76,154658753.66,184421139.78,97.00,93.00
866.00,8.00,49379907.82,41300009.32,153118639.50,179105512.83,332224152.33,80.19,79.81,86326434.21,84218746.98,167519530.80,192074852.17,359594382.97,80.00,80.00,18832242.05,4242312.80,154315407.21,184216807.26,97.00,93.00
867.00,8.00,50184604.02,42253524.44,153276065.02,179199199.98,332475265.00,80.19,79.81,86359863.72,84258358.88,167526070.73,192078744.22,359604814.95,80.00,80.00,20152707.92,5806983.01,154573734.54,184370543.16,97.00,93.00
868.00,8.00,49991986.33,42025284.42,153238382.55,179176774.37,332415156.92,80.19,79.81,85340263.50,83050195.81,167326602.79,191960036.76,359286639.55,80.00,80.00,21272596.70,7133981.80,154792822.27,184500926.76,97.00,93.00
869.00,8.00,50827724.23,43015582.02,153401880.86,179274075.57,332675956.43,80.19,79.81,86861306.46,84852537.44,167624169.72,192137124.94,359761294.66,80.00,80.00,20771153.96,6539803.24,154694723.29,184442546.04,97.00,93.00
870.00,8.00,50957462.58,43169313.94,153427262.03,179289180.42,332716442.45,80.19,79.81,86326434.21,84218746.98,167519530.80,192074852.17,359594382.97,80.00,80.00,22242052.65,8282727.01,154982480.31,184613796.16,97.00,93.00
871.00,8.00,50014272.68,42051692.36,153242742.51,179179369.07,332422111.58,80.19,79.81,86176001.39,84040493.41,167490101.11,192057337.96,359547439.07,80.00,80.00,19484117.61,5014744.93,154442935.89,184292702.20,97.00,93.00
872.00,8.00,31309662.71,19887888.93,149583494.60,177001675.55,326585170.15,80.19,54.10,48317074.88,39180012.13,160083627.62,187649593.60,347733221.22,80.00,50.00,19534261.88,5074162.79,154452745.79,184298540.27,97.00,93.00
873.00,8.00,49367968.71,41285862.21,153116303.81,179104122.81,332220426.62,80.19,79.81,85975424.29,83802821.99,167450861.51,192033985.67,359484847.18,80.00,80.00,19350399.54,4856297.32,154416776.16,184277134.00,97.00,93.00
874.00,8.00,33917960.88,22978560.58,150093765.04,177305347.96,327399113.00,80.19,54.10,48183356.82,39021564.52,160057467.89,187634025.40,347691493.29,80.00,50.00,23880098.92,10223710.31,155302937.00,184804506.51,97.00,93.00
875.00,8.00,50527654.53,42660018.03,153343177.18,179239139.81,332582316.99,80.19,79.81,86309719.45,84198941.03,167516260.84,192072906.15,359589166.99,80.00,80.00,21473173.79,7371653.22,154832061.87,184524279.05,97.00,93.00
876.00,8.00,50717884.39,42885428.62,153380392.51,179261287.41,332641679.92,80.19,79.81,86025568.57,83862239.84,167460671.41,192039823.74,359500495.15,80.00,80.00,21172308.15,7015146.08,154773202.48,184489250.62,97.00,93.00
877.00,8.00,49675201.88,41649914.48,153176408.91,179139892.58,332316301.49,80.19,79.81,86025568.57,83862239.84,167460671.41,192039823.74,359500495.15,80.00,80.00,20219566.95,5886206.82,154586814.40,184378327.25,97.00,93.00
878.00,8.00,31440992.95,20043507.12,149609187.19,177016965.73,326626152.92,80.19,54.10,47514766.50,38229326.44,159926669.24,187556184.44,347482853.68,80.00,50.00,19701409.46,5272222.31,154485445.45,184318000.51,97.00,93.00
879.00,8.00,32213055.58,20958353.48,149760228.48,177106853.51,326867081.99,80.19,54.10,47999494.48,38803699.04,160021498.26,187612619.14,347634117.40,80.00,50.00,21272596.70,7133981.80,154792822.27,184500926.76,97.00,93.00
880.00,8.00,49979251.28,42010194.17,153235891.15,179175291.69,332411182.84,80.19,79.81,85891850.50,83703792.23,167434511.68,192024255.55,359458767.23,80.00,80.00,20369999.77,6064460.39,154616244.10,184395841.47,97.00,93.00
881.00,8.00,51877570.21,44259584.44,153607265.89,179396304.41,333003570.30,80.19,79.81,87596755.80,85723999.33,167768048.23,192222750.00,359990798.23,80.00,80.00,21723895.16,7668742.50,154881111.36,184553469.41,97.00,93.00
882.00,8.00,31806329.80,20476408.65,149680659.31,177059500.26,326740159.57,80.19,54.10,47899205.93,38684863.33,160001878.46,187600943.00,347602821.46,80.00,50.00,20052419.37,5688147.30,154554114.74,184358867.01,97.00,93.00
883.00,8.00,50611228.32,42759047.79,153359527.02,179248869.93,332608396.95,80.19,79.81,86393293.24,84297970.79,167532610.67,192082636.27,359615246.94,80.00,80.00,21005160.57,6817086.56,154740502.81,184469790.38,97.00,93.00
884.00,8.00,51636400.13,43973812.84,153560084.94,179368226.07,332928311.01,80.19,79.81,87446322.98,85545745.76,167738618.54,192205235.78,359943854.32,80.00,80.00,21389600.00,7272623.46,154815712.04,184514548.93,97.00,93.00
885.00,8.00,51958756.17,44355784.77,153623148.58,179405756.53,333028905.11,80.19,79.81,88131628.06,86357789.80,167872687.15,192285022.76,360157709.91,80.00,80.00,22693351.11,8817487.72,155070769.40,184666338.80,97.00,93.00
886.00,8.00,49355233.65,41270771.97,153113812.41,179102640.12,332216452.53,80.19,79.81,85958709.54,83783016.04,167447591.54,192032039.64,359479631.18,80.00,80.00,19500832.36,5034550.88,154446205.85,184294648.22,97.00,93.00
887.00,8.00,52144210.39,44575536.53,153659429.63,179427348.13,333086777.76,80.19,79.81,88833647.88,87189639.78,168010025.73,192366755.77,360376781.50,80.00,80.00,21840898.46,7807384.16,154904001.12,184567091.58,97.00,93.00
888.00,8.00,50157542.03,42221457.66,153270770.79,179196049.28,332466820.07,80.19,79.81,86393293.24,84297970.79,167532610.67,192082636.27,359615246.94,80.00,80.00,20938301.54,6737862.76,154727422.95,184462006.28,97.00,93.00
889.00,8.00,30958652.80,19471963.94,149514825.30,176960809.04,326475634.34,80.19,54.10,46963179.50,37575730.02,159818760.35,187491965.65,347310726.00,80.00,50.00,18665094.47,4044253.28,154282707.54,184197347.02,97.00,93.00
890.00,8.00,50402691.81,42511944.96,153318730.29,179224590.96,332543321.25,80.19,79.81,87212316.37,85268462.44,167692839.01,192177991.44,359870830.45,80.00,80.00,20069134.13,5707953.25,154557384.71,184360813.04,97.00,93.00
891.00,8.00,51920551.01,44310514.03,153615674.37,179401308.47,333016982.84,80.19,79.81,87362749.19,85446716.00,167722268.71,192195505.66,359917774.37,80.00,80.00,21790754.19,7747966.31,154894191.23,184561253.51,97.00,93.00
892.00,8.00,51447762.15,43750288.53,153523181.04,179346263.80,332869444.84,80.19,79.81,88365634.66,86635073.12,167918466.68,192312267.10,360230733.78,80.00,80.00,21189022.91,7034952.04,154776472.44,184491196.64,97.00,93.00
893.00,8.00,48970794.22,40815235.07,153038603.19,179057881.57,332096484.76,80.19,79.81,85156401.16,82832330.34,167290633.17,191938630.49,359229263.66,80.00,80.00,19383829.06,4895909.22,154423316.09,184281026.05,97.00,93.00
894.00,8.00,50864337.51,43058966.49,153409043.65,179278338.29,332687381.94,80.19,79.81,86075712.84,83921657.70,167470481.31,192045661.81,359516143.12,80.00,80.00,21088734.36,6916116.32,154756852.64,184479520.50,97.00,93.00
895.00,8.00,51710422.63,44061524.92,153574566.22,179376844.17,332951410.39,80.19,79.81,87847477.17,86021088.61,167817097.73,192251940.36,360069038.09,80.00,80.00,22175193.62,8203503.20,154969400.45,184606012.06,97.00,93.00
896.00,8.00,50431345.68,42545898.02,153324335.95,179227927.00,332552262.95,80.19,79.81,87830762.41,86001282.66,167813827.76,192249994.33,360063822.09,80.00,80.00,20219566.95,5886206.82,154586814.40,184378327.25,97.00,93.00
897.00,8.00,49268476.10,41167969.64,153096839.73,179092539.33,332189379.06,80.19,79.81,85022683.10,82673882.72,167264473.44,191923062.30,359187535.74,80.00,80.00,19350399.54,4856297.32,154416776.16,184277134.00,97.00,93.00
898.00,8.00,50419406.57,42531750.91,153322000.26,179226536.99,332548537.25,80.19,79.81,86192716.15,84060299.36,167493371.07,192059283.98,359552655.05,80.00,80.00,20219566.95,5886206.82,154586814.40,184378327.25,97.00,93.00
899.00,8.00,51698483.52,44047377.81,153572230.53,179375454.16,332947684.69,80.19,79.81,87763903.38,85922058.85,167800747.90,192242210.24,360042958.14,80.00,80.00,22308911.68,8361950.82,154995560.18,184621580.25,97.00,93.00
900.00,8.00,50026211.79,42065839.47,153245078.20,179180759.09,332425837.29,80.19,79.81,85741417.68,83525538.66,167405081.98,192006741.33,359411823.31,80.00,80.00,20503717.83,6222908.00,154642403.83,184411409.66,97.00,93.00
901.00,9.00,61937466.60,56179938.12,155575318.41,180567532.86,336142851.27,88.76,88.38,109376085.27,111531154.79,172028814.22,194758419.27,366787233.49,90.00,90.00,21205737.66,7054757.99,154779742.41,184493142.67,97.00,93.00
902.00,9.00,62097450.71,56369509.37,155606616.66,180586159.09,336192775.75,88.76,88.38,109442944.30,111610378.60,172041894.08,194766203.36,366808097.44,90.00,90.00,21523318.06,7431071.08,154841871.77,184530117.12,97.00,93.00
903.00,9.00,61472637.15,55629144.03,155484382.21,180513414.86,335997797.07,88.76,88.38,108239481.74,110184350.05,171806456.52,194626089.64,366432546.16,90.00,90.00,20921586.78,6718056.80,154724152.98,184460060.26,97.00,93.00
904.00,9.00,61560190.64,55732889.49,155501510.60,180523608.32,336025118.92,88.76,88.38,108423344.07,110402215.52,171842426.14,194647495.90,366489922.04,90.00,90.00,21172308.15,7015146.08,154773202.48,184489250.62,97.00,93.00
905.00,9.00,61199629.44,55305646.81,155430972.76,180481629.80,335912602.56,88.76,88.38,107704609.49,109550559.59,171701817.60,194563816.87,366265634.47,90.00,90.00,21239167.18,7094369.89,154786282.34,184497034.72,97.00,93.00
906.00,9.00,61685153.35,55880962.56,155525957.49,180538157.16,336064114.65,88.76,88.38,108139193.19,110065514.34,171786836.72,194614413.49,366401250.21,90.00,90.00,21372885.24,7252817.51,154812442.07,184512602.91,97.00,93.00
907.00,9.00,61476616.85,55633859.73,155485160.77,180513878.20,335999038.97,88.76,88.38,108055619.40,109966484.58,171770486.89,194604683.37,366375170.26,90.00,90.00,21556747.58,7470682.98,154848411.70,184534009.17,97.00,93.00
908.00,9.00,61766339.32,55977162.90,155541840.19,180547609.28,336089449.47,88.76,88.38,107788183.28,109649589.35,171718167.43,194573546.99,366291714.42,90.00,90.00,22693351.11,8817487.72,155070769.40,184666338.80,97.00,93.00
909.00,9.00,61124015.06,55216048.45,155416180.06,180472826.36,335889006.42,88.76,88.38,108423344.07,110402215.52,171842426.14,194647495.90,366489922.04,90.00,90.00,20670865.41,6420967.52,154675103.49,184430869.90,97.00,93.00
910.00,9.00,39873190.31,30035138.34,151258807.29,177998688.51,329257495.80,88.76,54.10,62307327.19,55757593.96,162820589.34,189278415.68,352099005.02,90.00,50.00,21924472.25,7906413.92,154920350.96,184576821.70,97.00,93.00
911.00,9.00,61494923.49,55655551.96,155488742.16,180516009.55,336004751.71,88.76,88.38,108490203.10,110481439.33,171855506.01,194655280.00,366510786.01,90.00,90.00,21205737.66,7054757.99,154779742.41,184493142.67,97.00,93.00
912.00,9.00,61343694.73,55476355.25,155459156.75,180498402.67,335957559.42,88.76,88.38,108122478.43,110045708.39,171783566.75,194612467.47,366396034.22,90.00,90.00,20436858.80,6143684.20,154629323.96,184403625.56,97.00,93.00
913.00,9.00,38232756.22,28091325.62,150937883.46,177807700.15,328745583.61,88.76,54.10,58947660.87,51776597.60,162163326.13,188887264.86,351050590.99,90.00,50.00,21289311.45,7153787.75,154796092.24,184502872.79,97.00,93.00
914.00,9.00,61105708.42,55194356.22,155412598.66,180470695.00,335883293.66,88.76,88.38,108306340.77,110263573.86,171819536.38,194633873.73,366453410.11,90.00,90.00,20888157.26,6678444.90,154717613.05,184456168.21,97.00,93.00
915.00,9.00,61392247.12,55533886.83,155468655.23,180504055.41,335972710.64,88.76,88.38,106885586.35,108580067.94,171541589.25,194468461.69,366010050.94,90.00,90.00,21189022.91,7034952.04,154776472.44,184491196.64,97.00,93.00
916.00,9.00,61019746.80,55092497.04,155395781.69,180460686.87,335856468.56,88.76,88.38,108490203.10,110481439.33,171855506.01,194655280.00,366510786.01,90.00,90.00,19885271.79,5490087.78,154521415.08,184339406.77,97.00,93.00
917.00,9.00,60323298.56,54267249.04,155259533.10,180379602.54,335639135.64,88.76,88.38,107136307.72,108877157.22,171590638.75,194497652.05,366088290.80,90.00,90.00,19400543.82,4915715.17,154426586.06,184282972.08,97.00,93.00
918.00,9.00,60614612.91,54612438.49,155316523.94,180413518.96,335730042.90,88.76,88.38,107637750.45,109471335.78,171688737.73,194556032.77,366244770.50,90.00,90.00,19701409.46,5272222.31,154485445.45,184318000.51,97.00,93.00
919.00,9.00,61833994.29,56057329.84,155555075.76,180555486.04,336110561.80,88.76,88.38,108206052.22,110144738.15,171799916.58,194622197.59,366422114.17,90.00,90.00,21657036.13,7589518.69,154868031.50,184545685.32,97.00,93.00
920.00,9.00,61738481.39,55944152.98,155536390.24,180544365.90,336080756.14,88.76,88.38,109242367.21,111372707.17,172002654.49,194742851.08,366745505.57,90.00,90.00,20286425.98,5965430.63,154599894.27,184386111.35,97.00,93.00
921.00,9.00,59631625.96,53447659.88,155124218.79,180299074.21,335423293.00,88.76,88.38,106868871.59,108560261.99,171538319.29,194466515.67,366004834.96,90.00,90.00,19032819.14,4479984.23,154354646.80,184240159.55,97.00,93.00
922.00,9.00,61724154.46,55927176.45,155533587.41,180542697.88,336076285.29,88.76,88.38,107520747.15,109332694.12,171665847.97,194542410.60,366208258.57,90.00,90.00,20904872.02,6698250.85,154720883.02,184458114.24,97.00,93.00
923.00,9.00,60487262.38,54461536.00,155291609.91,180398692.11,335690302.02,88.76,88.38,108306340.77,110263573.86,171819536.38,194633873.73,366453410.11,90.00,90.00,19383829.06,4895909.22,154423316.09,184281026.05,97.00,93.00
924.00,9.00,61355633.84,55490502.36,155461492.44,180499792.69,335961285.13,88.76,88.38,108306340.77,110263573.86,171819536.38,194633873.73,366453410.11,90.00,90.00,20303140.74,5985236.58,154603164.23,184388057.37,97.00,93.00
925.00,9.00,62400704.18,56728845.93,155665943.19,180621465.52,336287408.71,88.76,88.38,108740924.47,110778528.61,171904555.50,194684470.36,366589025.86,90.00,90.00,22091619.83,8104473.44,154953050.62,184596281.94,97.00,93.00
926.00,9.00,60227785.66,54154072.17,155240847.58,180368482.40,335609329.98,88.76,88.38,107988760.37,109887260.77,171757407.02,194596899.28,366354306.30,90.00,90.00,20018989.86,5648535.40,154547574.81,184354974.96,97.00,93.00
927.00,9.00,38948307.05,28939208.99,151077869.16,177891008.51,328968877.67,88.76,54.10,59833543.03,52826313.06,162336634.34,188990404.13,351327038.47,90.00,50.00,22359055.95,8421368.68,155005370.08,184627418.32,97.00,93.00
928.00,9.00,39456117.31,29540932.68,151177213.85,177950130.58,329127344.43,88.76,54.10,60502133.35,53618551.14,162467432.99,189068245.09,351535678.08,90.00,50.00,22308911.68,8361950.82,154995560.18,184621580.25,97.00,93.00
929.00,9.00,60750718.80,54773715.53,155343150.81,180429365.15,335772515.96,88.76,88.38,107353599.57,109134634.60,171633148.31,194522950.36,366156098.67,90.00,90.00,21172308.15,7015146.08,154773202.48,184489250.62,97.00,93.00
930.00,9.00,61125606.94,55217934.74,155416491.48,180473011.69,335889503.17,88.76,88.38,107871757.06,109748619.11,171734517.26,194583277.11,366317794.37,90.00,90.00,19968845.58,5589117.54,154537764.91,184349136.89,97.00,93.00
931.00,9.00,60669532.83,54677515.19,155327268.12,180419913.04,335747181.16,88.76,88.38,107637750.45,109471335.78,171688737.73,194556032.77,366244770.50,90.00,90.00,19868557.04,5470281.83,154518145.11,184337460.75,97.00,93.00
932.00,9.00,60795291.48,54826531.40,155351870.72,180434554.55,335786425.27,88.76,88.38,108022189.88,109926872.68,171763946.96,194600791.32,366364738.28,90.00,90.00,20487003.08,6203102.05,154639133.86,184409463.64,97.00,93.00
933.00,9.00,59699280.93,53527826.83,155137454.36,180306950.98,335444405.34,88.76,88.38,105498261.45,106936173.92,171270182.06,194306941.70,365577123.76,90.00,90.00,19651265.18,5212804.45,154475635.55,184312162.44,97.00,93.00
934.00,9.00,61028502.15,55102871.59,155397494.53,180461706.22,335859200.75,88.76,88.38,107236596.27,108995992.93,171610258.54,194509328.20,366119586.74,90.00,90.00,22008046.04,8005443.68,154936700.79,184586551.82,97.00,93.00
935.00,9.00,61250569.65,55366007.81,155440938.37,180487560.54,335928498.91,88.76,88.38,107738039.00,109590171.49,171708357.53,194567708.92,366276066.45,90.00,90.00,20921586.78,6718056.80,154724152.98,184460060.26,97.00,93.00
936.00,9.00,62139635.58,56419495.82,155614869.43,180591070.48,336205939.91,88.76,88.38,109058504.87,111154841.70,171966684.86,194721444.81,366688129.67,90.00,90.00,21874327.98,7846996.07,154910541.06,184570983.63,97.00,93.00
937.00,9.00,38701565.38,28646835.42,151029598.23,177862281.49,328891879.72,88.76,54.10,60485418.59,53598745.19,162464163.03,189066299.07,351530462.10,90.00,50.00,21857613.22,7827190.12,154907271.09,184569037.60,97.00,93.00
938.00,9.00,60544570.12,54529442.12,155302821.23,180405364.19,335708185.42,88.76,88.38,107169737.23,108916769.12,171597178.68,194501544.10,366098722.78,90.00,90.00,20620721.14,6361549.67,154665293.59,184425031.83,97.00,93.00
939.00,9.00,60761066.03,54785976.35,155345175.07,180430569.83,335775744.90,88.76,88.38,107972045.61,109867454.82,171754137.06,194594953.25,366349090.31,90.00,90.00,20620721.14,6361549.67,154665293.59,184425031.83,97.00,93.00
940.00,9.00,61689929.00,55886621.40,155526891.77,180538713.17,336065604.94,88.76,88.38,108623921.17,110639886.95,171881665.74,194670848.19,366552513.93,90.00,90.00,20386714.53,6084266.34,154619514.06,184397787.49,97.00,93.00
941.00,9.00,61508454.49,55671585.35,155491389.28,180517584.91,336008974.19,88.76,88.38,108841213.02,110897364.32,171924175.30,194696146.50,366620321.80,90.00,90.00,21239167.18,7094369.89,154786282.34,184497034.72,97.00,93.00
942.00,9.00,60662369.36,54669026.92,155325866.70,180419079.03,335744945.73,88.76,88.38,107453888.12,109253470.31,171652768.10,194534626.51,366187394.61,90.00,90.00,20236281.71,5906012.77,154590084.37,184380273.28,97.00,93.00
943.00,9.00,62134063.99,56412893.84,155613779.44,180590421.81,336204201.25,88.76,88.38,109142078.66,111253871.46,171983034.69,194731174.93,366714209.62,90.00,90.00,21690465.64,7629130.60,154874571.43,184549577.36,97.00,93.00
944.00,9.00,63043824.38,57490903.51,155791759.03,180696341.11,336488100.14,88.76,88.38,110245252.68,112561064.29,172198852.46,194859612.52,367058464.98,90.00,90.00,22910642.96,9074965.09,155113278.96,184691637.12,97.00,93.00
945.00,9.00,60113170.18,54018259.93,155218424.96,180355138.24,335573563.20,88.76,88.38,108674065.44,110699304.80,171891475.64,194676686.26,366568161.90,90.00,90.00,18715238.75,4103671.14,154292517.44,184203185.09,97.00,93.00
946.00,9.00,60117149.88,54022975.63,155219203.52,180355601.58,335574805.10,88.76,88.38,107921901.34,109808036.96,171744327.16,194589115.18,366333442.34,90.00,90.00,20286425.98,5965430.63,154599894.27,184386111.35,97.00,93.00
947.00,9.00,61206792.90,55314135.07,155432374.17,180482463.81,335914837.98,88.76,88.38,108139193.19,110065514.34,171786836.72,194614413.49,366401250.21,90.00,90.00,21590177.09,7510294.88,154854951.63,184537901.22,97.00,93.00
948.00,9.00,60162518.51,54076734.64,155228079.14,180360883.64,335588962.78,88.76,88.38,106902301.11,108599873.89,171544859.22,194470407.72,366015266.94,90.00,90.00,20269711.22,5945624.68,154596624.30,184384165.32,97.00,93.00
949.00,9.00,60223010.01,54148413.33,155239913.31,180367926.40,335607839.71,88.76,88.38,108055619.40,109966484.58,171770486.89,194604683.37,366375170.26,90.00,90.00,18548091.17,3905611.62,154259817.78,184183724.85,97.00,93.00
950.00,9.00,60545366.06,54530385.26,155302976.94,180405456.86,335708433.80,88.76,88.38,108256196.49,110204156.00,171809726.48,194628035.66,366437762.14,90.00,90.00,19316970.03,4816685.41,154410236.23,184273241.96,97.00,93.00
951.00,9.00,61116055.65,55206617.05,155414622.93,180471899.68,335886522.61,88.76,88.38,108841213.02,110897364.32,171924175.30,194696146.50,366620321.80,90.00,90.00,20771153.96,6539803.24,154694723.29,184442546.04,97.00,93.00
952.00,9.00,61686745.24,55882848.84,155526268.92,180538342.50,336064611.42,88.76,88.38,109459659.06,111630184.55,172045164.05,194768149.39,366813313.44,90.00,90.00,20754439.20,6519997.28,154691453.32,184440600.02,97.00,93.00
953.00,9.00,61595212.04,55774387.67,155508361.96,180527685.70,336036047.66,88.76,88.38,108406629.32,110382409.57,171839156.18,194645549.88,366484706.06,90.00,90.00,20018989.86,5648535.40,154547574.81,184354974.96,97.00,93.00
954.00,9.00,59641177.25,53458977.57,155126087.34,180300186.23,335426273.57,88.76,88.38,106066563.22,107609576.29,171381360.91,194373106.52,365754467.43,90.00,90.00,19250111.00,4737461.60,154397156.36,184265457.86,97.00,93.00
955.00,9.00,38862345.44,28837349.81,151061052.19,177881000.39,328942052.58,88.76,54.10,61137294.14,54371177.32,162591691.71,189142194.00,351733885.71,90.00,50.00,21824183.70,7787578.21,154900731.16,184565145.56,97.00,93.00
956.00,9.00,60172865.74,54088995.47,155230103.41,180362088.32,335592191.73,88.76,88.38,107019304.41,108738515.56,171567748.98,194484029.88,366051778.86,90.00,90.00,20670865.41,6420967.52,154675103.49,184430869.90,97.00,93.00
957.00,9.00,60922642.02,54977433.89,155376784.75,180449381.40,335826166.15,88.76,88.38,108540347.38,110540857.19,171865315.91,194661118.07,366526433.98,90.00,90.00,19667979.94,5232610.40,154478905.52,184314108.46,97.00,93.00
958.00,9.00,61020542.75,55093440.18,155395937.41,180460779.54,335856716.95,88.76,88.38,109108649.14,111214259.56,171976494.76,194727282.88,366703777.64,90.00,90.00,20470288.32,6183296.10,154635863.89,184407517.61,97.00,93.00
959.00,9.00,61929507.20,56170506.71,155573761.28,180566606.18,336140367.46,88.76,88.38,109041790.11,111135035.75,171963414.89,194719498.79,366682913.68,90.00,90.00,20704294.93,6460579.43,154681643.42,184434761.95,97.00,93.00
960.00,9.00,60534222.89,54517181.29,155300796.96,180404159.51,335704956.47,88.76,88.38,106835442.08,108520650.08,171531779.35,194462623.62,365994402.97,90.00,90.00,19901986.55,5509893.73,154524685.04,184341352.80,97.00,93.00
961.00,9.00,60606653.50,54603007.08,155314966.82,180412592.28,335727559.10,88.76,88.38,107504032.39,109312888.16,171662578.00,194540464.58,366203042.58,90.00,90.00,20119278.40,5767371.11,154567194.60,184366651.11,97.00,93.00
962.00,9.00,60525467.54,54506806.75,155299084.12,180403140.16,335702224.28,88.76,88.38,107921901.34,109808036.96,171744327.16,194589115.18,366333442.34,90.00,90.00,20854727.75,6638833.00,154711073.12,184452276.16,97.00,93.00
963.00,9.00,62544769.47,56899554.37,155694127.18,180638238.40,336332365.58,88.76,88.38,108222766.98,110164544.10,171803186.55,194624143.61,366427330.16,90.00,90.00,22409200.23,8480786.53,155015179.98,184633256.40,97.00,93.00
964.00,9.00,38652217.05,28588360.70,151019944.04,177856536.09,328876480.13,88.76,54.10,60719425.20,53876028.52,162509942.55,189093543.40,351603485.95,90.00,50.00,21540032.82,7450877.03,154845141.73,184532063.15,97.00,93.00
965.00,9.00,62536014.12,56889179.83,155692414.34,180637219.05,336329633.39,88.76,88.38,108891357.29,110956782.18,171933985.20,194701984.57,366635969.77,90.00,90.00,21807468.95,7767772.26,154897461.19,184563199.53,97.00,93.00
966.00,9.00,61412941.58,55558408.48,155472703.76,180506464.77,335979168.53,88.76,88.38,108824498.26,110877558.37,171920905.33,194694200.48,366615105.81,90.00,90.00,21122163.87,6955728.23,154763392.58,184483412.55,97.00,93.00
967.00,9.00,61896077.68,56130894.81,155567221.35,180562714.13,336129935.48,88.76,88.38,109142078.66,111253871.46,171983034.69,194731174.93,366714209.62,90.00,90.00,21707180.40,7648936.55,154877841.40,184551523.39,97.00,93.00
968.00,9.00,61623865.91,55808340.73,155513967.62,180531021.74,336044989.36,88.76,88.38,108222766.98,110164544.10,171803186.55,194624143.61,366427330.16,90.00,90.00,22058190.31,8064861.54,154946510.69,184592389.89,97.00,93.00
969.00,9.00,60298624.39,54238011.68,155254706.01,180376729.84,335631435.85,88.76,88.38,106852156.84,108540456.04,171535049.32,194464569.64,365999618.96,90.00,90.00,20336570.26,6024848.48,154609704.17,184391949.42,97.00,93.00
970.00,9.00,60094863.54,53996567.70,155214843.56,180353006.88,335567850.44,88.76,88.38,107270025.78,109035604.84,171616798.48,194513220.24,366130018.72,90.00,90.00,19550976.64,5093968.74,154456015.75,184300486.29,97.00,93.00
971.00,9.00,60739575.63,54760511.56,155340970.83,180428067.80,335769038.63,88.76,88.38,107270025.78,109035604.84,171616798.48,194513220.24,366130018.72,90.00,90.00,20704294.93,6460579.43,154681643.42,184434761.95,97.00,93.00
972.00,9.00,60745147.21,54767113.54,155342060.82,180428716.48,335770777.30,88.76,88.38,108740924.47,110778528.61,171904555.50,194684470.36,366589025.86,90.00,90.00,19667979.94,5232610.40,154478905.52,184314108.46,97.00,93.00
973.00,9.00,61752012.39,55960186.37,155539037.36,180545941.26,336084978.62,88.76,88.38,109025075.36,111115229.80,171960144.93,194717552.76,366677697.69,90.00,90.00,21991331.28,7985637.73,154933430.82,184584605.80,97.00,93.00
974.00,9.00,61370756.72,55508422.03,155464450.99,180501553.38,335966004.37,88.76,88.38,108323055.53,110283379.81,171822806.35,194635819.76,366458626.11,90.00,90.00,19467402.85,4994938.98,154439665.92,184290756.17,97.00,93.00
975.00,9.00,60656797.78,54662424.94,155324776.71,180418430.35,335743207.06,88.76,88.38,107721324.24,109570365.54,171705087.56,194565762.89,366270850.45,90.00,90.00,20069134.13,5707953.25,154557384.71,184360813.04,97.00,93.00
976.00,9.00,61053176.32,55132108.94,155402321.63,180464578.92,335866900.55,88.76,88.38,107754753.76,109609977.44,171711627.50,194569654.94,366281282.44,90.00,90.00,20420144.05,6123878.24,154626054.00,184401679.54,97.00,93.00
977.00,9.00,62736591.22,57126851.25,155731653.94,180660571.34,336392225.28,88.76,88.38,110044675.58,112323392.87,172159612.87,194836260.23,366995873.10,90.00,90.00,21590177.09,7510294.88,154854951.63,184537901.22,97.00,93.00
978.00,9.00,61614314.62,55797023.05,155512099.06,180529909.73,336042008.79,88.76,88.38,107771468.52,109629783.40,171714897.46,194571600.96,366286498.42,90.00,90.00,22325626.44,8381756.77,154998830.15,184623526.28,97.00,93.00
979.00,9.00,62264598.29,56567568.89,155639316.32,180605619.33,336244935.65,88.76,88.38,109543232.85,111729214.31,172061513.88,194777879.51,366839393.39,90.00,90.00,21673750.88,7609324.64,154871301.46,184547631.34,97.00,93.00
980.00,9.00,61259325.00,55376382.35,155442651.21,180488579.88,335931231.09,88.76,88.38,107855042.31,109728813.16,171731247.29,194581331.08,366312578.37,90.00,90.00,21306026.21,7173593.70,154799362.21,184504818.81,97.00,93.00
981.00,9.00,61306285.51,55432027.65,155451838.26,180494047.28,335945885.54,88.76,88.38,108356485.04,110322991.72,171829346.28,194639711.80,366469058.08,90.00,90.00,21105449.12,6935922.28,154760122.61,184481466.52,97.00,93.00
982.00,9.00,61135158.23,55229252.42,155418360.03,180474123.70,335892483.73,88.76,88.38,108139193.19,110065514.34,171786836.72,194614413.49,366401250.21,90.00,90.00,19835127.52,5430669.92,154511605.18,184333568.70,97.00,93.00
983.00,9.00,61479800.62,55637632.29,155485783.62,180514248.87,336000032.49,88.76,88.38,108874642.53,110936976.23,171930715.23,194700038.55,366630753.78,90.00,90.00,20537147.35,6262519.91,154648943.76,184415301.71,97.00,93.00
984.00,9.00,60130680.88,54039009.02,155221850.63,180357176.93,335579027.56,88.76,88.38,107955330.85,109847648.87,171750867.09,194593007.23,366343874.32,90.00,90.00,19166537.21,4638431.84,154380806.53,184255727.74,97.00,93.00
985.00,9.00,61943834.13,56187483.24,155576564.11,180568274.20,336144838.31,88.76,88.38,108958216.32,111036005.99,171947065.06,194709768.67,366656833.73,90.00,90.00,22008046.04,8005443.68,154936700.79,184586551.82,97.00,93.00
986.00,9.00,61919159.96,56158245.89,155571737.02,180565401.50,336137138.52,88.76,88.38,107938616.10,109827842.92,171747597.12,194591061.20,366338658.32,90.00,90.00,22476059.26,8560010.34,155028259.84,184641040.49,97.00,93.00
987.00,9.00,60305787.86,54246499.95,155256107.42,180377563.85,335633671.27,88.76,88.38,106919015.87,108619679.84,171548129.18,194472353.74,366020482.92,90.00,90.00,19433973.33,4955327.08,154433125.99,184286864.12,97.00,93.00
988.00,9.00,60133068.70,54041838.44,155222317.77,180357454.93,335579772.70,88.76,88.38,107955330.85,109847648.87,171750867.09,194593007.23,366343874.32,90.00,90.00,19300255.27,4796879.46,154406966.26,184271295.93,97.00,93.00
989.00,9.00,61190078.15,55294329.12,155429104.21,180480517.78,335909621.99,88.76,88.38,108506917.86,110501245.28,171858775.98,194657226.02,366516002.00,90.00,90.00,20721009.69,6480385.38,154684913.39,184436707.97,97.00,93.00
990.00,9.00,60066209.67,53962614.64,155209237.91,180349670.84,335558908.75,88.76,88.38,107253311.02,109015798.88,171613528.51,194511274.22,366124802.73,90.00,90.00,20135993.16,5787177.06,154570464.57,184368597.13,97.00,93.00
991.00,9.00,38126100.15,27964944.78,150917017.96,177795282.67,328712300.63,88.76,54.10,60184552.95,53242238.05,162405303.63,189031270.64,351436574.27,90.00,50.00,20687580.17,6440773.48,154678373.46,184432815.92,97.00,93.00
992.00,9.00,62446868.75,56783548.08,155674974.53,180626840.25,336301814.78,88.76,88.38,109175508.18,111293483.36,171989574.62,194735066.98,366724641.60,90.00,90.00,21891042.74,7866802.02,154913811.02,184572929.65,97.00,93.00
993.00,9.00,59810712.65,53659866.51,155159254.14,180319924.47,335479178.61,88.76,88.38,107403743.84,109194052.45,171642958.21,194528788.44,366171746.65,90.00,90.00,18798812.53,4202700.90,154308867.27,184212915.21,97.00,93.00
994.00,9.00,62400704.18,56728845.93,155665943.19,180621465.52,336287408.71,88.76,88.38,109392800.03,111550960.74,172032084.19,194760365.29,366792449.48,90.00,90.00,21406314.76,7292429.41,154818982.00,184516494.96,97.00,93.00
995.00,9.00,36654405.52,26221077.87,150629105.22,177623939.89,328253045.11,88.76,54.10,58011634.43,50667464.29,161980208.02,188778287.52,350758495.54,90.00,50.00,19383829.06,4895909.22,154423316.09,184281026.05,97.00,93.00
996.00,9.00,60640878.96,54643562.13,155321662.46,180416577.00,335738239.46,88.76,88.38,107270025.78,109035604.84,171616798.48,194513220.24,366130018.72,90.00,90.00,20854727.75,6638833.00,154711073.12,184452276.16,97.00,93.00
997.00,9.00,60176845.44,54093711.17,155230881.97,180362551.66,335593433.63,88.76,88.38,107119592.96,108857351.27,171587368.78,194495706.03,366083074.81,90.00,90.00,19718124.22,5292028.26,154488715.41,184319946.53,97.00,93.00
998.00,9.00,60501589.31,54478512.53,155294412.74,180400360.13,335694772.87,88.76,88.38,108155907.95,110085320.29,171790106.68,194616359.52,366406466.20,90.00,90.00,20085848.89,5727759.20,154560654.67,184362759.06,97.00,93.00
999.00,9.00,38158733.72,28003613.55,150923402.18,177799082.05,328722484.23,88.76,54.10,58930946.11,51756791.65,162160056.17,188885318.84,351045375.01,90.00,50.00,22208623.13,8243115.11,154975940.38,184609904.11,97.00,93.00
1000.00,9.00,60491242.08,54466251.70,155292388.48,180399155.45,335691543.93,88.76,88.38,107320170.06,109095022.69,171626608.37,194519058.32,366145666.69,90.00,90.00,20018989.86,5648535.40,154547574.81,184354974.96,97.00,93.00
1001.00,10.00,21580877.71,8359881.73,147680218.54,175868996.91,323549215.45,62.78,62.46,34059386.44,22285535.08,157294346.43,185989635.12,343283981.55,61.51,61.56,20503717.83,6222908.00,154642403.83,184411409.66,97.00,93.00
1002.00,10.00,20058242.87,6555653.81,147382340.19,175691723.39,323074063.58,62.62,62.62,32036900.74,19889014.88,156898680.52,185754166.22,342652846.74,61.37,61.70,18848956.81,4262118.76,154318677.17,184218753.28,97.00,93.00
1003.00,10.00,22362491.62,9286045.77,147833128.39,175959996.70,323793125.09,62.70,62.50,33825379.83,22008251.75,157248566.90,185962390.79,343210957.69,61.44,61.63,20921586.78,6718056.80,154724152.98,184460060.26,97.00,93.00
1004.00,10.00,23061327.69,10114123.19,147969844.12,176041359.04,324011203.16,62.79,62.60,35195989.98,23632339.81,157516704.13,186121964.76,343638668.89,61.53,61.70,22074905.07,8084667.49,154949780.65,184594335.92,97.00,93.00
1005.00,10.00,21566550.78,8342905.20,147677415.71,175867328.89,323544744.60,62.75,62.60,33708376.53,21869610.08,157225677.14,185948768.62,343174445.76,61.54,61.68,19968845.58,5589117.54,154537764.91,184349136.89,97.00,93.00
1006.00,10.00,24974769.49,12381433.12,148344177.40,176264132.45,324608309.85,62.78,62.38,36115301.66,24721667.17,157696552.28,186228996.08,343925548.36,61.54,61.46,24364826.90,10798082.92,155397766.02,184860941.20,97.00,93.00
1007.00,10.00,24724844.07,12085286.98,148295283.62,176235034.76,324530318.38,62.78,62.46,36867465.76,25612935.01,157843700.76,186316567.16,344160267.92,61.51,61.53,23211508.60,9431472.23,155172138.35,184726665.55,97.00,93.00
1008.00,10.00,21806924.91,8627733.65,147724440.94,175895314.57,323619755.51,62.73,62.54,34009242.17,22226117.22,157284536.53,185983797.05,343268333.58,61.49,61.62,20787868.72,6559609.19,154697993.25,184444492.07,97.00,93.00
1009.00,10.00,23294538.36,10390463.38,148015467.94,176068510.70,324083978.64,62.77,62.62,35831150.77,24384965.99,157640962.85,186195913.67,343836876.52,61.55,61.72,22175193.62,8203503.20,154969400.45,184606012.06,97.00,93.00
1010.00,10.00,22729420.36,9720833.57,147904911.94,176002716.56,323907628.50,62.76,62.46,34978698.12,23374862.44,157474194.57,186096666.44,343570861.01,61.50,61.55,21740609.91,7688548.45,154884381.33,184555415.44,97.00,93.00
1011.00,10.00,21976460.31,8828622.59,147757607.74,175915052.81,323672660.55,62.71,62.53,34076101.20,22305341.03,157297616.40,185991581.15,343289197.55,61.48,61.62,20403429.29,6104072.29,154622784.03,184399733.52,97.00,93.00
1012.00,10.00,21621470.69,8407981.89,147688159.89,175873722.97,323561882.86,62.80,62.44,33975812.65,22186505.32,157277996.60,185979905.00,343257901.60,61.54,61.52,20369999.77,6064460.39,154616244.10,184395841.47,97.00,93.00
1013.00,10.00,23062123.63,10115066.33,147969999.83,176041451.70,324011451.53,62.70,62.58,35814436.02,24365160.04,157637692.88,186193967.64,343831660.52,61.41,61.68,21389600.00,7272623.46,154815712.04,184514548.93,97.00,93.00
1014.00,10.00,21192458.58,7899629.13,147604230.76,175823775.02,323428005.78,62.74,62.55,33023071.46,21057566.05,157091608.53,185868981.64,342960590.17,61.49,61.65,19667979.94,5232610.40,154478905.52,184314108.46,97.00,93.00
1015.00,10.00,21476609.46,8236330.31,147659820.18,175856857.43,323516677.61,62.76,62.51,33440940.40,21552714.85,157173357.68,185917632.24,343090989.92,61.52,61.63,19367114.30,4876103.27,154420046.12,184279080.03,97.00,93.00
1016.00,10.00,21561775.13,8337246.35,147676481.44,175866772.88,323543254.32,62.64,62.61,33591373.22,21730968.42,157202787.38,185935146.45,343137933.83,61.38,61.69,19968845.58,5589117.54,154537764.91,184349136.89,97.00,93.00
1017.00,10.00,22060830.04,8928595.49,147774113.29,175924875.60,323698988.89,62.70,62.53,33541228.95,21671550.56,157192977.48,185929308.38,343122285.86,61.47,61.63,19885271.79,5490087.78,154521415.08,184339406.77,97.00,93.00
1018.00,10.00,21976460.31,8828622.59,147757607.74,175915052.81,323672660.55,62.87,62.57,33875524.11,22067669.60,157258376.80,185968228.86,343226605.66,61.59,61.66,21138878.63,6975534.18,154766662.54,184485358.57,97.00,93.00
1019.00,10.00,22661765.38,9640666.62,147891676.36,175994839.80,323886516.16,62.88,62.45,34443825.87,22741071.97,157369555.65,186034393.68,343403949.33,61.61,61.53,21439744.27,7332041.32,154825521.94,184520387.00,97.00,93.00
1020.00,10.00,22049686.87,8915391.52,147771933.31,175923578.25,323695511.56,62.78,62.52,34092815.96,22325146.98,157300886.36,185993527.17,343294413.53,61.49,61.64,20537147.35,6262519.91,154648943.76,184415301.71,97.00,93.00
1021.00,10.00,22655397.86,9633121.50,147890430.66,175994098.45,323884529.11,62.69,62.46,34577543.94,22899519.59,157395715.38,186049961.87,343445677.25,61.44,61.55,21590177.09,7510294.88,154854951.63,184537901.22,97.00,93.00
1022.00,10.00,23881942.71,11086501.12,148130383.89,176136899.55,324267283.44,62.69,62.61,35597144.16,24107682.66,157595183.32,186168669.33,343763852.65,61.46,61.70,22827069.17,8975935.33,155096929.13,184681907.00,97.00,93.00
1023.00,10.00,21824435.61,8648482.74,147727866.62,175897353.26,323625219.88,62.71,62.57,33942383.14,22146893.41,157271456.67,185976012.96,343247469.63,61.48,61.65,20403429.29,6104072.29,154622784.03,184399733.52,97.00,93.00
1024.00,10.00,22428554.72,9364326.43,147846052.54,175967688.13,323813740.67,62.76,62.36,33039786.21,21077372.00,157094878.49,185870927.66,342965806.15,61.51,61.45,22359055.95,8421368.68,155005370.08,184627418.32,97.00,93.00
1025.00,10.00,21877763.65,8711673.16,147738299.37,175903562.00,323641861.37,62.87,62.52,33858809.35,22047863.65,157255106.84,185966282.84,343221389.68,61.64,61.58,20537147.35,6262519.91,154648943.76,184415301.71,97.00,93.00
1026.00,10.00,21763944.11,8576804.06,147716032.46,175890310.51,323606342.97,62.74,62.52,33892238.86,22087475.56,157261646.77,185970174.88,343231821.65,61.49,61.64,20503717.83,6222908.00,154642403.83,184411409.66,97.00,93.00
1027.00,10.00,21714595.77,8518329.34,147706378.27,175884565.10,323590943.37,62.66,62.62,33925668.38,22127087.46,157268186.70,185974066.93,343242253.63,61.41,61.70,19584406.15,5133580.64,154462555.69,184304378.34,97.00,93.00
1028.00,10.00,21841946.31,8669231.83,147731292.30,175899391.95,323630684.25,62.67,62.57,34092815.96,22325146.98,157300886.36,185993527.17,343294413.53,61.41,61.68,20604006.38,6341743.72,154662023.62,184423085.80,97.00,93.00
1029.00,10.00,21169376.29,7872278.05,147599715.09,175821087.65,323420802.74,62.68,62.56,33858809.35,22047863.65,157255106.84,185966282.84,343221389.68,61.42,61.66,19768268.49,5351446.12,154498525.31,184325784.60,97.00,93.00
1030.00,10.00,22366471.33,9290761.47,147833906.95,175960460.04,323794366.99,62.76,62.57,34443825.87,22741071.97,157369555.65,186034393.68,343403949.33,61.46,61.68,21172308.15,7015146.08,154773202.48,184489250.62,97.00,93.00
1031.00,10.00,23055756.10,10107521.20,147968754.13,176040710.36,324009464.49,62.85,62.55,36098586.90,24701861.22,157693282.31,186227050.05,343920332.36,61.59,61.67,20988445.81,6797280.61,154737232.85,184467844.36,97.00,93.00
1032.00,10.00,23795185.15,10983698.80,148113411.21,176126798.76,324240209.97,62.72,62.56,35279563.77,23731369.57,157533053.97,186131694.88,343664748.85,61.45,61.65,22977501.99,9154188.90,155126358.83,184699421.21,97.00,93.00
1033.00,10.00,21763148.16,8575860.92,147715876.75,175890217.84,323606094.59,62.76,62.56,33023071.46,21057566.05,157091608.53,185868981.64,342960590.17,61.53,61.64,20871442.51,6658638.95,154714343.08,184454222.19,97.00,93.00
1034.00,10.00,21623858.52,8410811.32,147688627.03,175874000.97,323562628.00,62.67,62.55,33557943.71,21691356.52,157196247.45,185931254.40,343127501.85,61.42,61.66,20336570.26,6024848.48,154609704.17,184391949.42,97.00,93.00
1035.00,10.00,22461188.29,9402995.20,147852436.76,175971487.51,323823924.27,62.84,62.41,34076101.20,22305341.03,157297616.40,185991581.15,343289197.55,61.58,61.51,21439744.27,7332041.32,154825521.94,184520387.00,97.00,93.00
1036.00,10.00,23103512.56,10164109.64,147978096.89,176046270.43,324024367.32,62.69,62.47,34594258.69,22919325.54,157398985.35,186051907.89,343450893.24,61.45,61.53,22074905.07,8084667.49,154949780.65,184594335.92,97.00,93.00
1037.00,10.00,22021033.00,8881438.46,147766327.65,175920242.21,323686569.86,62.79,62.57,34142960.23,22384564.84,157310696.26,185999365.24,343310061.50,61.51,61.66,20487003.08,6203102.05,154639133.86,184409463.64,97.00,93.00
1038.00,10.00,22665745.09,9645382.32,147892454.92,175995303.13,323887758.05,62.82,62.47,34076101.20,22305341.03,157297616.40,185991581.15,343289197.55,61.55,61.58,21389600.00,7272623.46,154815712.04,184514548.93,97.00,93.00
1039.00,10.00,20913083.34,7568586.79,147549575.61,175791248.62,323340824.23,62.66,62.58,33624802.74,21770580.32,157209327.31,185939038.50,343148365.81,61.44,61.63,19383829.06,4895909.22,154423316.09,184281026.05,97.00,93.00
1040.00,10.00,24664352.56,12013608.30,148283449.45,176227992.00,324511441.45,62.82,62.58,36934324.79,25692158.82,157856780.62,186324351.25,344181131.87,61.58,61.64,23278367.64,9510696.04,155185218.22,184734449.64,97.00,93.00
1041.00,10.00,22239916.73,9140802.12,147809148.64,175945725.86,323754874.50,62.71,62.50,34142960.23,22384564.84,157310696.26,185999365.24,343310061.50,61.45,61.59,21105449.12,6935922.28,154760122.61,184481466.52,97.00,93.00
1042.00,10.00,20628136.51,7230942.46,147493830.47,175758073.54,323251904.01,62.79,62.59,33073215.73,21116983.91,157101418.42,185874819.71,342976238.13,61.53,61.69,18715238.75,4103671.14,154292517.44,184203185.09,97.00,93.00
1043.00,10.00,22280509.72,9188902.29,147817089.99,175950451.92,323767541.91,62.78,62.47,34610973.45,22939131.49,157402255.32,186053853.92,343456109.24,61.53,61.57,20854727.75,6638833.00,154711073.12,184452276.16,97.00,93.00
1044.00,10.00,22812198.20,9818920.19,147921106.05,176012354.01,323933460.06,62.66,62.40,34393681.60,22681654.12,157359745.76,186028555.60,343388301.36,61.42,61.47,22175193.62,8203503.20,154969400.45,184606012.06,97.00,93.00
1045.00,10.00,21173356.00,7876993.75,147600493.65,175821550.99,323422044.64,62.62,62.47,33424225.64,21532908.90,157170087.72,185915686.21,343085773.93,61.39,61.55,20269711.22,5945624.68,154596624.30,184384165.32,97.00,93.00
1046.00,10.00,21372341.21,8112778.90,147639421.82,175844717.94,323484139.76,62.78,62.59,33758520.80,21929027.94,157235487.04,185954606.69,343190093.73,61.53,61.65,20186137.44,5846594.92,154580274.47,184374435.20,97.00,93.00
1047.00,10.00,19775683.86,6220838.91,147327062.19,175658826.32,322985888.51,62.76,62.64,31451884.22,19195806.56,156784231.70,185686055.38,342470287.08,61.51,61.76,18364228.83,3687746.15,154223848.15,184162318.59,97.00,93.00
1048.00,10.00,21723351.12,8528703.89,147708091.11,175885584.45,323593675.56,62.86,62.60,34594258.69,22919325.54,157398985.35,186051907.89,343450893.24,61.60,61.68,19901986.55,5509893.73,154524685.04,184341352.80,97.00,93.00
1049.00,10.00,21662859.62,8457025.20,147696256.95,175878541.69,323574798.64,62.75,62.45,34092815.96,22325146.98,157300886.36,185993527.17,343294413.53,61.51,61.54,20069134.13,5707953.25,154557384.71,184360813.04,97.00,93.00
1050.00,10.00,21621470.69,8407981.89,147688159.89,175873722.97,323561882.86,62.79,62.54,33658232.25,21810192.23,157215867.24,185942930.55,343158797.79,61.52,61.63,19801698.01,5391058.02,154505065.25,184329676.65,97.00,93.00
1051.00,10.00,22681663.91,9664245.14,147895569.18,175997156.49,323892725.67,62.75,62.63,35279563.77,23731369.57,157533053.97,186131694.88,343664748.85,61.52,61.70,21389600.00,7272623.46,154815712.04,184514548.93,97.00,93.00
1052.00,10.00,22262999.02,9168153.20,147813664.31,175948413.22,323762077.53,62.74,62.49,34360252.08,22642042.21,157353205.82,186024663.56,343377869.38,61.48,61.60,20202852.19,5866400.87,154583544.44,184376381.23,97.00,93.00
1053.00,10.00,21930295.74,8773920.44,147748576.41,175909678.08,323658254.49,62.76,62.45,34193104.51,22443982.69,157320506.16,186005203.32,343325709.48,61.51,61.53,20269711.22,5945624.68,154596624.30,184384165.32,97.00,93.00
1054.00,10.00,23242006.26,10328216.10,148005190.90,176062394.63,324067585.53,62.82,62.55,35028842.40,23434280.29,157484004.47,186102504.52,343586508.99,61.57,61.64,22225337.89,8262921.06,154979210.35,184611850.13,97.00,93.00
1055.00,10.00,21915968.81,8756943.91,147745773.58,175908010.06,323653783.64,62.74,62.46,33524514.19,21651744.61,157189707.51,185927362.36,343117069.87,61.48,61.56,21138878.63,6975534.18,154766662.54,184485358.57,97.00,93.00
1056.00,10.00,22251059.91,9154006.09,147811328.62,175947023.21,323758351.83,62.75,62.47,34376966.84,22661848.16,157356475.79,186026609.58,343383085.37,61.48,61.59,20854727.75,6638833.00,154711073.12,184452276.16,97.00,93.00
1057.00,10.00,22212854.74,9108735.34,147803854.41,175942575.15,323746429.56,62.78,62.55,34376966.84,22661848.16,157356475.79,186026609.58,343383085.37,61.54,61.62,21105449.12,6935922.28,154760122.61,184481466.52,97.00,93.00
1058.00,10.00,21607939.70,8391948.51,147685512.77,175872147.62,323557660.39,62.71,62.52,33524514.19,21651744.61,157189707.51,185927362.36,343117069.87,61.47,61.60,20052419.37,5688147.30,154554114.74,184358867.01,97.00,93.00
1059.00,10.00,22157934.83,9043658.64,147793110.23,175936181.07,323729291.30,62.83,62.66,34477255.39,22780683.88,157376095.59,186038285.72,343414381.31,61.56,61.74,20737724.44,6500191.33,154688183.35,184438654.00,97.00,93.00
1060.00,10.00,23167187.82,10239560.88,147990553.91,176053683.85,324044237.76,62.76,62.72,35145845.70,23572921.96,157506894.24,186116126.68,343623020.92,61.49,61.80,21891042.74,7866802.02,154913811.02,184572929.65,97.00,93.00
1061.00,10.00,22591722.59,9557670.25,147877973.64,175986685.03,323864658.67,62.85,62.49,34694547.24,23038161.25,157418605.15,186063584.04,343482189.19,61.60,61.61,21072019.60,6896310.37,154753582.68,184477574.48,97.00,93.00
1062.00,10.00,21507651.15,8273112.79,147665892.98,175860471.47,323526364.45,62.78,62.56,33842094.59,22028057.70,157251836.87,185964336.81,343216173.68,61.54,61.66,19751553.73,5331640.16,154495255.35,184323838.58,97.00,93.00
1063.00,10.00,21811700.56,8633392.49,147725375.22,175895870.58,323621245.80,62.77,62.49,33791950.32,21968639.84,157242026.97,185958498.74,343200525.71,61.51,61.59,20369999.77,6064460.39,154616244.10,184395841.47,97.00,93.00
1064.00,10.00,22915670.52,9941528.46,147941348.70,176024400.83,323965749.53,62.74,62.64,35062271.91,23473892.20,157490544.40,186106396.56,343596940.96,61.47,61.73,21840898.46,7807384.16,154904001.12,184567091.58,97.00,93.00
1065.00,10.00,22842443.96,9854759.53,147927023.14,176015875.39,323942898.53,62.75,62.62,34945268.61,23335250.53,157467654.64,186092774.40,343560429.04,61.50,61.69,20737724.44,6500191.33,154688183.35,184438654.00,97.00,93.00
1066.00,10.00,22637887.16,9612372.40,147887004.98,175992059.76,323879064.74,62.80,62.48,34176389.75,22424176.74,157317236.20,186003257.29,343320493.49,61.55,61.58,21757324.67,7708354.40,154887651.29,184557361.46,97.00,93.00
1067.00,10.00,23269864.19,10361226.02,148010640.84,176065638.00,324076278.84,62.81,62.64,35630573.68,24147294.56,157601723.26,186172561.38,343774284.64,61.51,61.72,22074905.07,8084667.49,154949780.65,184594335.92,97.00,93.00
1068.00,10.00,25445170.53,12938829.20,148436203.59,176318899.13,324755102.72,62.71,62.58,37051328.10,25830800.48,157879670.39,186337973.42,344217643.81,61.45,61.67,25183850.03,11768574.56,155557994.37,184956296.38,97.00,93.00
1069.00,10.00,20411640.60,6974408.23,147451476.62,175732867.90,323184344.52,62.74,62.57,33307222.34,21394267.24,157147197.95,185902064.04,343049261.99,61.49,61.67,18999389.63,4440372.32,154348106.87,184236267.50,97.00,93.00
1070.00,10.00,21073863.39,7759101.18,147581029.57,175809967.52,323390997.09,62.66,62.53,32805779.60,20800088.68,157049098.97,185843683.32,342892782.29,61.43,61.61,19751553.73,5331640.16,154495255.35,184323838.58,97.00,93.00
1071.00,10.00,21477405.40,8237273.45,147659975.89,175856950.10,323516925.99,62.79,62.43,33307222.34,21394267.24,157147197.95,185902064.04,343049261.99,61.54,61.49,20069134.13,5707953.25,154557384.71,184360813.04,97.00,93.00
1072.00,10.00,21798169.56,8617359.10,147722728.10,175894295.22,323617023.32,62.72,62.69,33440940.40,21552714.85,157173357.68,185917632.24,343090989.92,61.45,61.81,19952130.83,5569311.59,154534494.94,184347190.87,97.00,93.00
1073.00,10.00,22756482.35,9752900.35,147910206.17,176005867.27,323916073.44,62.63,62.65,34694547.24,23038161.25,157418605.15,186063584.04,343482189.19,61.38,61.74,21807468.95,7767772.26,154897461.19,184563199.53,97.00,93.00
1074.00,10.00,21724147.06,8529647.03,147708246.82,175885677.12,323593923.94,62.73,62.64,34727976.76,23077773.16,157425145.08,186067476.08,343492621.16,61.49,61.71,19784983.25,5371252.07,154501795.28,184327730.63,97.00,93.00
1075.00,10.00,23117043.55,10180143.03,147980744.01,176047845.78,324028589.79,62.73,62.50,35028842.40,23434280.29,157484004.47,186102504.52,343586508.99,61.49,61.61,21523318.06,7431071.08,154841871.77,184530117.12,97.00,93.00
1076.00,10.00,21576898.01,8355166.02,147679439.98,175868533.57,323547973.55,62.78,62.67,33942383.14,22146893.41,157271456.67,185976012.96,343247469.63,61.54,61.75,19601120.91,5153386.60,154465825.65,184306324.36,97.00,93.00
1077.00,10.00,20078937.33,6580175.47,147386388.72,175694132.75,323080521.47,62.81,62.52,32237477.84,20126686.31,156937920.11,185777518.51,342715438.62,61.57,61.64,18397658.35,3727358.05,154230388.08,184166210.64,97.00,93.00
1078.00,10.00,23177535.05,10251821.71,147992578.17,176054888.54,324047466.71,62.85,62.51,34794835.79,23156996.96,157438224.95,186075260.18,343513485.13,61.58,61.60,21690465.64,7629130.60,154874571.43,184549577.36,97.00,93.00
1079.00,10.00,22185792.76,9076668.56,147798560.18,175939424.45,323737984.63,62.69,62.49,33674947.01,21829998.18,157219137.21,185944876.57,343164013.78,61.43,61.56,20687580.17,6440773.48,154678373.46,184432815.92,97.00,93.00
1080.00,10.00,24088887.33,11331717.67,148170869.19,176160993.18,324331862.37,62.79,62.50,36483026.33,25157398.12,157768491.53,186271808.60,344040300.13,61.55,61.59,22425914.99,8500592.48,155018449.94,184635202.42,97.00,93.00
1081.00,10.00,21587245.24,8367426.85,147681464.24,175869738.25,323551202.49,62.76,62.57,33741806.04,21909221.99,157232217.07,185952660.67,343184877.74,61.50,61.65,19885271.79,5490087.78,154521415.08,184339406.77,97.00,93.00
1082.00,10.00,23693304.73,10862976.80,148093479.99,176114937.28,324208417.27,62.78,62.48,35346422.80,23810593.38,157546133.83,186139478.97,343685612.80,61.53,61.57,22141764.10,8163891.30,154962860.52,184602120.01,97.00,93.00
1083.00,10.00,21756780.64,8568315.79,147714631.04,175889476.50,323604107.54,62.69,62.60,33708376.53,21869610.08,157225677.14,185948768.62,343174445.76,61.46,61.69,20186137.44,5846594.92,154580274.47,184374435.20,97.00,93.00
1084.00,10.00,22952283.79,9984912.93,147948511.49,176028663.55,323977175.04,62.81,62.46,34694547.24,23038161.25,157418605.15,186063584.04,343482189.19,61.57,61.54,21372885.24,7252817.51,154812442.07,184512602.91,97.00,93.00
1085.00,10.00,22219222.27,9116280.46,147805100.11,175943316.49,323748416.60,62.72,62.64,34226534.02,22483594.60,157327046.09,186009095.36,343336141.45,61.48,61.77,21138878.63,6975534.18,154766662.54,184485358.57,97.00,93.00
1086.00,10.00,22108586.49,8985183.92,147783456.05,175930435.67,323713891.72,62.77,62.58,33959097.90,22166699.36,157274726.63,185977958.98,343252685.61,61.52,61.67,20754439.20,6519997.28,154691453.32,184440600.02,97.00,93.00
1087.00,10.00,21798169.56,8617359.10,147722728.10,175894295.22,323617023.32,62.70,62.49,34560829.18,22879713.64,157392445.42,186048015.84,343440461.26,61.46,61.54,20085848.89,5727759.20,154560654.67,184362759.06,97.00,93.00
1088.00,10.00,21140722.42,7838324.99,147594109.43,175817751.61,323411861.04,62.79,62.53,32404625.42,20324745.83,156970619.78,185796978.75,342767598.53,61.55,61.59,20537147.35,6262519.91,154648943.76,184415301.71,97.00,93.00
1089.00,10.00,21759964.40,8572088.35,147715253.89,175889847.17,323605101.06,62.84,62.60,34544114.42,22859907.68,157389175.45,186046069.82,343435245.27,61.61,61.68,19216681.48,4697849.70,154390616.43,184261565.81,97.00,93.00
1090.00,10.00,21842742.25,8670174.97,147731448.01,175899484.62,323630932.63,62.71,62.55,34042671.68,22265729.12,157291076.47,185987689.10,343278765.57,61.47,61.63,20169422.68,5826788.96,154577004.50,184372489.18,97.00,93.00
1091.00,10.00,22559089.01,9519001.49,147871589.42,175982885.65,323854475.07,62.67,62.60,34209819.26,22463788.64,157323776.13,186007149.34,343330925.47,61.41,61.69,21707180.40,7648936.55,154877841.40,184551523.39,97.00,93.00
1092.00,10.00,20999044.95,7670445.97,147566392.58,175801256.74,323367649.32,62.73,62.54,33591373.22,21730968.42,157202787.38,185935146.45,343137933.83,61.50,61.63,18815527.29,4222506.85,154312137.24,184214861.24,97.00,93.00
1093.00,10.00,21360402.10,8098631.79,147637086.13,175843327.93,323480414.06,62.79,62.62,33407510.89,21513102.95,157166817.75,185913740.19,343080557.94,61.53,61.69,20687580.17,6440773.48,154678373.46,184432815.92,97.00,93.00
1094.00,10.00,21923132.28,8765432.17,147747174.99,175908844.07,323656019.06,62.72,62.65,33875524.11,22067669.60,157258376.80,185968228.86,343226605.66,61.49,61.75,19417258.57,4935521.12,154429856.02,184284918.10,97.00,93.00
1095.00,10.00,22388757.67,9317169.41,147838266.91,175963054.74,323801321.65,62.70,62.65,33775235.56,21948833.89,157238757.01,185956552.72,343195309.73,61.45,61.77,22058190.31,8064861.54,154946510.69,184592389.89,97.00,93.00
1096.00,10.00,22108586.49,8985183.92,147783456.05,175930435.67,323713891.72,62.78,62.50,34527399.66,22840101.73,157385905.49,186044123.80,343430029.29,61.57,61.60,21088734.36,6916116.32,154756852.64,184479520.50,97.00,93.00
1097.00,10.00,21610327.52,8394777.93,147685979.91,175872425.62,323558405.53,62.80,62.51,34126245.47,22364758.88,157307426.30,185997419.22,343304845.52,61.55,61.58,19718124.22,5292028.26,154488715.41,184319946.53,97.00,93.00
1098.00,10.00,21713003.89,8516443.06,147706066.85,175884379.77,323590446.62,62.70,62.55,34326822.57,22602430.31,157346665.89,186020771.51,343367437.40,61.43,61.67,20420144.05,6123878.24,154626054.00,184401679.54,97.00,93.00
1099.00,10.00,21290359.30,8015635.42,147623383.42,175835173.16,323458556.58,62.70,62.59,33491084.68,21612132.71,157183167.58,185923470.31,343106637.89,61.44,61.65,19601120.91,5153386.60,154465825.65,184306324.36,97.00,93.00
1100.00,10.00,23113859.79,10176370.47,147980121.16,176047475.11,324027596.27,62.83,62.61,34727976.76,23077773.16,157425145.08,186067476.08,343492621.16,61.55,61.72,22208623.13,8243115.11,154975940.38,184609904.11,97.00,93.00
1101.00,11.00,21436812.42,8189173.28,147652034.55,175852224.04,323504258.59,62.80,62.57,33557943.71,21691356.52,157196247.45,185931254.40,343127501.85,61.55,61.67,20135993.16,5787177.06,154570464.57,184368597.13,97.00,93.00
1102.00,11.00,20904327.99,7558212.24,147547862.77,175790229.27,323338092.04,62.68,62.63,33173504.28,21235819.62,157121038.22,185886495.85,343007534.07,61.43,61.72,19166537.21,4638431.84,154380806.53,184255727.74,97.00,93.00
1103.00,11.00,21404974.78,8151447.66,147645806.04,175848517.32,323494323.36,62.78,62.40,32872638.64,20879312.48,157062178.83,185851467.42,342913646.25,61.52,61.51,20386714.53,6084266.34,154619514.06,184397787.49,97.00,93.00
1104.00,11.00,23503074.86,10637566.21,148056264.66,176092789.67,324149054.33,62.72,62.65,36081872.14,24682055.27,157690012.34,186225104.03,343915116.37,61.47,61.74,21473173.79,7371653.22,154832061.87,184524279.05,97.00,93.00
1105.00,11.00,21199622.04,7908117.39,147605632.17,175824609.03,323430241.20,62.73,62.58,34159674.99,22404370.79,157313966.23,186001311.27,343315277.50,61.47,61.64,19450688.09,4975133.03,154436395.96,184288810.15,97.00,93.00
1106.00,11.00,20745139.82,7369584.13,147516720.23,175771695.71,323288415.94,62.70,62.45,33825379.83,22008251.75,157248566.90,185962390.79,343210957.69,61.47,61.53,18564805.93,3925417.57,154263087.75,184185670.88,97.00,93.00
1107.00,11.00,21687533.78,8486262.56,147701084.04,175881414.40,323582498.44,62.66,62.63,34811550.55,23176802.92,157441494.91,186077206.20,343518701.11,61.39,61.71,19935416.07,5549505.64,154531224.98,184345244.84,97.00,93.00
1108.00,11.00,22903731.40,9927381.36,147939013.01,176023010.81,323962023.82,62.75,62.59,34794835.79,23156996.96,157438224.95,186075260.18,343513485.13,61.49,61.70,21356170.48,7233011.56,154809172.10,184510656.88,97.00,93.00
1109.00,11.00,22252651.79,9155892.37,147811640.04,175947208.54,323758848.58,62.62,62.59,34310107.81,22582624.36,157343395.93,186018825.48,343362221.41,61.39,61.68,20971731.05,6777474.66,154733962.88,184465898.33,97.00,93.00
1110.00,11.00,23453726.53,10579091.49,148046610.47,176087044.27,324133654.74,62.70,62.45,36132016.41,24741473.12,157699822.24,186230942.10,343930764.34,61.45,61.55,20838012.99,6619027.04,154707803.15,184450330.14,97.00,93.00
1111.00,11.00,21650124.56,8441934.96,147693765.55,175877059.01,323570824.56,62.68,62.49,33858809.35,22047863.65,157255106.84,185966282.84,343221389.68,61.45,61.59,19567691.40,5113774.69,154459285.72,184302432.32,97.00,93.00
1112.00,11.00,22585355.06,9550125.13,147876727.94,175985943.69,323862671.63,62.66,62.62,34343537.33,22622236.26,157349935.86,186022717.53,343372653.39,61.42,61.72,21423029.52,7312235.36,154822251.97,184518440.98,97.00,93.00
1113.00,11.00,21514814.62,8281601.06,147667294.39,175861305.48,323528599.87,62.79,62.53,34025956.93,22245923.17,157287806.50,185985743.08,343273549.58,61.53,61.63,19601120.91,5153386.60,154465825.65,184306324.36,97.00,93.00
1114.00,11.00,22459596.41,9401108.92,147852125.34,175971302.17,323823427.51,62.66,62.67,34259963.54,22523206.50,157333586.03,186012987.41,343346573.44,61.41,61.77,21372885.24,7252817.51,154812442.07,184512602.91,97.00,93.00
1115.00,11.00,21872988.00,8706014.32,147737365.10,175903006.00,323640371.10,62.74,62.63,33992527.41,22206311.27,157281266.57,185981851.03,343263117.60,61.47,61.73,20570576.87,6302131.81,154655483.69,184419193.76,97.00,93.00
1116.00,11.00,20848612.13,7492192.40,147536962.88,175783742.53,323320705.41,62.72,62.55,33908953.62,22107281.51,157264916.74,185972120.91,343237037.65,61.46,61.63,18715238.75,4103671.14,154292517.44,184203185.09,97.00,93.00
1117.00,11.00,23135350.19,10201835.26,147984325.40,176049977.14,324034302.54,62.74,62.52,35496855.62,23988846.95,157575563.53,186156993.19,343732556.72,61.49,61.60,21891042.74,7866802.02,154913811.02,184572929.65,97.00,93.00
1118.00,11.00,21244990.67,7961876.40,147614507.79,175829891.09,323444398.88,62.63,62.61,33608087.98,21750774.37,157206057.34,185937092.48,343143149.82,61.41,61.67,19918701.31,5529699.68,154527955.01,184343298.82,97.00,93.00
1119.00,11.00,23027102.23,10073568.14,147963148.48,176037374.32,324000522.80,62.80,62.54,34778121.03,23137191.01,157434954.98,186073314.16,343508269.14,61.56,61.59,21506603.30,7411265.12,154838601.80,184528171.10,97.00,93.00
1120.00,11.00,22303592.00,9216253.36,147821605.65,175953139.28,323774744.93,62.68,62.48,33959097.90,22166699.36,157274726.63,185977958.98,343252685.61,61.42,61.58,21272596.70,7133981.80,154792822.27,184500926.76,97.00,93.00
1121.00,11.00,20921838.69,7578961.33,147551288.45,175792267.96,323343556.41,62.74,62.48,33574658.47,21711162.47,157199517.41,185933200.43,343132717.84,61.49,61.56,19768268.49,5351446.12,154498525.31,184325784.60,97.00,93.00
1122.00,11.00,22100627.09,8975752.52,147781898.92,175929508.99,323711407.91,62.81,62.43,34811550.55,23176802.92,157441494.91,186077206.20,343518701.11,61.54,61.57,21824183.70,7787578.21,154900731.16,184565145.56,97.00,93.00
1123.00,11.00,21805333.03,8625847.37,147724129.52,175895129.23,323619258.75,62.74,62.63,33858809.35,22047863.65,157255106.84,185966282.84,343221389.68,61.50,61.72,20654150.66,6401161.57,154671833.52,184428923.88,97.00,93.00
1124.00,11.00,21926316.04,8769204.73,147747797.84,175909214.74,323657012.58,62.77,62.62,34092815.96,22325146.98,157300886.36,185993527.17,343294413.53,61.54,61.71,21239167.18,7094369.89,154786282.34,184497034.72,97.00,93.00
1125.00,11.00,21638981.39,8428730.99,147691585.57,175875761.66,323567347.23,62.75,62.61,33541228.95,21671550.56,157192977.48,185929308.38,343122285.86,61.53,61.66,20303140.74,5985236.58,154603164.23,184388057.37,97.00,93.00
1126.00,11.00,22061625.98,8929538.63,147774269.00,175924968.27,323699237.27,62.66,62.60,33791950.32,21968639.84,157242026.97,185958498.74,343200525.71,61.41,61.70,21222452.42,7074563.94,154783012.37,184495088.69,97.00,93.00
1127.00,11.00,21449547.47,8204263.53,147654525.95,175853706.72,323508232.67,62.86,62.42,33758520.80,21929027.94,157235487.04,185954606.69,343190093.73,61.62,61.52,20252996.47,5925818.72,154593354.33,184382219.30,97.00,93.00
1128.00,11.00,20554114.01,7143230.39,147479349.19,175749455.44,323228804.63,62.75,62.54,31869753.17,19690955.36,156865980.86,185734705.98,342600686.84,61.47,61.62,19751553.73,5331640.16,154495255.35,184323838.58,97.00,93.00
1129.00,11.00,21685145.96,8483433.14,147700616.90,175881136.39,323581753.29,62.86,62.55,33975812.65,22186505.32,157277996.60,185979905.00,343257901.60,61.62,61.62,20487003.08,6203102.05,154639133.86,184409463.64,97.00,93.00
1130.00,11.00,20527052.03,7111163.61,147474054.96,175746304.73,323220359.69,62.81,62.58,32254192.60,20146492.26,156941190.08,185779464.53,342720654.61,61.58,61.63,19450688.09,4975133.03,154436395.96,184288810.15,97.00,93.00
1131.00,11.00,22247080.20,9149290.38,147810550.05,175946559.87,323757109.92,62.74,62.52,33975812.65,22186505.32,157277996.60,185979905.00,343257901.60,61.48,61.64,21055304.84,6876504.42,154750312.71,184475628.45,97.00,93.00
1132.00,11.00,22563864.66,9524660.33,147872523.70,175983441.66,323855965.36,62.82,62.55,35129130.94,23553116.00,157503624.27,186114180.66,343617804.93,61.57,61.66,21055304.84,6876504.42,154750312.71,184475628.45,97.00,93.00
1133.00,11.00,22579783.48,9543523.14,147875637.95,175985295.01,323860932.96,62.71,62.54,34393681.60,22681654.12,157359745.76,186028555.60,343388301.36,61.42,61.65,21406314.76,7292429.41,154818982.00,184516494.96,97.00,93.00
1134.00,11.00,22926017.75,9953789.29,147943372.97,176025605.51,323968978.48,62.57,62.56,34711262.00,23057967.20,157421875.11,186065530.06,343487405.17,61.34,61.67,22091619.83,8104473.44,154953050.62,184596281.94,97.00,93.00
1135.00,11.00,23937658.57,11152520.96,148141283.78,176143386.29,324284670.07,63.00,62.53,36399452.54,25058368.36,157752141.70,186262078.48,344014220.18,61.72,61.67,22860498.69,9015547.24,155103469.06,184685799.04,97.00,93.00
1136.00,11.00,20382190.79,6939512.03,147445715.25,175729439.19,323175154.44,62.76,62.60,32187333.56,20067268.45,156928110.22,185771680.44,342699790.66,61.49,61.70,18782097.78,4182894.95,154305597.31,184210969.19,97.00,93.00
1137.00,11.00,21268868.90,7990170.62,147619179.17,175832671.13,323451850.30,62.78,62.51,32972927.18,20998148.20,157081798.63,185863143.56,342944942.19,61.52,61.63,20252996.47,5925818.72,154593354.33,184382219.30,97.00,93.00
1138.00,11.00,21611123.46,8395721.07,147686135.62,175872518.29,323558653.91,62.65,62.56,33206933.79,21275431.52,157127578.15,185890387.90,343017966.05,61.42,61.67,20553862.11,6282325.86,154652213.73,184417247.73,97.00,93.00
1139.00,11.00,22013073.59,8872007.06,147764770.53,175919315.53,323684086.06,62.80,62.53,34828265.30,23196608.87,157444764.88,186079152.23,343523917.11,61.55,61.62,20804583.48,6579415.14,154701263.22,184446438.09,97.00,93.00
1140.00,11.00,22879057.24,9898144.00,147934185.92,176020138.11,323954324.03,62.81,62.51,34928553.85,23315444.58,157464384.68,186090828.37,343555213.05,61.54,61.63,20854727.75,6638833.00,154711073.12,184452276.16,97.00,93.00
1141.00,11.00,23531728.73,10671519.27,148061870.31,176096125.71,324157996.02,62.78,62.57,35948154.08,24523607.65,157663852.61,186209535.84,343873388.45,61.50,61.67,22141764.10,8163891.30,154962860.52,184602120.01,97.00,93.00
1142.00,11.00,20749915.46,7375242.97,147517654.51,175772251.72,323289906.23,62.79,62.55,32153904.05,20027656.55,156921570.28,185767788.39,342689358.67,61.56,61.66,19734838.97,5311834.21,154491985.38,184321892.56,97.00,93.00
1143.00,11.00,22778768.69,9779308.29,147914566.12,176008461.96,323923028.08,62.79,62.58,34594258.69,22919325.54,157398985.35,186051907.89,343450893.24,61.56,61.66,21322740.97,7193399.65,154802632.17,184506764.84,97.00,93.00
1144.00,11.00,22450045.12,9389791.23,147850256.79,175970190.16,323820446.95,62.77,62.58,33942383.14,22146893.41,157271456.67,185976012.96,343247469.63,61.51,61.66,21172308.15,7015146.08,154773202.48,184489250.62,97.00,93.00
1145.00,11.00,22516904.15,9469015.04,147863336.65,175977974.25,323841310.90,62.76,62.47,33842094.59,22028057.70,157251836.87,185964336.81,343216173.68,61.53,61.53,21222452.42,7074563.94,154783012.37,184495088.69,97.00,93.00
1146.00,11.00,21550631.96,8324042.38,147674301.46,175865475.53,323539776.99,62.75,62.55,33524514.19,21651744.61,157189707.51,185927362.36,343117069.87,61.49,61.62,21155593.39,6995340.13,154769932.51,184487304.60,97.00,93.00
1147.00,11.00,23155248.71,10225413.78,147988218.22,176052293.84,324040512.06,62.73,62.43,36182160.69,24800890.98,157709632.14,186236780.17,343946412.31,61.48,61.53,21991331.28,7985637.73,154933430.82,184584605.80,97.00,93.00
1148.00,11.00,22838464.25,9850043.83,147926244.57,176015412.05,323941656.62,62.73,62.63,34995412.88,23394668.39,157477464.54,186098612.47,343576077.01,61.50,61.69,21222452.42,7074563.94,154783012.37,184495088.69,97.00,93.00
1149.00,11.00,19957158.38,6435874.96,147362564.68,175679954.58,323042519.26,62.68,62.57,31652461.31,19433477.99,156823471.30,185709407.67,342532878.97,61.42,61.69,19116392.93,4579013.99,154370996.63,184249889.67,97.00,93.00
1150.00,11.00,22064809.75,8933311.19,147774891.85,175925338.94,323700230.79,62.63,62.58,33725091.29,21889416.04,157228947.11,185950714.64,343179661.75,61.39,61.66,21005160.57,6817086.56,154740502.81,184469790.38,97.00,93.00
1151.00,11.00,22176241.47,9065350.87,147796691.63,175938312.43,323735004.06,62.69,62.66,33808665.08,21988445.80,157245296.94,185960444.76,343205741.70,61.43,61.75,21122163.87,6955728.23,154763392.58,184483412.55,97.00,93.00
1152.00,11.00,23085205.92,10142417.41,147974515.50,176044139.07,324018654.57,62.83,62.52,35546999.89,24048264.80,157585373.43,186162831.26,343748204.69,61.59,61.58,21088734.36,6916116.32,154756852.64,184479520.50,97.00,93.00
1153.00,11.00,24070580.69,11310025.43,148167287.80,176158861.82,324326149.62,62.78,62.52,35580429.41,24087876.71,157591913.36,186166723.31,343758636.67,61.54,61.59,22643206.84,8758069.86,155060959.50,184660500.73,97.00,93.00
1154.00,11.00,20822346.08,7461068.76,147531824.36,175780684.49,323312508.85,62.69,62.54,32254192.60,20146492.26,156941190.08,185779464.53,342720654.61,61.45,61.62,19417258.57,4935521.12,154429856.02,184284918.10,97.00,93.00
1155.00,11.00,23031877.88,10079226.99,147964082.75,176037930.33,324002013.08,62.80,62.43,34961983.37,23355056.48,157470924.61,186094720.42,343565645.03,61.57,61.50,21423029.52,7312235.36,154822251.97,184518440.98,97.00,93.00
1156.00,11.00,21307870.00,8036384.51,147626809.09,175837211.85,323464020.94,62.80,62.69,33975812.65,22186505.32,157277996.60,185979905.00,343257901.60,61.55,61.77,18899101.08,4321536.61,154328487.07,184224591.36,97.00,93.00
1157.00,11.00,22142016.01,9024795.83,147789995.98,175934327.72,323724323.70,62.77,62.60,34560829.18,22879713.64,157392445.42,186048015.84,343440461.26,61.52,61.72,20654150.66,6401161.57,154671833.52,184428923.88,97.00,93.00
1158.00,11.00,21752004.99,8562656.95,147713696.77,175888920.49,323602617.26,62.81,62.53,33942383.14,22146893.41,157271456.67,185976012.96,343247469.63,61.57,61.61,20436858.80,6143684.20,154629323.96,184403625.56,97.00,93.00
1159.00,11.00,21748025.29,8557941.25,147712918.20,175888457.15,323601375.35,62.68,62.63,34761406.27,23117385.06,157431685.01,186071368.13,343503053.14,61.40,61.75,20018989.86,5648535.40,154547574.81,184354974.96,97.00,93.00
1160.00,11.00,21100129.44,7790224.82,147586168.09,175813025.55,323399193.64,62.67,62.60,33574658.47,21711162.47,157199517.41,185933200.43,343132717.84,61.41,61.70,19901986.55,5509893.73,154524685.04,184341352.80,97.00,93.00
1161.00,11.00,22353736.28,9275671.22,147831415.55,175958977.35,323790392.90,62.66,62.55,33674947.01,21829998.18,157219137.21,185944876.57,343164013.78,61.42,61.64,21306026.21,7173593.70,154799362.21,184504818.81,97.00,93.00
1162.00,11.00,21245786.61,7962819.55,147614663.51,175829983.76,323444647.27,62.78,62.61,32872638.64,20879312.48,157062178.83,185851467.42,342913646.25,61.52,61.70,19901986.55,5509893.73,154524685.04,184341352.80,97.00,93.00
1163.00,11.00,22232753.27,9132313.85,147807747.23,175944891.85,323752639.08,62.65,62.63,33825379.83,22008251.75,157248566.90,185962390.79,343210957.69,61.42,61.73,20186137.44,5846594.92,154580274.47,184374435.20,97.00,93.00
1164.00,11.00,21102517.26,7793054.24,147586635.22,175813303.56,323399938.78,62.64,62.61,33674947.01,21829998.18,157219137.21,185944876.57,343164013.78,61.42,61.68,19250111.00,4737461.60,154397156.36,184265457.86,97.00,93.00
1165.00,11.00,22405472.43,9336975.36,147841536.88,175965000.76,323806537.64,62.65,62.45,34310107.81,22582624.36,157343395.93,186018825.48,343362221.41,61.42,61.55,20871442.51,6658638.95,154714343.08,184454222.19,97.00,93.00
1166.00,11.00,24221809.45,11489222.14,148196873.21,176176468.70,324373341.91,62.78,62.48,36549885.36,25236621.92,157781571.40,186279592.70,344061164.10,61.52,61.57,22743495.39,8876905.57,155080579.30,184672176.88,97.00,93.00
1167.00,11.00,21665247.44,8459854.63,147696724.09,175878819.70,323575543.79,62.80,62.47,33039786.21,21077372.00,157094878.49,185870927.66,342965806.15,61.54,61.57,21322740.97,7193399.65,154802632.17,184506764.84,97.00,93.00
1168.00,11.00,22727032.53,9718004.15,147904444.80,176002438.56,323906883.36,62.70,62.50,34259963.54,22523206.50,157333586.03,186012987.41,343346573.44,61.46,61.61,21122163.87,6955728.23,154763392.58,184483412.55,97.00,93.00
1169.00,11.00,22166690.18,9054033.19,147794823.07,175937200.42,323732023.49,62.71,62.54,34226534.02,22483594.60,157327046.09,186009095.36,343336141.45,61.46,61.64,20002275.10,5628729.44,154544304.84,184353028.94,97.00,93.00
1170.00,11.00,22204099.40,9098360.79,147802141.57,175941555.81,323743697.38,62.76,62.46,34025956.93,22245923.17,157287806.50,185985743.08,343273549.58,61.51,61.58,20787868.72,6559609.19,154697993.25,184444492.07,97.00,93.00
1171.00,11.00,20858163.42,7503510.09,147538831.43,175784854.54,323323685.97,62.78,62.55,33123360.00,21176401.76,157111228.32,185880657.78,342991886.10,61.51,61.65,19534261.88,5074162.79,154452745.79,184298540.27,97.00,93.00
1172.00,11.00,21387464.08,8130698.57,147642380.36,175846478.63,323488858.99,62.66,62.61,33808665.08,21988445.80,157245296.94,185960444.76,343205741.70,61.39,61.69,19801698.01,5391058.02,154505065.25,184329676.65,97.00,93.00
1173.00,11.00,21539488.79,8310838.42,147672121.48,175864178.18,323536299.66,62.70,62.57,34076101.20,22305341.03,157297616.40,185991581.15,343289197.55,61.44,61.67,19952130.83,5569311.59,154534494.94,184347190.87,97.00,93.00
1174.00,11.00,21496507.98,8259908.83,147663713.00,175859174.12,323522887.12,62.75,62.63,33440940.40,21552714.85,157173357.68,185917632.24,343090989.92,61.52,61.70,20303140.74,5985236.58,154603164.23,184388057.37,97.00,93.00
1175.00,11.00,21252950.08,7971307.81,147616064.92,175830817.77,323446882.69,62.86,62.57,33791950.32,21968639.84,157242026.97,185958498.74,343200525.71,61.62,61.64,19935416.07,5549505.64,154531224.98,184345244.84,97.00,93.00
1176.00,11.00,22857566.83,9872679.20,147929981.68,176017636.08,323947617.76,62.80,62.55,35429996.59,23909623.14,157562483.66,186149209.09,343711692.75,61.55,61.66,21423029.52,7312235.36,154822251.97,184518440.98,97.00,93.00
1177.00,11.00,21100925.38,7791167.96,147586323.80,175813118.22,323399442.02,62.75,62.58,33591373.22,21730968.42,157202787.38,185935146.45,343137933.83,61.46,61.67,19550976.64,5093968.74,154456015.75,184300486.29,97.00,93.00
1178.00,11.00,23659079.27,10822421.76,148086784.34,176110952.56,324197736.90,62.73,62.56,36215590.20,24840502.88,157716172.07,186240672.22,343956844.29,61.46,61.66,22308911.68,8361950.82,154995560.18,184621580.25,97.00,93.00
1179.00,11.00,21664451.50,8458911.49,147696568.37,175878727.03,323575295.40,62.69,62.53,32922782.91,20938730.34,157071988.73,185857305.49,342929294.22,61.45,61.64,20420144.05,6123878.24,154626054.00,184401679.54,97.00,93.00
1180.00,11.00,22489842.16,9436948.26,147858042.42,175974823.55,323832865.97,62.67,62.61,34644402.97,22978743.40,157408795.25,186057745.96,343466541.21,61.45,61.68,21055304.84,6876504.42,154750312.71,184475628.45,97.00,93.00
1181.00,11.00,21165396.59,7867562.35,147598936.53,175820624.31,323419560.84,62.81,62.48,33608087.98,21750774.37,157206057.34,185937092.48,343143149.82,61.56,61.58,19701409.46,5272222.31,154485445.45,184318000.51,97.00,93.00
1182.00,11.00,22553517.43,9512399.50,147870499.43,175982236.97,323852736.40,62.64,62.57,34644402.97,22978743.40,157408795.25,186057745.96,343466541.21,61.40,61.67,20955016.30,6757668.71,154730692.92,184463952.31,97.00,93.00
1183.00,11.00,22460392.35,9402052.06,147852281.05,175971394.84,323823675.89,62.71,62.57,34644402.97,22978743.40,157408795.25,186057745.96,343466541.21,61.48,61.62,20721009.69,6480385.38,154684913.39,184436707.97,97.00,93.00
1184.00,11.00,21452731.23,8208036.09,147655148.80,175854077.39,323509226.19,62.88,62.54,33307222.34,21394267.24,157147197.95,185902064.04,343049261.99,61.63,61.63,19734838.97,5311834.21,154491985.38,184321892.56,97.00,93.00
1185.00,11.00,21848313.84,8676776.96,147732538.00,175900133.29,323632671.29,62.82,62.47,34376966.84,22661848.16,157356475.79,186026609.58,343383085.37,61.56,61.54,20336570.26,6024848.48,154609704.17,184391949.42,97.00,93.00
1186.00,11.00,22074361.04,8944628.88,147776760.40,175926450.95,323703211.35,62.67,62.63,33791950.32,21968639.84,157242026.97,185958498.74,343200525.71,61.41,61.73,21289311.45,7153787.75,154796092.24,184502872.79,97.00,93.00
1187.00,11.00,22831300.78,9841555.56,147924843.16,176014578.04,323939421.20,62.87,62.51,35413281.83,23889817.19,157559213.70,186147263.07,343706476.77,61.61,61.61,21957901.77,7946025.83,154926890.89,184580713.75,97.00,93.00
1188.00,11.00,21245786.61,7962819.55,147614663.51,175829983.76,323444647.27,62.63,62.60,33440940.40,21552714.85,157173357.68,185917632.24,343090989.92,61.39,61.69,19484117.61,5014744.93,154442935.89,184292702.20,97.00,93.00
1189.00,11.00,20208675.69,6733907.38,147411769.89,175709237.61,323121007.50,62.75,62.54,32404625.42,20324745.83,156970619.78,185796978.75,342767598.53,61.51,61.65,19367114.30,4876103.27,154420046.12,184279080.03,97.00,93.00
1190.00,11.00,22380002.32,9306794.86,147836554.07,175962035.39,323798589.46,62.77,62.52,34059386.44,22285535.08,157294346.43,185989635.12,343283981.55,61.51,61.62,22058190.31,8064861.54,154946510.69,184592389.89,97.00,93.00
1191.00,11.00,21272052.66,7993943.18,147619802.02,175833041.80,323452843.82,62.85,62.39,33557943.71,21691356.52,157196247.45,185931254.40,343127501.85,61.62,61.47,19550976.64,5093968.74,154456015.75,184300486.29,97.00,93.00
1192.00,11.00,23545259.73,10687552.66,148064517.43,176097701.06,324162218.49,62.78,62.52,34861694.82,23236220.77,157451304.81,186083044.28,343534349.09,61.51,61.62,22643206.84,8758069.86,155060959.50,184660500.73,97.00,93.00
1193.00,11.00,23602567.47,10755458.78,148075728.74,176104373.15,324180101.89,62.75,62.68,35613858.92,24127488.61,157598453.29,186170615.36,343769068.65,61.51,61.75,22275482.17,8322338.92,154989020.25,184617688.20,97.00,93.00
1194.00,11.00,20754691.11,7380901.81,147518588.78,175772807.72,323291396.50,62.79,62.49,33741806.04,21909221.99,157232217.07,185952660.67,343184877.74,61.56,61.58,18665094.47,4044253.28,154282707.54,184197347.02,97.00,93.00
1195.00,11.00,21865028.59,8696582.91,147735807.97,175902079.32,323637887.29,62.61,62.48,33925668.38,22127087.46,157268186.70,185974066.93,343242253.63,61.35,61.61,20520432.59,6242713.96,154645673.79,184413355.68,97.00,93.00
1196.00,11.00,21908805.34,8748455.64,147744372.17,175907176.05,323651548.22,62.97,62.37,33758520.80,21929027.94,157235487.04,185954606.69,343190093.73,61.70,61.46,20436858.80,6143684.20,154629323.96,184403625.56,97.00,93.00
1197.00,11.00,22032176.17,8894642.43,147768507.63,175921539.56,323690047.19,62.76,62.58,34226534.02,22483594.60,157327046.09,186009095.36,343336141.45,61.48,61.69,20503717.83,6222908.00,154642403.83,184411409.66,97.00,93.00
1198.00,11.00,21689921.61,8489091.98,147701551.18,175881692.40,323583243.58,62.71,62.59,33708376.53,21869610.08,157225677.14,185948768.62,343174445.76,61.47,61.67,20888157.26,6678444.90,154717613.05,184456168.21,97.00,93.00
1199.00,11.00,21728126.77,8534362.73,147709025.39,175886140.46,323595165.85,62.88,62.58,34393681.60,22681654.12,157359745.76,186028555.60,343388301.36,61.61,61.68,20286425.98,5965430.63,154599894.27,184386111.35,97.00,93.00
1200.00,11.00,22892588.23,9914177.39,147936833.03,176021713.46,323958546.49,62.74,62.55,35045557.16,23454086.24,157487274.44,186104450.54,343591724.98,61.49,61.63,21172308.15,7015146.08,154773202.48,184489250.62,97.00,93.00
1201.00,12.00,23327967.88,10430075.28,148022007.87,176072402.75,324094410.62,62.63,62.59,34844980.06,23216414.82,157448034.84,186081098.25,343529133.09,61.40,61.69,21891042.74,7866802.02,154913811.02,184572929.65,97.00,93.00
1202.00,12.00,21488548.57,8250477.42,147662155.87,175858247.44,323520403.31,62.74,62.54,33507799.43,21631938.66,157186437.55,185925416.33,343111853.88,61.44,61.65,20604006.38,6341743.72,154662023.62,184423085.80,97.00,93.00
1203.00,12.00,22489046.22,9436005.12,147857886.71,175974730.88,323832617.59,62.72,62.68,34694547.24,23038161.25,157418605.15,186063584.04,343482189.19,61.49,61.76,20938301.54,6737862.76,154727422.95,184462006.28,97.00,93.00
1204.00,12.00,22867914.06,9884940.03,147932005.94,176018840.76,323950846.70,62.88,62.44,35062271.91,23473892.20,157490544.40,186106396.56,343596940.96,61.60,61.54,21439744.27,7332041.32,154825521.94,184520387.00,97.00,93.00
1205.00,12.00,22298816.36,9210594.52,147820671.38,175952583.27,323773254.65,62.75,62.59,34142960.23,22384564.84,157310696.26,185999365.24,343310061.50,61.53,61.68,20771153.96,6539803.24,154694723.29,184442546.04,97.00,93.00
1206.00,12.00,22536802.67,9492593.55,147867229.47,175980290.95,323847520.42,62.73,62.68,34644402.97,22978743.40,157408795.25,186057745.96,343466541.21,61.49,61.76,21690465.64,7629130.60,154874571.43,184549577.36,97.00,93.00
1207.00,12.00,21027698.82,7704399.03,147571998.23,175804592.78,323376591.01,62.78,62.49,33140074.76,21196207.72,157114498.29,185882603.80,342997102.09,61.53,61.58,19667979.94,5232610.40,154478905.52,184314108.46,97.00,93.00
1208.00,12.00,23550035.37,10693211.50,148065451.71,176098257.07,324163708.78,62.74,62.62,35764291.74,24305742.18,157627882.99,186188129.57,343816012.56,61.47,61.73,22927357.72,9094771.04,155116548.93,184693583.14,97.00,93.00
1209.00,12.00,21791802.04,8609813.98,147721482.40,175893553.88,323615036.28,62.82,62.44,34310107.81,22582624.36,157343395.93,186018825.48,343362221.41,61.56,61.55,20436858.80,6143684.20,154629323.96,184403625.56,97.00,93.00
1210.00,12.00,20875674.12,7524259.18,147542257.11,175786893.23,323329150.34,62.72,62.55,32638632.03,20602029.16,157016399.30,185824223.08,342840622.38,61.45,61.66,20369999.77,6064460.39,154616244.10,184395841.47,97.00,93.00
1211.00,12.00,21158233.12,7859074.08,147597535.11,175819790.30,323417325.41,62.76,62.61,32521628.72,20463387.49,156993509.54,185810600.92,342804110.46,61.46,61.71,20269711.22,5945624.68,154596624.30,184384165.32,97.00,93.00
1212.00,12.00,21896866.23,8734308.53,147742036.48,175905786.03,323647822.51,62.72,62.48,34677832.48,23018355.30,157415335.18,186061638.01,343476973.19,61.47,61.58,20386714.53,6084266.34,154619514.06,184397787.49,97.00,93.00
1213.00,12.00,19514615.27,5911488.80,147275988.43,175628431.28,322904419.71,62.81,62.53,32270907.35,20166298.21,156944460.05,185781410.56,342725870.61,61.57,61.63,18163651.74,3450074.72,154184608.56,184138966.30,97.00,93.00
1214.00,12.00,22716685.30,9705743.32,147902420.53,176001233.87,323903654.40,62.73,62.68,34878409.58,23256026.72,157454574.78,186084990.30,343539565.08,61.46,61.75,21372885.24,7252817.51,154812442.07,184512602.91,97.00,93.00
1215.00,12.00,22153955.12,9038942.94,147792331.67,175935717.73,323728049.40,62.76,62.60,34744691.51,23097579.11,157428415.05,186069422.11,343497837.16,61.52,61.68,20537147.35,6262519.91,154648943.76,184415301.71,97.00,93.00
1216.00,12.00,21902437.81,8740910.52,147743126.46,175906434.71,323649561.17,62.66,62.64,34477255.39,22780683.88,157376095.59,186038285.72,343414381.31,61.41,61.72,20069134.13,5707953.25,154557384.71,184360813.04,97.00,93.00
1217.00,12.00,22329062.11,9246433.86,147826588.46,175956104.65,323782693.11,62.57,62.71,34009242.17,22226117.22,157284536.53,185983797.05,343268333.58,61.35,61.77,21857613.22,7827190.12,154907271.09,184569037.60,97.00,93.00
1218.00,12.00,21783046.69,8599439.43,147719769.56,175892534.53,323612304.09,62.81,62.52,34209819.26,22463788.64,157323776.13,186007149.34,343330925.47,61.57,61.60,19818412.76,5410863.97,154508335.21,184331622.68,97.00,93.00
1219.00,12.00,22169873.94,9057805.75,147795445.92,175937571.09,323733017.01,62.77,62.50,34042671.68,22265729.12,157291076.47,185987689.10,343278765.57,61.54,61.59,21406314.76,7292429.41,154818982.00,184516494.96,97.00,93.00
1220.00,12.00,20858163.42,7503510.09,147538831.43,175784854.54,323323685.97,62.71,62.63,32989641.94,21017954.15,157085068.59,185865089.59,342950158.18,61.46,61.73,19250111.00,4737461.60,154397156.36,184265457.86,97.00,93.00
1221.00,12.00,20562073.42,7152661.79,147480906.32,175750382.11,323231288.43,62.76,62.54,31936612.20,19770179.17,156879060.72,185742490.08,342621550.80,61.50,61.63,19500832.36,5034550.88,154446205.85,184294648.22,97.00,93.00
1222.00,12.00,21745637.47,8555111.82,147712451.07,175888179.15,323600630.22,62.88,62.61,33056500.97,21097177.96,157098148.46,185872873.68,342971022.14,61.62,61.69,20403429.29,6104072.29,154622784.03,184399733.52,97.00,93.00
1223.00,12.00,22041727.46,8905960.12,147770376.18,175922651.57,323693027.75,62.74,62.46,33825379.83,22008251.75,157248566.90,185962390.79,343210957.69,61.50,61.57,20336570.26,6024848.48,154609704.17,184391949.42,97.00,93.00
1224.00,12.00,21865028.59,8696582.91,147735807.97,175902079.32,323637887.29,62.72,62.53,33591373.22,21730968.42,157202787.38,185935146.45,343137933.83,61.48,61.59,20570576.87,6302131.81,154655483.69,184419193.76,97.00,93.00
1225.00,12.00,21189274.81,7895856.56,147603607.91,175823404.35,323427012.26,62.66,62.52,33056500.97,21097177.96,157098148.46,185872873.68,342971022.14,61.40,61.60,20202852.19,5866400.87,154583544.44,184376381.23,97.00,93.00
1226.00,12.00,20839856.78,7481817.85,147535250.04,175782723.18,323317973.22,62.61,62.62,32705491.06,20681252.96,157029479.17,185832007.18,342861486.35,61.37,61.71,19835127.52,5430669.92,154511605.18,184333568.70,97.00,93.00
1227.00,12.00,21002228.71,7674218.53,147567015.43,175801627.41,323368642.84,62.72,62.41,33741806.04,21909221.99,157232217.07,185952660.67,343184877.74,61.47,61.52,19216681.48,4697849.70,154390616.43,184261565.81,97.00,93.00
1228.00,12.00,21783046.69,8599439.43,147719769.56,175892534.53,323612304.09,62.77,62.54,34360252.08,22642042.21,157353205.82,186024663.56,343377869.38,61.52,61.62,20119278.40,5767371.11,154567194.60,184366651.11,97.00,93.00
1229.00,12.00,19200218.63,5538948.28,147214481.93,175591827.49,322806309.42,62.81,62.54,30699720.12,18304538.72,156637083.22,185598484.30,342235567.52,61.55,61.65,17912930.37,3152985.44,154135559.06,184109775.94,97.00,93.00
1230.00,12.00,23701264.13,10872408.21,148095037.11,176115863.96,324210901.07,62.78,62.46,35346422.80,23810593.38,157546133.83,186139478.97,343685612.80,61.49,61.54,21707180.40,7648936.55,154877841.40,184551523.39,97.00,93.00
1231.00,12.00,21467854.11,8225955.76,147658107.34,175855838.08,323513945.42,62.80,62.54,34460540.63,22760877.92,157372825.62,186036339.70,343409165.32,61.54,61.67,19584406.15,5133580.64,154462555.69,184304378.34,97.00,93.00
1232.00,12.00,21673206.85,8469286.03,147698281.21,175879746.38,323578027.59,62.78,62.63,33591373.22,21730968.42,157202787.38,185935146.45,343137933.83,61.54,61.71,20704294.93,6460579.43,154681643.42,184434761.95,97.00,93.00
1233.00,12.00,20987105.84,7656298.86,147564056.89,175799866.72,323363923.61,62.74,62.46,33073215.73,21116983.91,157101418.42,185874819.71,342976238.13,61.50,61.58,19099678.18,4559208.04,154367726.66,184247943.64,97.00,93.00
1234.00,12.00,20779365.27,7410139.17,147523415.88,175775680.43,323299096.31,62.79,62.67,32655346.78,20621835.11,157019669.27,185826169.11,342845838.38,61.53,61.80,18949245.36,4380954.47,154338296.97,184230429.43,97.00,93.00
1235.00,12.00,22705542.13,9692539.35,147900240.56,175999936.53,323900177.09,62.71,62.57,34410396.36,22701460.07,157363015.72,186030501.63,343393517.35,61.46,61.63,22125049.35,8144085.35,154959590.55,184600173.99,97.00,93.00
1236.00,12.00,21730514.59,8537192.15,147709492.53,175886418.46,323595910.99,62.85,62.45,32839209.12,20839700.58,157055638.90,185847575.37,342903214.27,61.60,61.53,20838012.99,6619027.04,154707803.15,184450330.14,97.00,93.00
1237.00,12.00,21856273.24,8686208.36,147734095.13,175901059.97,323635155.10,62.74,62.56,33591373.22,21730968.42,157202787.38,185935146.45,343137933.83,61.48,61.65,21423029.52,7312235.36,154822251.97,184518440.98,97.00,93.00
1238.00,12.00,24624555.52,11966451.27,148275663.82,176223358.61,324499022.43,62.75,62.56,36951039.55,25711964.77,157860050.59,186326297.28,344186347.87,61.51,61.64,23345226.67,9589919.84,155198298.08,184742233.74,97.00,93.00
1239.00,12.00,24046702.46,11281731.22,148162616.42,176156081.78,324318698.20,62.68,62.66,35714147.47,24246324.32,157618073.09,186182291.50,343800364.59,61.42,61.76,23244938.12,9471084.13,155178678.29,184730557.60,97.00,93.00
1240.00,12.00,22394329.26,9323771.39,147839356.90,175963703.41,323803060.31,62.70,62.49,34376966.84,22661848.16,157356475.79,186026609.58,343383085.37,61.47,61.57,21573462.34,7490488.93,154851681.67,184535955.20,97.00,93.00
1241.00,12.00,23413929.49,10531934.46,148038824.84,176082410.88,324121235.72,62.76,62.58,35730862.23,24266130.28,157621343.05,186184237.52,343805580.57,61.48,61.66,22492774.02,8579816.29,155031529.81,184642986.52,97.00,93.00
1242.00,12.00,21026106.94,7702512.75,147571686.81,175804407.45,323376094.26,62.75,62.65,32789064.85,20780282.72,157045829.00,185841737.30,342887566.30,61.48,61.73,19784983.25,5371252.07,154501795.28,184327730.63,97.00,93.00
1243.00,12.00,22048094.99,8913505.24,147771621.88,175923392.91,323695014.79,62.65,62.58,34059386.44,22285535.08,157294346.43,185989635.12,343283981.55,61.40,61.67,20269711.22,5945624.68,154596624.30,184384165.32,97.00,93.00
1244.00,12.00,23328763.82,10431018.42,148022163.58,176072495.42,324094659.00,62.67,62.51,35162560.46,23592727.91,157510164.20,186118072.71,343628236.91,61.40,61.61,22208623.13,8243115.11,154975940.38,184609904.11,97.00,93.00
1245.00,12.00,21502875.51,8267453.95,147664958.70,175859915.47,323524874.17,62.83,62.46,33925668.38,22127087.46,157268186.70,185974066.93,343242253.63,61.59,61.57,19684694.70,5252416.36,154482175.48,184316054.48,97.00,93.00
1246.00,12.00,20383782.67,6941398.31,147446026.68,175729624.52,323175651.20,62.66,62.63,32789064.85,20780282.72,157045829.00,185841737.30,342887566.30,61.42,61.73,18564805.93,3925417.57,154263087.75,184185670.88,97.00,93.00
1247.00,12.00,21820455.91,8643767.04,147727088.06,175896889.92,323623977.98,62.70,62.56,33658232.25,21810192.23,157215867.24,185942930.55,343158797.79,61.47,61.65,21005160.57,6817086.56,154740502.81,184469790.38,97.00,93.00
1248.00,12.00,21844334.13,8672061.25,147731759.44,175899669.96,323631429.40,62.72,62.55,34042671.68,22265729.12,157291076.47,185987689.10,343278765.57,61.45,61.65,20553862.11,6282325.86,154652213.73,184417247.73,97.00,93.00
1249.00,12.00,21274440.48,7996772.61,147620269.16,175833319.80,323453588.96,62.79,62.46,33541228.95,21671550.56,157192977.48,185929308.38,343122285.86,61.53,61.55,20286425.98,5965430.63,154599894.27,184386111.35,97.00,93.00
1250.00,12.00,22037747.76,8901244.41,147769597.62,175922188.23,323691785.85,62.80,62.48,34493970.15,22800489.83,157379365.55,186040231.75,343419597.30,61.54,61.56,20420144.05,6123878.24,154626054.00,184401679.54,97.00,93.00
1251.00,12.00,22265386.84,9170982.62,147814131.44,175948691.23,323762822.67,62.69,62.59,33892238.86,22087475.56,157261646.77,185970174.88,343231821.65,61.42,61.69,21506603.30,7411265.12,154838601.80,184528171.10,97.00,93.00
1252.00,12.00,20978350.49,7645924.31,147562344.05,175798847.38,323361191.43,62.79,62.54,34076101.20,22305341.03,157297616.40,185991581.15,343289197.55,61.52,61.62,19367114.30,4876103.27,154420046.12,184279080.03,97.00,93.00
1253.00,12.00,23849309.13,11047832.35,148123999.67,176133100.17,324257099.84,62.81,62.48,35898009.81,24464189.80,157654042.72,186203697.76,343857740.48,61.58,61.58,23194793.85,9411666.28,155168868.39,184724719.52,97.00,93.00
1254.00,12.00,22381594.21,9308681.14,147836865.50,175962220.73,323799086.23,62.75,62.58,34644402.97,22978743.40,157408795.25,186057745.96,343466541.21,61.52,61.66,20520432.59,6242713.96,154645673.79,184413355.68,97.00,93.00
1255.00,12.00,22052870.63,8919164.08,147772556.16,175923948.92,323696505.08,62.61,62.60,34209819.26,22463788.64,157323776.13,186007149.34,343330925.47,61.41,61.68,20436858.80,6143684.20,154629323.96,184403625.56,97.00,93.00
1256.00,12.00,22606845.47,9575589.92,147880932.18,175988445.72,323869377.90,62.80,62.46,34661117.73,22998549.35,157412065.22,186059691.99,343471757.21,61.53,61.53,21556747.58,7470682.98,154848411.70,184534009.17,97.00,93.00
1257.00,12.00,21591224.94,8372142.55,147682242.81,175870201.59,323552444.40,62.71,62.53,33908953.62,22107281.51,157264916.74,185972120.91,343237037.65,61.46,61.62,19851842.28,5450475.88,154514875.14,184335514.72,97.00,93.00
1258.00,12.00,22204099.40,9098360.79,147802141.57,175941555.81,323743697.38,62.69,62.51,33892238.86,22087475.56,157261646.77,185970174.88,343231821.65,61.47,61.59,20587291.62,6321937.76,154658753.66,184421139.78,97.00,93.00
1259.00,12.00,21544264.43,8316497.26,147673055.76,175864734.19,323537789.95,62.80,62.61,34042671.68,22265729.12,157291076.47,185987689.10,343278765.57,61.56,61.69,19701409.46,5272222.31,154485445.45,184318000.51,97.00,93.00
1260.00,12.00,22680072.02,9662358.85,147895257.75,175996971.16,323892228.91,62.80,62.67,35346422.80,23810593.38,157546133.83,186139478.97,343685612.80,61.55,61.76,21239167.18,7094369.89,154786282.34,184497034.72,97.00,93.00
1261.00,12.00,21446363.71,8200490.97,147653903.10,175853336.05,323507239.15,62.76,62.59,33858809.35,22047863.65,157255106.84,185966282.84,343221389.68,61.53,61.69,19868557.04,5470281.83,154518145.11,184337460.75,97.00,93.00
1262.00,12.00,22850403.37,9864190.94,147928580.26,176016802.07,323945382.33,62.81,62.55,34610973.45,22939131.49,157402255.32,186053853.92,343456109.24,61.54,61.67,21840898.46,7807384.16,154904001.12,184567091.58,97.00,93.00
1263.00,12.00,21787026.39,8604155.13,147720548.13,175892997.87,323613546.00,62.72,62.51,33942383.14,22146893.41,157271456.67,185976012.96,343247469.63,61.48,61.59,20754439.20,6519997.28,154691453.32,184440600.02,97.00,93.00
1264.00,12.00,23343886.69,10448938.09,148025122.12,176074256.11,324099378.23,62.84,62.50,36416167.30,25078174.31,157755411.67,186264024.51,344019436.18,61.56,61.61,21473173.79,7371653.22,154832061.87,184524279.05,97.00,93.00
1265.00,12.00,22153955.12,9038942.94,147792331.67,175935717.73,323728049.40,62.82,62.43,33775235.56,21948833.89,157238757.01,185956552.72,343195309.73,61.56,61.55,21088734.36,6916116.32,154756852.64,184479520.50,97.00,93.00
1266.00,12.00,21174151.94,7877936.89,147600649.36,175821643.66,323422293.02,62.77,62.59,33006356.70,21037760.10,157088338.56,185867035.61,342955374.17,61.51,61.68,19935416.07,5549505.64,154531224.98,184345244.84,97.00,93.00
1267.00,12.00,22610029.23,9579362.48,147881555.03,175988816.39,323870371.42,62.73,62.67,34627688.21,22958937.44,157405525.28,186055799.94,343461325.22,61.46,61.77,20537147.35,6262519.91,154648943.76,184415301.71,97.00,93.00
1268.00,12.00,22535210.79,9490707.27,147866918.04,175980105.61,323847023.65,62.74,62.65,34677832.48,23018355.30,157415335.18,186061638.01,343476973.19,61.48,61.74,21439744.27,7332041.32,154825521.94,184520387.00,97.00,93.00
1269.00,12.00,21923132.28,8765432.17,147747174.99,175908844.07,323656019.06,62.73,62.61,33641517.50,21790386.28,157212597.28,185940984.52,343153581.80,61.47,61.70,20721009.69,6480385.38,154684913.39,184436707.97,97.00,93.00
1270.00,12.00,21009392.18,7682706.80,147568416.84,175802461.42,323370878.26,62.68,62.60,32605202.51,20562417.25,157009859.37,185820331.04,342830190.41,61.42,61.68,20269711.22,5945624.68,154596624.30,184384165.32,97.00,93.00
1271.00,12.00,22330653.99,9248320.14,147826899.88,175956289.99,323783189.87,62.78,62.63,34427111.12,22721266.02,157366285.69,186032447.65,343398733.34,61.52,61.71,21072019.60,6896310.37,154753582.68,184477574.48,97.00,93.00
1272.00,12.00,23395622.85,10510242.23,148035243.45,176080279.52,324115522.97,62.79,62.48,35630573.68,24147294.56,157601723.26,186172561.38,343774284.64,61.53,61.57,22074905.07,8084667.49,154949780.65,184594335.92,97.00,93.00
1273.00,12.00,21078639.03,7764760.03,147581963.84,175810523.52,323392487.36,62.68,62.63,32822494.36,20819894.63,157052368.93,185845629.35,342897998.28,61.41,61.71,19851842.28,5450475.88,154514875.14,184335514.72,97.00,93.00
1274.00,12.00,23242006.26,10328216.10,148005190.90,176062394.63,324067585.53,62.67,62.60,35012127.64,23414474.34,157480734.51,186100558.49,343581293.00,61.44,61.66,22643206.84,8758069.86,155060959.50,184660500.73,97.00,93.00
1275.00,12.00,23101124.73,10161280.22,147977629.76,176045992.43,324023622.19,62.82,62.64,34744691.51,23097579.11,157428415.05,186069422.11,343497837.16,61.57,61.74,21573462.34,7490488.93,154851681.67,184535955.20,97.00,93.00
1276.00,12.00,22382390.15,9309624.28,147837021.21,175962313.39,323799334.60,62.74,62.76,34276678.29,22543012.45,157336855.99,186014933.44,343351789.43,61.47,61.85,21790754.19,7747966.31,154894191.23,184561253.51,97.00,93.00
1277.00,12.00,22517700.09,9469958.18,147863492.36,175978066.92,323841559.28,62.76,62.61,34159674.99,22404370.79,157313966.23,186001311.27,343315277.50,61.49,61.71,22308911.68,8361950.82,154995560.18,184621580.25,97.00,93.00
1278.00,12.00,20441090.41,7009304.43,147457237.99,175736296.61,323193534.60,62.73,62.45,32404625.42,20324745.83,156970619.78,185796978.75,342767598.53,61.49,61.52,18782097.78,4182894.95,154305597.31,184210969.19,97.00,93.00
1279.00,12.00,21909601.28,8749398.78,147744527.88,175907268.72,323651796.60,62.67,62.61,34259963.54,22523206.50,157333586.03,186012987.41,343346573.44,61.42,61.71,20604006.38,6341743.72,154662023.62,184423085.80,97.00,93.00
1280.00,12.00,22491434.04,9438834.54,147858353.85,175975008.88,323833362.73,62.78,62.49,35062271.91,23473892.20,157490544.40,186106396.56,343596940.96,61.53,61.59,20955016.30,6757668.71,154730692.92,184463952.31,97.00,93.00
1281.00,12.00,22962631.03,9997173.76,147950535.75,176029868.23,323980403.98,62.72,62.55,35329708.04,23790787.43,157542863.86,186137532.95,343680396.81,61.46,61.66,21556747.58,7470682.98,154848411.70,184534009.17,97.00,93.00
1282.00,12.00,22968998.55,10004718.88,147951781.45,176030609.57,323982391.02,62.85,62.48,34761406.27,23117385.06,157431685.01,186071368.13,343503053.14,61.60,61.55,21757324.67,7708354.40,154887651.29,184557361.46,97.00,93.00
1283.00,12.00,22133260.66,9014421.28,147788283.14,175933308.37,323721591.51,62.78,62.37,33808665.08,21988445.80,157245296.94,185960444.76,343205741.70,61.55,61.47,20654150.66,6401161.57,154671833.52,184428923.88,97.00,93.00
1284.00,12.00,22686439.55,9669903.98,147896503.45,175997712.50,323894215.95,62.74,62.46,35329708.04,23790787.43,157542863.86,186137532.95,343680396.81,61.45,61.55,21556747.58,7470682.98,154848411.70,184534009.17,97.00,93.00
1285.00,12.00,23256333.20,10345192.63,148007993.73,176064062.65,324072056.38,62.77,62.56,35112416.19,23533310.05,157500354.30,186112234.64,343612588.94,61.51,61.65,21606891.85,7530100.84,154858221.60,184539847.24,97.00,93.00
1286.00,12.00,20648830.98,7255464.12,147497879.00,175760482.91,323258361.91,62.83,62.50,33006356.70,21037760.10,157088338.56,185867035.61,342955374.17,61.57,61.56,19601120.91,5153386.60,154465825.65,184306324.36,97.00,93.00
1287.00,12.00,21997950.72,8854087.39,147761811.99,175917554.84,323679366.83,62.76,62.50,34193104.51,22443982.69,157320506.16,186005203.32,343325709.48,61.51,61.58,20219566.95,5886206.82,154586814.40,184378327.25,97.00,93.00
1288.00,12.00,21059536.45,7742124.65,147578226.74,175808299.50,323386526.24,62.79,62.57,32471484.45,20403969.64,156983699.64,185804762.84,342788462.48,61.51,61.67,19266825.75,4757267.56,154400426.33,184267403.88,97.00,93.00
1289.00,12.00,20501581.92,7080983.11,147469072.15,175743339.36,323212411.51,62.76,62.61,33006356.70,21037760.10,157088338.56,185867035.61,342955374.17,61.51,61.69,18598235.44,3965029.48,154269627.68,184189562.92,97.00,93.00
1290.00,12.00,21393831.61,8138243.69,147643626.06,175847219.98,323490846.04,62.71,62.54,33056500.97,21097177.96,157098148.46,185872873.68,342971022.14,61.48,61.61,21489888.55,7391459.17,154835331.83,184526225.08,97.00,93.00
1291.00,12.00,21065108.04,7748726.64,147579316.73,175808948.17,323388264.90,62.74,62.74,33273792.82,21354655.33,157140658.02,185898172.00,343038830.02,61.49,61.83,19484117.61,5014744.93,154442935.89,184292702.20,97.00,93.00
1292.00,12.00,20961635.73,7626118.36,147559074.08,175796901.35,323355975.43,62.76,62.56,33407510.89,21513102.95,157166817.75,185913740.19,343080557.94,61.52,61.62,19400543.82,4915715.17,154426586.06,184282972.08,97.00,93.00
1293.00,12.00,21102517.26,7793054.24,147586635.22,175813303.56,323399938.78,62.70,62.64,33307222.34,21394267.24,157147197.95,185902064.04,343049261.99,61.47,61.68,19718124.22,5292028.26,154488715.41,184319946.53,97.00,93.00
1294.00,12.00,20644851.27,7250748.41,147497100.43,175760019.57,323257120.00,62.73,62.56,31869753.17,19690955.36,156865980.86,185734705.98,342600686.84,61.47,61.66,19667979.94,5232610.40,154478905.52,184314108.46,97.00,93.00
1295.00,12.00,22886220.70,9906632.26,147935587.33,176020972.12,323956559.45,62.87,62.35,34844980.06,23216414.82,157448034.84,186081098.25,343529133.09,61.61,61.44,21021875.33,6836892.52,154743772.78,184471736.40,97.00,93.00
1296.00,12.00,22014665.47,8873893.34,147765081.95,175919500.87,323684582.82,62.87,62.55,33641517.50,21790386.28,157212597.28,185940984.52,343153581.80,61.60,61.64,21540032.82,7450877.03,154845141.73,184532063.15,97.00,93.00
1297.00,12.00,22242304.56,9143631.54,147809615.78,175946003.86,323755619.64,62.72,62.57,33808665.08,21988445.80,157245296.94,185960444.76,343205741.70,61.46,61.67,20537147.35,6262519.91,154648943.76,184415301.71,97.00,93.00
1298.00,12.00,22039339.64,8903130.69,147769909.04,175922373.57,323692282.61,62.72,62.36,33273792.82,21354655.33,157140658.02,185898172.00,343038830.02,61.48,61.44,21489888.55,7391459.17,154835331.83,184526225.08,97.00,93.00
1299.00,12.00,23203801.10,10282945.35,147997716.69,176057946.57,324055663.26,62.79,62.52,35964868.84,24543413.60,157667122.58,186211481.86,343878604.44,61.52,61.60,21924472.25,7906413.92,154920350.96,184576821.70,97.00,93.00
1300.00,12.00,20575604.42,7168695.18,147483553.43,175751957.47,323235510.90,62.69,62.62,32939497.67,20958536.29,157075258.69,185859251.52,342934510.21,61.44,61.73,19316970.03,4816685.41,154410236.23,184273241.96,97.00,93.00
1301.00,13.00,20721261.59,7341289.91,147512048.85,175768915.68,323280964.53,63.43,63.12,31284736.64,18997747.04,156751532.04,185666595.14,342418127.18,62.23,62.28,21456459.03,7351847.27,154828791.90,184522333.03,97.00,93.00
1302.00,13.00,19250362.90,5598366.13,147224291.82,175597665.56,322821957.38,63.22,63.25,29512972.31,16898316.13,156404915.62,185460316.60,341865232.22,62.00,62.41,19199966.72,4678043.75,154387346.46,184259619.79,97.00,93.00
1303.00,13.00,19390448.49,5764358.87,147251697.26,175613975.10,322865672.36,63.34,62.99,29429398.52,16799286.37,156388565.79,185450586.48,341839152.27,62.14,62.14,19400543.82,4915715.17,154426586.06,184282972.08,97.00,93.00
1304.00,13.00,19751009.70,6191601.55,147322235.10,175655953.62,322978188.72,63.32,63.20,29579831.34,16977539.94,156417995.48,185468100.69,341886096.17,62.11,62.34,20904872.02,6698250.85,154720883.02,184458114.24,97.00,93.00
1305.00,13.00,19534513.79,5935067.32,147279881.25,175630747.97,322910629.22,63.33,63.21,29847267.47,17294435.17,156470314.94,185499237.08,341969552.02,62.13,62.35,19534261.88,5074162.79,154452745.79,184298540.27,97.00,93.00
1306.00,13.00,21132763.01,7828893.58,147592552.31,175816824.93,323409377.24,63.29,63.26,30566002.05,18146091.11,156610923.49,185582916.11,342193839.60,62.08,62.42,21807468.95,7767772.26,154897461.19,184563199.53,97.00,93.00
1307.00,13.00,21088986.27,7777020.85,147583988.11,175811728.20,323395716.31,63.36,63.14,31451884.22,19195806.56,156784231.70,185686055.38,342470287.08,62.16,62.26,21088734.36,6916116.32,154756852.64,184479520.50,97.00,93.00
1308.00,13.00,19409551.07,5786994.25,147255434.36,175616199.13,322871633.49,63.42,63.15,30432283.99,17987643.49,156584763.76,185567347.92,342152111.68,62.19,62.31,19400543.82,4915715.17,154426586.06,184282972.08,97.00,93.00
1309.00,13.00,19901442.52,6369855.12,147351664.79,175673467.83,323025132.62,63.34,63.16,30298565.93,17829195.88,156558604.03,185551779.72,342110383.75,62.12,62.32,20236281.71,5906012.77,154590084.37,184380273.28,97.00,93.00
1310.00,13.00,19529738.14,5929408.47,147278946.97,175630191.97,322909138.94,63.16,63.30,30047844.56,17532106.60,156509554.54,185522589.36,342032143.90,61.97,62.45,19701409.46,5272222.31,154485445.45,184318000.51,97.00,93.00
1311.00,13.00,20219022.92,6746168.21,147413794.15,175710442.29,323124236.44,63.25,63.27,30214992.14,17730166.12,156542254.20,185542049.60,342084303.80,62.06,62.40,20787868.72,6559609.19,154697993.25,184444492.07,97.00,93.00
1312.00,13.00,21291155.24,8016578.56,147623539.13,175835265.83,323458804.96,63.29,63.19,31752749.86,19552313.70,156843091.09,185721083.81,342564174.90,62.06,62.36,22743495.39,8876905.57,155080579.30,184672176.88,97.00,93.00
1313.00,13.00,21125599.54,7820405.32,147591150.89,175815990.92,323407141.81,63.35,63.19,31184448.09,18878911.33,156731912.24,185654919.00,342386831.24,62.12,62.35,21790754.19,7747966.31,154894191.23,184561253.51,97.00,93.00
1314.00,13.00,18677285.49,4919304.92,147112178.70,175530944.74,322643123.44,63.32,63.14,28225935.96,15373257.83,156153128.22,185310472.75,341463600.97,62.10,62.28,19300255.27,4796879.46,154406966.26,184271295.93,97.00,93.00
1315.00,13.00,20504765.68,7084755.67,147469695.00,175743710.03,323213405.03,63.40,63.27,30766579.15,18383762.53,156650163.09,185606268.40,342256431.49,62.21,62.41,20202852.19,5866400.87,154583544.44,184376381.23,97.00,93.00
1316.00,13.00,20359904.45,6913104.09,147441355.30,175726844.49,323168199.79,63.23,63.22,30382139.72,17928225.64,156574953.86,185561509.84,342136463.70,62.03,62.34,20687580.17,6440773.48,154678373.46,184432815.92,97.00,93.00
1317.00,13.00,21025311.00,7701569.61,147571531.09,175804314.78,323375845.87,63.38,63.13,30666290.60,18264926.82,156630543.29,185594592.25,342225135.54,62.17,62.29,21088734.36,6916116.32,154756852.64,184479520.50,97.00,93.00
1318.00,13.00,20375823.26,6931966.90,147444469.55,175728697.85,323173167.40,63.40,63.19,31435169.46,19176000.61,156780961.74,185684109.36,342465071.10,62.16,62.34,20604006.38,6341743.72,154662023.62,184423085.80,97.00,93.00
1319.00,13.00,19739866.53,6178397.58,147320055.12,175654656.27,322974711.39,63.42,63.07,29044959.09,16343749.48,156313356.57,185405827.92,341719184.49,62.23,62.22,20637435.90,6381355.62,154668563.56,184426977.85,97.00,93.00
1320.00,13.00,20072569.80,6572630.34,147385143.02,175693391.41,323078534.43,63.47,63.35,30047844.56,17532106.60,156509554.54,185522589.36,342032143.90,62.27,62.50,20988445.81,6797280.61,154737232.85,184467844.36,97.00,93.00
1321.00,13.00,19119828.60,5443691.08,147198754.94,175582468.04,322781222.98,63.30,63.28,29095103.36,16403167.33,156323166.46,185411666.00,341734832.46,62.07,62.42,19751553.73,5331640.16,154495255.35,184323838.58,97.00,93.00
1322.00,13.00,19382489.08,5754927.47,147250140.13,175613048.42,322863188.55,63.33,63.23,29713549.40,17135987.56,156444155.21,185483668.88,341927824.09,62.12,62.38,20102563.65,5747565.16,154563924.64,184364705.08,97.00,93.00
1323.00,13.00,19576698.65,5985053.77,147288134.02,175635659.37,322923793.39,63.22,63.21,30014415.05,17492494.69,156503014.61,185518697.32,342021711.93,62.02,62.35,19634550.43,5192998.50,154472365.58,184310216.41,97.00,93.00
1324.00,13.00,19767724.46,6211407.50,147325505.06,175657899.64,322983404.70,63.30,63.35,30047844.56,17532106.60,156509554.54,185522589.36,342032143.90,62.08,62.49,20018989.86,5648535.40,154547574.81,184354974.96,97.00,93.00
1325.00,13.00,19729519.29,6166136.76,147318030.86,175653451.59,322971482.45,63.18,63.32,30365424.96,17908419.68,156571683.90,185559563.82,342131247.72,61.94,62.47,19818412.76,5410863.97,154508335.21,184331622.68,97.00,93.00
1326.00,13.00,19336324.51,5700225.31,147241108.79,175607673.69,322848782.48,63.35,63.15,29763693.68,17195405.41,156453965.11,185489506.96,341943472.07,62.13,62.30,19734838.97,5311834.21,154491985.38,184321892.56,97.00,93.00
1327.00,13.00,20060630.69,6558483.23,147382807.33,175692001.39,323074808.72,63.34,63.16,29479542.79,16858704.23,156398375.69,185456424.55,341854800.24,62.13,62.28,21673750.88,7609324.64,154871301.46,184547631.34,97.00,93.00
1328.00,13.00,18174250.87,4323240.08,147013768.28,175472378.69,322486146.97,63.34,63.30,28476657.32,15670347.11,156202177.71,185339663.11,341541840.82,62.12,62.44,18347514.07,3667940.20,154220578.18,184160372.56,97.00,93.00
1329.00,13.00,20233349.85,6763144.74,147416596.98,175712110.31,323128707.29,63.24,63.39,30465713.51,18027255.40,156591303.69,185571239.96,342162543.65,62.04,62.54,21222452.42,7074563.94,154783012.37,184495088.69,97.00,93.00
1330.00,13.00,20664749.79,7274326.93,147500993.25,175762336.26,323263329.51,63.28,63.22,30616146.33,18205508.96,156620733.39,185588754.18,342209487.57,62.05,62.39,21573462.34,7490488.93,154851681.67,184535955.20,97.00,93.00
1331.00,13.00,19542473.19,5944498.72,147281438.38,175631674.65,322913113.03,63.40,63.09,29863982.22,17314241.12,156473584.91,185501183.10,341974768.01,62.21,62.20,19868557.04,5470281.83,154518145.11,184337460.75,97.00,93.00
1332.00,13.00,19779663.57,6225554.61,147327840.75,175659289.66,322987130.41,63.29,63.39,30816723.42,18443180.39,156659972.99,185612106.47,342272079.46,62.10,62.50,19601120.91,5153386.60,154465825.65,184306324.36,97.00,93.00
1333.00,13.00,19158829.71,5489904.97,147206384.87,175587008.77,322793393.64,63.42,63.13,29964270.77,17433076.84,156493204.71,185512859.24,342006063.95,62.21,62.27,19367114.30,4876103.27,154420046.12,184279080.03,97.00,93.00
1334.00,13.00,19902238.46,6370798.26,147351820.51,175673560.50,323025381.01,63.36,63.25,30198277.38,17710360.16,156538984.23,185540103.58,342079087.81,62.14,62.40,20904872.02,6698250.85,154720883.02,184458114.24,97.00,93.00
1335.00,13.00,19372141.85,5742666.64,147248115.86,175611843.74,322859959.60,63.33,63.26,29512972.31,16898316.13,156404915.62,185460316.60,341865232.22,62.12,62.43,19885271.79,5490087.78,154521415.08,184339406.77,97.00,93.00
1336.00,13.00,18542771.49,4759914.16,147085863.25,175515283.88,322601147.13,63.31,63.22,28994814.82,16284331.62,156303546.67,185399989.85,341703536.52,62.10,62.39,19316970.03,4816685.41,154410236.23,184273241.96,97.00,93.00
1337.00,13.00,21018147.53,7693081.34,147570129.68,175803480.77,323373610.45,63.42,62.96,31117589.06,18799687.52,156718832.38,185647134.90,342365967.28,62.19,62.09,21439744.27,7332041.32,154825521.94,184520387.00,97.00,93.00
1338.00,13.00,21450343.41,8205206.67,147654681.66,175853799.39,323508481.05,63.16,63.27,31351595.67,19076970.85,156764611.90,185674379.24,342438991.14,61.95,62.41,22359055.95,8421368.68,155005370.08,184627418.32,97.00,93.00
1339.00,13.00,20082917.03,6584891.17,147387167.28,175694596.09,323081763.37,63.29,63.26,30265136.41,17789583.97,156552064.10,185547887.68,342099951.78,62.07,62.40,20369999.77,6064460.39,154616244.10,184395841.47,97.00,93.00
1340.00,13.00,20792100.33,7425229.42,147525907.28,175777163.11,323303070.39,63.27,63.43,30833438.18,18462986.34,156663242.95,185614052.49,342277295.44,62.08,62.60,21205737.66,7054757.99,154779742.41,184493142.67,97.00,93.00
1341.00,13.00,20005710.77,6493406.53,147372063.15,175685607.32,323057670.47,63.24,63.41,30415569.23,17967837.54,156581493.80,185565401.89,342146895.69,62.08,62.56,20102563.65,5747565.16,154563924.64,184364705.08,97.00,93.00
1342.00,13.00,17923529.51,4026150.80,146964718.79,175443188.33,322407907.12,63.16,63.27,27991929.35,15095974.50,156107348.69,185283228.41,341390577.10,61.97,62.40,18497946.89,3846193.76,154250007.88,184177886.78,97.00,93.00
1343.00,13.00,18389950.84,4578831.17,147055966.42,175497491.66,322553458.08,63.24,63.26,28493372.08,15690153.06,156205447.68,185341609.13,341547056.81,62.01,62.43,19601120.91,5153386.60,154465825.65,184306324.36,97.00,93.00
1344.00,13.00,20860551.24,7506339.51,147539298.57,175785132.54,323324431.11,63.38,63.15,30482428.27,18047061.35,156594573.66,185573185.99,342167759.65,62.15,62.31,22125049.35,8144085.35,154959590.55,184600173.99,97.00,93.00
1345.00,13.00,19934872.03,6409467.02,147358204.73,175677359.88,323035564.61,63.36,63.22,30181562.62,17690554.21,156535714.27,185538157.56,342073871.83,62.12,62.39,20670865.41,6420967.52,154675103.49,184430869.90,97.00,93.00
1346.00,13.00,20648830.98,7255464.12,147497879.00,175760482.91,323258361.91,63.29,63.15,30532572.54,18106479.20,156604383.56,185579024.06,342183407.62,62.07,62.31,21222452.42,7074563.94,154783012.37,184495088.69,97.00,93.00
1347.00,13.00,19158033.76,5488961.83,147206229.15,175586916.10,322793145.25,63.36,63.19,29278965.70,16621032.80,156359136.09,185433072.26,341792208.35,62.14,62.33,19901986.55,5509893.73,154524685.04,184341352.80,97.00,93.00
1348.00,13.00,19393632.26,5768131.44,147252320.11,175614345.77,322866665.88,63.35,63.20,30365424.96,17908419.68,156571683.90,185559563.82,342131247.72,62.12,62.32,19199966.72,4678043.75,154387346.46,184259619.79,97.00,93.00
1349.00,13.00,19528146.26,5927522.19,147278635.55,175630006.63,322908642.18,63.36,63.20,29512972.31,16898316.13,156404915.62,185460316.60,341865232.22,62.16,62.33,20186137.44,5846594.92,154580274.47,184374435.20,97.00,93.00
1350.00,13.00,22877465.35,9896257.72,147933874.49,176019952.77,323953827.26,63.36,63.14,32688776.30,20661447.01,157026209.20,185830061.16,342856270.36,62.17,62.28,23779810.37,10104874.60,155283317.21,184792830.36,97.00,93.00
1351.00,13.00,19661864.32,6085969.81,147304795.28,175645574.82,322950370.10,63.37,63.13,29629975.62,17036957.80,156427805.38,185473938.76,341901744.14,62.21,62.28,19500832.36,5034550.88,154446205.85,184294648.22,97.00,93.00
1352.00,13.00,20468152.40,7041371.21,147462532.22,175739447.31,323201979.53,63.40,63.28,30666290.60,18264926.82,156630543.29,185594592.25,342225135.54,62.19,62.40,20921586.78,6718056.80,154724152.98,184460060.26,97.00,93.00
1353.00,13.00,20081325.15,6583004.89,147386855.86,175694410.76,323081266.62,63.45,63.29,31184448.09,18878911.33,156731912.24,185654919.00,342386831.24,62.24,62.45,20219566.95,5886206.82,154586814.40,184378327.25,97.00,93.00
1354.00,13.00,18873882.88,5152260.64,147150639.73,175553833.69,322704473.42,63.34,63.13,29446113.28,16819092.32,156391835.75,185452532.50,341844368.25,62.12,62.30,19801698.01,5391058.02,154505065.25,184329676.65,97.00,93.00
1355.00,13.00,18238722.08,4399634.47,147026381.01,175479884.78,322506265.79,63.27,63.21,28693949.18,15927824.48,156244687.28,185364961.42,341609648.70,62.06,62.38,18949245.36,4380954.47,154338296.97,184230429.43,97.00,93.00
1356.00,13.00,21367565.56,8107120.05,147638487.55,175844161.94,323482649.49,63.34,63.23,31468598.98,19215612.52,156787501.67,185688001.40,342475503.07,62.13,62.33,22325626.44,8381756.77,154998830.15,184623526.28,97.00,93.00
1357.00,13.00,21581673.65,8360824.87,147680374.26,175869089.58,323549463.84,63.30,63.15,31869753.17,19690955.36,156865980.86,185734705.98,342600686.84,62.08,62.33,22676636.35,8797681.76,155067499.44,184664392.78,97.00,93.00
1358.00,13.00,19396816.02,5771904.00,147252942.96,175614716.44,322867659.40,63.29,63.22,29178677.15,16502197.09,156339516.30,185421396.12,341760912.42,62.08,62.36,19918701.31,5529699.68,154527955.01,184343298.82,97.00,93.00
1359.00,13.00,19629230.75,6047301.04,147298411.06,175641775.44,322940186.50,63.25,63.19,31000585.76,18661045.86,156695942.61,185633512.73,342329455.34,62.05,62.34,19350399.54,4856297.32,154416776.16,184277134.00,97.00,93.00
1360.00,13.00,20513521.03,7095130.22,147471407.84,175744729.38,323216137.22,63.38,63.22,30900297.21,18542210.15,156676322.82,185621836.59,342298159.41,62.18,62.39,21005160.57,6817086.56,154740502.81,184469790.38,97.00,93.00
1361.00,13.00,21174947.88,7878880.03,147600805.08,175821736.33,323422541.41,63.28,63.27,31518743.25,19275030.37,156797311.57,185693839.48,342491151.05,62.07,62.41,22442629.74,8520398.44,155021719.91,184637148.44,97.00,93.00
1362.00,13.00,18858760.01,5134340.97,147147681.19,175552073.00,322699754.19,63.33,63.22,29044959.09,16343749.48,156313356.57,185405827.92,341719184.49,62.11,62.39,19801698.01,5391058.02,154505065.25,184329676.65,97.00,93.00
1363.00,13.00,20714098.13,7332801.64,147510647.44,175768081.67,323278729.11,63.39,63.21,30248421.66,17769778.02,156548794.13,185545941.65,342094735.78,62.19,62.32,22058190.31,8064861.54,154946510.69,184592389.89,97.00,93.00
1364.00,13.00,20268371.25,6804642.92,147423448.34,175716187.69,323139636.03,63.35,63.05,29813837.95,17254823.27,156463775.01,185495345.03,341959120.04,62.14,62.17,21105449.12,6935922.28,154760122.61,184481466.52,97.00,93.00
1365.00,13.00,21381096.56,8123153.44,147641134.66,175845737.29,323486871.95,63.32,63.19,30933726.73,18581822.05,156682862.75,185625728.64,342308591.39,62.11,62.34,22191908.38,8223309.16,154972670.42,184607958.08,97.00,93.00
1366.00,13.00,18882638.23,5162635.19,147152352.57,175554853.04,322707205.61,63.20,63.24,28058788.38,15175198.31,156120428.56,185291012.51,341411441.07,61.98,62.42,20018989.86,5648535.40,154547574.81,184354974.96,97.00,93.00
1367.00,13.00,20237329.56,6767860.44,147417375.54,175712573.65,323129949.19,63.23,63.21,30432283.99,17987643.49,156584763.76,185567347.92,342152111.68,62.00,62.34,21072019.60,6896310.37,154753582.68,184477574.48,97.00,93.00
1368.00,13.00,19232852.20,5577617.04,147220866.14,175595626.87,322816493.01,63.38,63.31,29329109.97,16680450.66,156368945.99,185438910.33,341807856.32,62.14,62.50,19751553.73,5331640.16,154495255.35,184323838.58,97.00,93.00
1369.00,13.00,18065206.98,4194029.82,146992435.65,175459683.20,322452118.85,63.31,63.24,28058788.38,15175198.31,156120428.56,185291012.51,341411441.07,62.09,62.36,18598235.44,3965029.48,154269627.68,184189562.92,97.00,93.00
1370.00,13.00,20704546.84,7321483.96,147508778.89,175766969.65,323275748.54,63.36,63.20,31468598.98,19215612.52,156787501.67,185688001.40,342475503.07,62.15,62.35,21189022.91,7034952.04,154776472.44,184491196.64,97.00,93.00
1371.00,13.00,19083215.32,5400306.61,147191592.16,175578205.32,322769797.48,63.25,63.20,29613260.86,17017151.84,156424535.42,185471992.74,341896528.16,62.05,62.35,19952130.83,5569311.59,154534494.94,184347190.87,97.00,93.00
1372.00,13.00,20009690.47,6498122.24,147372841.72,175686070.65,323058912.37,63.26,63.20,29830552.71,17274629.22,156467044.98,185497291.05,341964336.03,62.02,62.33,21155593.39,6995340.13,154769932.51,184487304.60,97.00,93.00
1373.00,13.00,19455715.64,5841696.40,147264465.69,175621573.86,322886039.55,63.35,63.21,29479542.79,16858704.23,156398375.69,185456424.55,341854800.24,62.14,62.34,20152707.92,5806983.01,154573734.54,184370543.16,97.00,93.00
1374.00,13.00,18357317.27,4540162.41,147049582.20,175493692.28,322543274.48,63.35,63.08,27707778.46,14759273.32,156051759.27,185250146.00,341301905.27,62.13,62.22,19383829.06,4895909.22,154423316.09,184281026.05,97.00,93.00
1375.00,13.00,19150870.30,5480473.56,147204827.74,175586082.09,322790909.83,63.36,63.12,29563116.58,16957733.99,156414725.52,185466154.67,341880880.19,62.12,62.26,20186137.44,5846594.92,154580274.47,184374435.20,97.00,93.00
1376.00,13.00,20149776.06,6664114.98,147400247.15,175702380.19,323102627.34,63.35,63.14,30198277.38,17710360.16,156538984.23,185540103.58,342079087.81,62.12,62.31,20520432.59,6242713.96,154645673.79,184413355.68,97.00,93.00
1377.00,13.00,19023519.76,5329571.07,147179913.71,175571255.24,322751168.95,63.40,63.14,29212106.67,16541809.00,156346056.23,185425288.16,341771344.39,62.21,62.29,19985560.34,5608923.49,154541034.87,184351082.92,97.00,93.00
1378.00,13.00,20251656.49,6784836.97,147420178.37,175714241.67,323134420.04,63.39,63.18,30031129.80,17512300.64,156506284.57,185520643.34,342026927.91,62.16,62.34,20369999.77,6064460.39,154616244.10,184395841.47,97.00,93.00
1379.00,13.00,20360700.39,6914047.23,147441511.01,175726937.16,323168448.17,63.38,63.24,30382139.72,17928225.64,156574953.86,185561509.84,342136463.70,62.15,62.40,21272596.70,7133981.80,154792822.27,184500926.76,97.00,93.00
1380.00,13.00,18284090.71,4453393.48,147035256.63,175485166.84,322520423.47,63.33,63.17,28576945.87,15789182.82,156221797.51,185351339.25,341573136.76,62.13,62.31,18364228.83,3687746.15,154223848.15,184162318.59,97.00,93.00
1381.00,13.00,18470340.87,4674088.37,147071693.40,175506851.11,322578544.51,63.30,63.17,28393083.54,15571317.35,156185827.88,185329932.99,341515760.87,62.10,62.30,19333684.79,4836491.36,154413506.19,184275187.98,97.00,93.00
1382.00,13.00,19536901.61,5937896.74,147280348.39,175631025.98,322911374.37,63.35,63.27,30131418.35,17631136.36,156525904.37,185532319.48,342058223.85,62.14,62.42,20002275.10,5628729.44,154544304.84,184353028.94,97.00,93.00
1383.00,13.00,20309760.17,6853686.23,147431545.40,175721006.42,323152551.82,63.28,63.19,30415569.23,17967837.54,156581493.80,185565401.89,342146895.69,62.06,62.34,20955016.30,6757668.71,154730692.92,184463952.31,97.00,93.00
1384.00,13.00,19220117.15,5562526.79,147218374.74,175594144.19,322812518.93,63.35,63.15,29696834.65,17116181.60,156440885.25,185481722.86,341922608.11,62.16,62.30,19417258.57,4935521.12,154429856.02,184284918.10,97.00,93.00
1385.00,13.00,18479096.22,4684462.92,147073406.24,175507870.46,322581276.70,63.40,63.24,28744093.45,15987242.34,156254497.17,185370799.49,341625296.66,62.19,62.40,19149822.45,4618625.89,154377536.56,184253781.72,97.00,93.00
1386.00,13.00,19064908.69,5378614.38,147188010.77,175576073.96,322764084.73,63.35,63.28,29295680.46,16640838.76,156362406.06,185435018.28,341797424.34,62.12,62.42,20303140.74,5985236.58,154603164.23,184388057.37,97.00,93.00
1387.00,13.00,19714396.42,6148217.09,147315072.31,175651690.90,322966763.21,63.36,63.13,29897411.74,17353853.03,156480124.84,185505075.15,341985199.99,62.16,62.26,20353285.01,6044654.44,154612974.13,184393895.44,97.00,93.00
1388.00,13.00,18564261.89,4785378.96,147090067.50,175517785.91,322607853.41,63.37,63.14,28911241.03,16185301.86,156287196.84,185390259.73,341677456.57,62.16,62.28,19032819.14,4479984.23,154354646.80,184240159.55,97.00,93.00
1389.00,13.00,19519390.91,5917147.65,147276922.71,175628987.28,322905909.99,63.25,63.23,29145247.64,16462585.19,156332976.36,185417504.07,341750480.43,62.04,62.38,20336570.26,6024848.48,154609704.17,184391949.42,97.00,93.00
1390.00,13.00,18692408.37,4937224.59,147115137.24,175532705.43,322647842.67,63.41,63.16,28877811.51,16145689.96,156280656.90,185386367.68,341667024.58,62.21,62.31,19250111.00,4737461.60,154397156.36,184265457.86,97.00,93.00
1391.00,13.00,19149278.42,5478587.28,147204516.31,175585896.75,322790413.06,63.27,63.17,29980985.53,17452882.79,156496474.67,185514805.27,342011279.94,62.08,62.28,18915815.84,4341342.56,154331757.04,184226537.38,97.00,93.00
1392.00,13.00,19075255.92,5390875.21,147190035.03,175577278.65,322767313.68,63.37,63.19,28677234.42,15908018.53,156241417.31,185363015.40,341604432.71,62.18,62.31,19233396.24,4717655.65,154393886.39,184263511.84,97.00,93.00
1393.00,13.00,19808317.44,6259507.67,147333446.41,175662625.70,322996072.11,63.22,63.28,30148133.11,17650942.31,156529174.34,185534265.51,342063439.85,61.99,62.46,19885271.79,5490087.78,154521415.08,184339406.77,97.00,93.00
1394.00,13.00,16925419.68,2843452.52,146769455.09,175326982.89,322096437.98,63.36,63.10,27891640.80,14977138.79,156087728.90,185271552.27,341359281.17,62.14,62.26,17378058.12,2519194.98,154030920.14,184047503.17,97.00,93.00
1395.00,13.00,18899352.99,5182441.14,147155622.53,175556799.06,322712421.59,63.42,63.11,29128532.88,16442779.24,156329706.40,185415558.04,341745264.44,62.22,62.24,20018989.86,5648535.40,154547574.81,184354974.96,97.00,93.00
1396.00,13.00,21915968.81,8756943.91,147745773.58,175908010.06,323653783.64,63.33,63.12,31836323.65,19651343.46,156859440.92,185730813.93,342590254.85,62.12,62.29,22643206.84,8758069.86,155060959.50,184660500.73,97.00,93.00
1397.00,13.00,19566351.42,5972792.94,147286109.76,175634454.68,322920564.44,63.33,63.22,29496257.55,16878510.18,156401645.65,185458370.57,341860016.22,62.11,62.35,20838012.99,6619027.04,154707803.15,184450330.14,97.00,93.00
1398.00,13.00,21440792.12,8193888.99,147652813.11,175852687.38,323505500.49,63.35,63.24,31385025.19,19116582.76,156771151.84,185678271.28,342449423.12,62.11,62.36,22275482.17,8322338.92,154989020.25,184617688.20,97.00,93.00
1399.00,13.00,21217132.74,7928866.48,147609057.85,175826647.72,323435705.57,63.19,63.16,31435169.46,19176000.61,156780961.74,185684109.36,342465071.10,61.97,62.33,21974616.52,7965831.78,154930160.85,184582659.77,97.00,93.00
1400.00,13.00,19271853.31,5623830.93,147228496.07,175600167.60,322828663.67,63.27,63.30,29028244.33,16323943.52,156310086.60,185403881.90,341713968.50,62.07,62.45,19818412.76,5410863.97,154508335.21,184331622.68,97.00,93.00
1401.00,14.00,17430046.18,3441403.65,146868176.93,175385734.28,322253911.21,63.77,63.54,26855325.81,13749169.76,155884990.99,185150898.78,341035889.77,62.62,62.71,19099678.18,4559208.04,154367726.66,184247943.64,97.00,93.00
1402.00,14.00,18187781.87,4339273.47,147016415.40,175473954.04,322490369.44,63.69,63.75,27423627.58,14422572.13,155996169.84,185217063.60,341213233.44,62.50,62.93,19400543.82,4915715.17,154426586.06,184282972.08,97.00,93.00
1403.00,14.00,19154850.00,5485189.26,147205606.30,175586545.43,322792151.73,63.72,63.63,28727378.69,15967436.39,156251227.21,185368853.47,341620080.68,62.54,62.80,20921586.78,6718056.80,154724152.98,184460060.26,97.00,93.00
1404.00,14.00,16755884.28,2642563.58,146736288.29,175307244.65,322043532.94,63.71,63.57,25534859.94,12184499.56,155626663.66,184997162.88,340623826.54,62.54,62.75,18798812.53,4202700.90,154308867.27,184212915.21,97.00,93.00
1405.00,14.00,19388856.61,5762472.59,147251385.83,175613789.76,322865175.59,63.70,63.72,28075503.14,15195004.26,156123698.52,185292958.53,341416657.05,62.54,62.88,21640321.37,7569712.74,154864761.53,184543739.29,97.00,93.00
1406.00,14.00,17936264.56,4041241.05,146967210.19,175444671.01,322411881.20,63.65,63.62,26922184.85,13828393.57,155898070.86,185158682.88,341056753.74,62.45,62.80,19584406.15,5133580.64,154462555.69,184304378.34,97.00,93.00
1407.00,14.00,18183802.16,4334557.77,147015636.84,175473490.70,322489127.54,63.75,63.58,27005758.63,13927423.33,155914420.69,185168413.00,341082833.69,62.58,62.74,20219566.95,5886206.82,154586814.40,184378327.25,97.00,93.00
1408.00,14.00,18696388.07,4941940.29,147115915.80,175533168.77,322649084.57,63.49,63.75,27356768.55,14343348.32,155983089.98,185209279.50,341192369.48,62.32,62.95,20670865.41,6420967.52,154675103.49,184430869.90,97.00,93.00
1409.00,14.00,18752899.87,5008903.28,147126971.40,175539748.18,322666719.58,63.68,63.62,28760808.21,16007048.29,156257767.14,185372745.52,341630512.66,62.48,62.79,20620721.14,6361549.67,154665293.59,184425031.83,97.00,93.00
1410.00,14.00,17717380.83,3781877.39,146924389.21,175419187.36,322343576.57,63.70,63.61,27390198.06,14382960.23,155989629.91,185213171.55,341202801.46,62.53,62.82,19216681.48,4697849.70,154390616.43,184261565.81,97.00,93.00
1411.00,14.00,18031777.46,4154417.92,146985895.72,175455791.15,322441686.87,63.59,63.67,28025358.86,15135586.40,156113888.63,185287120.46,341401009.09,62.45,62.83,19199966.72,4678043.75,154387346.46,184259619.79,97.00,93.00
1412.00,14.00,16866520.06,2773660.12,146757932.36,175320125.47,322078057.83,63.82,63.58,25685292.76,12362753.12,155656093.36,185014677.10,340670770.46,62.64,62.79,18648379.71,4024447.33,154279437.58,184195401.00,97.00,93.00
1413.00,14.00,18378011.73,4564684.07,147053630.73,175496101.64,322549732.37,63.58,63.73,27172906.21,14125482.85,155947120.35,185187873.24,341134993.59,62.41,62.91,20587291.62,6321937.76,154658753.66,184421139.78,97.00,93.00
1414.00,14.00,17138731.83,3096214.20,146811186.09,175351817.87,322163003.96,63.77,63.60,26654748.72,13511498.34,155845751.40,185127546.49,340973297.89,62.59,62.77,18447802.62,3786775.91,154240197.98,184172048.71,97.00,93.00
1415.00,14.00,18231558.62,4391146.20,147024979.60,175479050.77,322504030.37,63.71,63.57,27507201.37,14521601.89,156012519.67,185226793.72,341239313.39,62.55,62.75,19868557.04,5470281.83,154518145.11,184337460.75,97.00,93.00
1416.00,14.00,19812297.14,6264223.38,147334224.97,175663089.04,322997314.01,63.74,63.52,28760808.21,16007048.29,156257767.14,185372745.52,341630512.66,62.55,62.69,21289311.45,7153787.75,154796092.24,184502872.79,97.00,93.00
1417.00,14.00,17508048.38,3533831.42,146883436.77,175394815.73,322278252.50,63.55,63.67,25752151.80,12441976.93,155669173.22,185022461.20,340691634.42,62.39,62.86,19918701.31,5529699.68,154527955.01,184343298.82,97.00,93.00
1418.00,14.00,20196736.57,6719760.27,147409434.20,175707847.59,323117281.79,63.65,63.45,28008644.10,15115780.45,156110618.66,185285174.44,341395793.10,62.46,62.63,22960787.24,9134382.95,155123088.86,184697475.19,97.00,93.00
1419.00,14.00,18241905.85,4403407.03,147027003.86,175480255.45,322507259.31,63.76,63.62,27289909.52,14264124.52,155970010.11,185201495.40,341171505.51,62.58,62.80,20487003.08,6203102.05,154639133.86,184409463.64,97.00,93.00
1420.00,14.00,16629329.69,2492604.23,146711529.98,175292510.47,322004040.45,63.68,63.63,26153305.98,12917319.78,155747652.41,185069165.77,340816818.18,62.51,62.80,18698523.99,4083865.19,154289247.48,184201239.07,97.00,93.00
1421.00,14.00,17894079.70,3991254.60,146958957.42,175439759.62,322398717.04,63.61,63.67,27039188.15,13967035.24,155920960.62,185172305.04,341093265.66,62.44,62.86,18999389.63,4440372.32,154348106.87,184236267.50,97.00,93.00
1422.00,14.00,19019540.06,5324855.37,147179135.15,175570791.90,322749927.05,63.81,63.54,27874926.04,14957332.84,156084458.93,185269606.24,341354065.17,62.63,62.70,20102563.65,5747565.16,154563924.64,184364705.08,97.00,93.00
1423.00,14.00,17886120.29,3981823.19,146957400.30,175438832.94,322396233.24,63.73,63.52,27156191.45,14105676.90,155943850.38,185185927.21,341129777.59,62.51,62.70,20119278.40,5767371.11,154567194.60,184366651.11,97.00,93.00
1424.00,14.00,16666738.91,2536931.84,146718848.47,175296865.85,322015714.32,63.64,63.53,25401141.88,12026051.94,155600503.93,184981594.69,340582098.62,62.47,62.73,18029933.67,3291627.11,154158448.83,184123398.11,97.00,93.00
1425.00,14.00,18724246.00,4974950.21,147121365.74,175536412.14,322657777.88,63.71,63.69,27858211.28,14937526.88,156081188.96,185267660.22,341348849.18,62.52,62.88,20269711.22,5945624.68,154596624.30,184384165.32,97.00,93.00
1426.00,14.00,17913978.22,4014833.11,146962850.24,175442076.31,322404926.55,63.83,63.67,26955614.36,13868005.48,155904610.79,185162574.92,341067185.71,62.67,62.85,19701409.46,5272222.31,154485445.45,184318000.51,97.00,93.00
1427.00,14.00,17730911.82,3797910.78,146927036.32,175420762.72,322347799.04,63.65,63.64,27072617.67,14006647.14,155927500.55,185176197.09,341103697.64,62.46,62.85,19066248.66,4519596.13,154361186.73,184244051.60,97.00,93.00
1428.00,14.00,17950591.50,4058217.58,146970013.02,175446339.03,322416352.05,63.63,63.53,26537745.41,13372856.68,155822861.63,185113924.32,340936785.95,62.44,62.70,19768268.49,5351446.12,154498525.31,184325784.60,97.00,93.00
1429.00,14.00,18754491.75,5010789.56,147127282.83,175539933.52,322667216.35,63.67,63.74,27406912.82,14402766.18,155992899.88,185215117.57,341208017.45,62.50,62.91,21038590.09,6856698.47,154747042.75,184473682.43,97.00,93.00
1430.00,14.00,18780757.80,5041913.20,147132421.34,175542991.56,322675412.90,63.69,63.63,27791352.25,14858303.08,156068109.10,185259876.12,341327985.22,62.52,62.80,20971731.05,6777474.66,154733962.88,184465898.33,97.00,93.00
1431.00,14.00,17582866.82,3622486.64,146898073.77,175403526.50,322301600.27,63.65,63.68,26788466.78,13669945.96,155871911.13,185143114.68,341015025.81,62.43,62.86,19099678.18,4559208.04,154367726.66,184247943.64,97.00,93.00
1432.00,14.00,18654203.21,4891953.84,147107663.03,175528257.37,322635920.40,63.72,63.51,27991929.35,15095974.50,156107348.69,185283228.41,341390577.10,62.56,62.68,20018989.86,5648535.40,154547574.81,184354974.96,97.00,93.00
1433.00,14.00,19152462.18,5482359.84,147205139.16,175586267.42,322791406.58,63.71,63.59,27941785.07,15036556.64,156097538.80,185277390.34,341374929.14,62.51,62.77,21456459.03,7351847.27,154828791.90,184522333.03,97.00,93.00
1434.00,14.00,18693204.31,4938167.73,147115292.95,175532798.10,322648091.05,63.58,63.62,27340053.79,14323542.37,155979820.01,185207333.48,341187153.49,62.41,62.81,20654150.66,6401161.57,154671833.52,184428923.88,97.00,93.00
1435.00,14.00,17745238.76,3814887.31,146929839.15,175422430.74,322352269.89,63.65,63.51,27657634.19,14699855.46,156041949.37,185244307.93,341286257.30,62.44,62.72,19433973.33,4955327.08,154433125.99,184286864.12,97.00,93.00
1436.00,14.00,20371047.62,6926308.06,147443535.27,175728141.84,323171677.11,63.70,63.63,29964270.77,17433076.84,156493204.71,185512859.24,342006063.95,62.52,62.80,21673750.88,7609324.64,154871301.46,184547631.34,97.00,93.00
1437.00,14.00,18467157.11,4670315.81,147071070.55,175506480.44,322577550.99,63.65,63.63,27624204.67,14660243.56,156035409.44,185240415.88,341275825.32,62.46,62.83,19968845.58,5589117.54,154537764.91,184349136.89,97.00,93.00
1438.00,14.00,17580479.00,3619657.21,146897606.63,175403248.50,322300855.13,63.77,63.63,26888755.33,13788781.67,155891530.92,185154790.83,341046321.75,62.60,62.81,19199966.72,4678043.75,154387346.46,184259619.79,97.00,93.00
1439.00,14.00,18905720.52,5189986.27,147156868.23,175557540.40,322714408.63,63.70,63.56,28342939.26,15511899.49,156176017.98,185324094.92,341500112.90,62.50,62.76,20503717.83,6222908.00,154642403.83,184411409.66,97.00,93.00
1440.00,14.00,19119828.60,5443691.08,147198754.94,175582468.04,322781222.98,63.70,63.58,28008644.10,15115780.45,156110618.66,185285174.44,341395793.10,62.53,62.77,21540032.82,7450877.03,154845141.73,184532063.15,97.00,93.00
1441.00,14.00,17402188.25,3408393.73,146862726.99,175382490.91,322245217.90,63.69,63.65,26387312.59,13194603.11,155793431.94,185096410.11,340889842.05,62.49,62.84,18765383.02,4163089.00,154302327.34,184209023.16,97.00,93.00
1442.00,14.00,18289662.30,4459995.46,147036346.62,175485815.52,322522162.14,63.59,63.74,27406912.82,14402766.18,155992899.88,185215117.57,341208017.45,62.40,62.92,20620721.14,6361549.67,154665293.59,184425031.83,97.00,93.00
1443.00,14.00,18471932.75,4675974.65,147072004.83,175507036.45,322579041.28,63.65,63.50,27640919.43,14680049.51,156038679.40,185242361.91,341281041.31,62.47,62.70,20286425.98,5965430.63,154599894.27,184386111.35,97.00,93.00
1444.00,14.00,17150670.94,3110361.31,146813521.78,175353207.88,322166729.66,63.69,63.59,26236879.77,13016349.54,155764002.24,185078895.89,340842898.13,62.54,62.75,18899101.08,4321536.61,154328487.07,184224591.36,97.00,93.00
1445.00,14.00,17929101.09,4032752.78,146965808.78,175443837.00,322409645.78,63.75,63.40,26855325.81,13749169.76,155884990.99,185150898.78,341035889.77,62.56,62.60,19567691.40,5113774.69,154459285.72,184302432.32,97.00,93.00
1446.00,14.00,17772300.75,3846954.09,146935133.38,175425581.44,322360714.82,63.61,63.70,26103161.71,12857901.92,155737842.51,185063327.70,340801170.21,62.42,62.92,19952130.83,5569311.59,154534494.94,184347190.87,97.00,93.00
1447.00,14.00,17662460.91,3716800.69,146913645.03,175412793.28,322326438.31,63.64,63.73,26788466.78,13669945.96,155871911.13,185143114.68,341015025.81,62.49,62.94,19016104.39,4460178.28,154351376.83,184238213.52,97.00,93.00
1448.00,14.00,17385473.49,3388587.77,146859457.02,175380544.89,322240001.91,63.54,63.67,26521030.66,13353050.72,155819591.67,185111978.30,340931569.97,62.35,62.84,18832242.05,4242312.80,154315407.21,184216807.26,97.00,93.00
1449.00,14.00,16022026.82,1772987.97,146592721.21,175221804.93,321814526.14,63.51,63.59,24431685.93,10877306.72,155410845.89,184868725.30,340279571.19,62.34,62.76,17678923.76,2875702.12,154089779.54,184082531.60,97.00,93.00
1450.00,14.00,18035757.17,4159133.62,146986674.28,175456254.49,322442928.77,63.70,63.63,26621319.20,13471886.44,155839211.46,185123654.44,340962865.90,62.52,62.80,19450688.09,4975133.03,154436395.96,184288810.15,97.00,93.00
1451.00,14.00,18016654.59,4136498.25,146982937.17,175454030.46,322436967.63,63.81,63.56,26855325.81,13749169.76,155884990.99,185150898.78,341035889.77,62.63,62.75,20286425.98,5965430.63,154599894.27,184386111.35,97.00,93.00
1452.00,14.00,18021430.23,4142157.09,146983871.45,175454586.47,322438457.92,63.74,63.51,26955614.36,13868005.48,155904610.79,185162574.92,341067185.71,62.58,62.70,19718124.22,5292028.26,154488715.41,184319946.53,97.00,93.00
1453.00,14.00,17301899.70,3289558.01,146843107.19,175370814.77,322213921.96,63.74,63.45,26119876.47,12877707.88,155741112.48,185065273.72,340806386.20,62.52,62.66,19617835.67,5173192.55,154469095.62,184308270.39,97.00,93.00
1454.00,14.00,17927509.21,4030866.50,146965497.35,175443651.66,322409149.01,63.63,63.54,27273194.76,14244318.56,155966740.15,185199549.38,341166289.53,62.47,62.71,19868557.04,5470281.83,154518145.11,184337460.75,97.00,93.00
1455.00,14.00,17817669.37,3900713.10,146944009.01,175430863.51,322374872.52,63.64,63.71,26521030.66,13353050.72,155819591.67,185111978.30,340931569.97,62.47,62.91,19584406.15,5133580.64,154462555.69,184304378.34,97.00,93.00
1456.00,14.00,18166291.47,4313808.67,147012211.16,175471452.01,322483663.17,63.65,63.56,27406912.82,14402766.18,155992899.88,185215117.57,341208017.45,62.48,62.75,19534261.88,5074162.79,154452745.79,184298540.27,97.00,93.00
1457.00,14.00,19706437.01,6138785.68,147313515.19,175650764.22,322964279.41,63.73,63.55,29095103.36,16403167.33,156323166.46,185411666.00,341734832.46,62.55,62.74,21874327.98,7846996.07,154910541.06,184570983.63,97.00,93.00
1458.00,14.00,18290458.24,4460938.60,147036502.34,175485908.19,322522410.53,63.67,63.62,27841496.53,14917720.93,156077919.00,185265714.20,341343633.20,62.50,62.81,19383829.06,4895909.22,154423316.09,184281026.05,97.00,93.00
1459.00,14.00,18412237.19,4605239.11,147060326.37,175500086.36,322560412.73,63.70,63.73,27156191.45,14105676.90,155943850.38,185185927.21,341129777.59,62.54,62.90,20336570.26,6024848.48,154609704.17,184391949.42,97.00,93.00
1460.00,14.00,17787423.62,3864873.76,146938091.92,175427342.13,322365434.05,63.67,63.41,26303738.81,13095573.35,155777082.11,185086679.99,340863762.10,62.50,62.60,19534261.88,5074162.79,154452745.79,184298540.27,97.00,93.00
1461.00,14.00,19633210.45,6052016.75,147299189.62,175642238.78,322941428.40,63.71,63.58,28225935.96,15373257.83,156153128.22,185310472.75,341463600.97,62.52,62.76,22024760.80,8025249.64,154939970.75,184588497.84,97.00,93.00
1462.00,14.00,18854780.30,5129625.27,147146902.62,175551609.66,322698512.28,63.60,63.64,27891640.80,14977138.79,156087728.90,185271552.27,341359281.17,62.43,62.81,20436858.80,6143684.20,154629323.96,184403625.56,97.00,93.00
1463.00,14.00,19446960.29,5831321.85,147262752.86,175620554.51,322883307.37,63.70,63.46,27975214.59,15076168.55,156104078.73,185281282.39,341385361.12,62.54,62.64,21573462.34,7490488.93,154851681.67,184535955.20,97.00,93.00
1464.00,14.00,18664550.44,4904214.67,147109687.29,175529462.06,322639149.35,63.57,63.61,27323339.03,14303736.42,155976550.05,185205387.45,341181937.50,62.40,62.79,21038590.09,6856698.47,154747042.75,184473682.43,97.00,93.00
1465.00,14.00,17499293.03,3523456.88,146881723.93,175393796.38,322275520.31,63.69,63.61,26938899.60,13848199.52,155901340.82,185160628.90,341061969.72,62.49,62.78,19133107.69,4598819.94,154374266.60,184251835.69,97.00,93.00
1466.00,14.00,18979743.01,5277698.34,147171349.51,175566158.51,322737508.02,63.72,63.62,28159076.93,15294034.02,156140048.36,185302688.65,341442737.01,62.52,62.79,20570576.87,6302131.81,154655483.69,184419193.76,97.00,93.00
1467.00,14.00,18088289.26,4221380.90,146996951.32,175462370.56,322459321.88,63.70,63.60,26537745.41,13372856.68,155822861.63,185113924.32,340936785.95,62.52,62.79,20353285.01,6044654.44,154612974.13,184393895.44,97.00,93.00
1468.00,14.00,19739866.53,6178397.58,147320055.12,175654656.27,322974711.39,63.77,63.53,28342939.26,15511899.49,156176017.98,185324094.92,341500112.90,62.57,62.73,21657036.13,7589518.69,154868031.50,184545685.32,97.00,93.00
1469.00,14.00,17302695.64,3290501.15,146843262.90,175370907.43,322214170.33,63.63,63.80,26203450.26,12976737.64,155757462.31,185075003.84,340832466.15,62.46,62.98,18832242.05,4242312.80,154315407.21,184216807.26,97.00,93.00
1470.00,14.00,19864033.30,6325527.51,147344346.30,175669112.45,323013458.75,63.69,63.57,29295680.46,16640838.76,156362406.06,185435018.28,341797424.34,62.49,62.77,21740609.91,7688548.45,154884381.33,184555415.44,97.00,93.00
1471.00,14.00,19755785.34,6197260.40,147323169.37,175656509.62,322979678.99,63.70,63.46,28510086.84,15709959.01,156208717.65,185343555.16,341552272.81,62.53,62.66,21590177.09,7510294.88,154854951.63,184537901.22,97.00,93.00
1472.00,14.00,17289164.65,3274467.76,146840615.79,175369332.08,322209947.87,63.79,63.63,27022473.39,13947229.28,155917690.65,185170359.02,341088049.67,62.59,62.81,19333684.79,4836491.36,154413506.19,184275187.98,97.00,93.00
1473.00,14.00,19479593.87,5869990.62,147269137.07,175624353.89,322893490.96,63.67,63.56,28677234.42,15908018.53,156241417.31,185363015.40,341604432.71,62.46,62.73,21239167.18,7094369.89,154786282.34,184497034.72,97.00,93.00
1474.00,14.00,18944721.62,5236200.15,147164498.16,175562081.13,322726579.29,63.77,63.47,27858211.28,14937526.88,156081188.96,185267660.22,341348849.18,62.60,62.63,21389600.00,7272623.46,154815712.04,184514548.93,97.00,93.00
1475.00,14.00,16526653.32,2370939.10,146691443.04,175280556.32,321971999.36,63.74,63.56,25819010.83,12521200.74,155682253.09,185030245.29,340712498.38,62.55,62.74,18113507.46,3390656.87,154174798.66,184133128.23,97.00,93.00
1476.00,14.00,18651815.38,4889124.42,147107195.89,175527979.37,322635175.26,63.67,63.61,27908355.56,14996944.74,156090998.86,185273498.29,341364497.15,62.51,62.80,20453573.56,6163490.15,154632593.93,184405571.59,97.00,93.00
1477.00,14.00,18992478.07,5292788.59,147173840.92,175567641.19,322741482.11,63.76,63.67,27874926.04,14957332.84,156084458.93,185269606.24,341354065.17,62.57,62.86,21172308.15,7015146.08,154773202.48,184489250.62,97.00,93.00
1478.00,14.00,18185394.05,4336444.05,147015948.26,175473676.04,322489624.30,63.54,63.62,27189620.97,14145288.80,155950390.32,185189819.26,341140209.58,62.40,62.82,20420144.05,6123878.24,154626054.00,184401679.54,97.00,93.00
1479.00,14.00,19979444.72,6462282.90,147366924.64,175682549.28,323049473.92,63.68,63.57,28292794.99,15452481.64,156166208.09,185318256.84,341484464.93,62.51,62.75,21840898.46,7807384.16,154904001.12,184567091.58,97.00,93.00
1480.00,14.00,18827718.31,5097558.49,147141608.39,175548458.96,322690067.35,63.75,63.54,28175791.68,15313839.97,156143318.32,185304634.68,341447953.00,62.58,62.73,20520432.59,6242713.96,154645673.79,184413355.68,97.00,93.00
1481.00,14.00,18717082.53,4966461.95,147119964.33,175535578.13,322655542.46,63.75,63.57,27941785.07,15036556.64,156097538.80,185277390.34,341374929.14,62.56,62.76,20186137.44,5846594.92,154580274.47,184374435.20,97.00,93.00
1482.00,14.00,17217529.97,3189585.11,146826601.65,175360991.98,322187593.63,63.69,63.65,26353883.08,13154991.20,155786892.00,185092518.06,340879410.06,62.50,62.84,18464517.38,3806581.86,154243467.95,184173994.73,97.00,93.00
1483.00,14.00,18362092.91,4545821.25,147050516.48,175494248.29,322544764.77,63.76,63.57,27172906.21,14125482.85,155947120.35,185187873.24,341134993.59,62.56,62.81,20286425.98,5965430.63,154599894.27,184386111.35,97.00,93.00
1484.00,14.00,18295233.88,4466597.45,147037436.61,175486464.19,322523900.80,63.59,63.61,27958499.83,15056362.60,156100808.76,185279336.36,341380145.12,62.40,62.81,20353285.01,6044654.44,154612974.13,184393895.44,97.00,93.00
1485.00,14.00,18972579.55,5269210.07,147169948.10,175565324.50,322735272.60,63.65,63.51,28593660.63,15808988.77,156225067.48,185353285.28,341578352.76,62.50,62.69,20202852.19,5866400.87,154583544.44,184376381.23,97.00,93.00
1486.00,14.00,19668231.85,6093514.93,147306040.98,175646316.16,322952357.14,63.64,63.73,28359654.02,15531705.44,156179287.95,185326040.94,341505328.89,62.47,62.92,21506603.30,7411265.12,154838601.80,184528171.10,97.00,93.00
1487.00,14.00,17742054.99,3811114.75,146929216.30,175422060.07,322351276.37,63.60,63.54,26888755.33,13788781.67,155891530.92,185154790.83,341046321.75,62.46,62.70,19417258.57,4935521.12,154429856.02,184284918.10,97.00,93.00
1488.00,14.00,17356023.68,3353691.57,146853695.65,175377116.18,322230811.83,63.72,63.42,26253594.53,13036155.49,155767272.21,185080841.92,340848114.13,62.53,62.62,19233396.24,4717655.65,154393886.39,184263511.84,97.00,93.00
1489.00,14.00,17876569.00,3970505.51,146955531.74,175437720.92,322393252.66,63.75,63.59,27122761.94,14066065.00,155937310.45,185182035.16,341119345.61,62.58,62.78,19233396.24,4717655.65,154393886.39,184263511.84,97.00,93.00
1490.00,14.00,17387065.37,3390474.05,146859768.45,175380730.22,322240498.67,63.83,63.51,26203450.26,12976737.64,155757462.31,185075003.84,340832466.15,62.67,62.70,19534261.88,5074162.79,154452745.79,184298540.27,97.00,93.00
1491.00,14.00,19082419.38,5399363.47,147191436.45,175578112.66,322769549.11,63.74,63.45,27925070.32,15016750.69,156094268.83,185275444.32,341369713.15,62.57,62.63,20821298.23,6599221.09,154704533.19,184448384.12,97.00,93.00
1492.00,14.00,18113759.37,4251561.40,147001934.12,175465335.93,322467270.05,63.62,63.62,27858211.28,14937526.88,156081188.96,185267660.22,341348849.18,62.44,62.83,19784983.25,5371252.07,154501795.28,184327730.63,97.00,93.00
1493.00,14.00,17028096.05,2965117.66,146789542.03,175338937.04,322128479.07,63.80,63.40,26353883.08,13154991.20,155786892.00,185092518.06,340879410.06,62.62,62.57,19149822.45,4618625.89,154377536.56,184253781.72,97.00,93.00
1494.00,14.00,19315630.05,5675703.66,147237060.26,175605264.32,322842324.58,63.72,63.52,28409798.29,15591123.30,156189097.85,185331879.01,341520976.86,62.53,62.69,20704294.93,6460579.43,154681643.42,184434761.95,97.00,93.00
1495.00,14.00,19996955.42,6483031.99,147370350.32,175684587.97,323054938.29,63.67,63.56,28994814.82,16284331.62,156303546.67,185399989.85,341703536.52,62.49,62.76,21807468.95,7767772.26,154897461.19,184563199.53,97.00,93.00
1496.00,14.00,18346174.10,4526958.44,147047402.22,175492394.93,322539797.15,63.60,63.78,27089332.42,14026453.09,155930770.52,185178143.12,341108913.64,62.42,62.97,19433973.33,4955327.08,154433125.99,184286864.12,97.00,93.00
1497.00,14.00,17018544.76,2953799.97,146787673.48,175337825.03,322125498.51,63.61,63.63,26437456.87,13254020.96,155803241.84,185102248.18,340905490.02,62.44,62.81,18782097.78,4182894.95,154305597.31,184210969.19,97.00,93.00
1498.00,14.00,17288368.71,3273524.62,146840460.07,175369239.41,322209699.48,63.57,63.77,25401141.88,12026051.94,155600503.93,184981594.69,340582098.62,62.40,62.93,19634550.43,5192998.50,154472365.58,184310216.41,97.00,93.00
1499.00,14.00,17653705.56,3706426.15,146911932.19,175411773.94,322323706.13,63.82,63.59,27206335.73,14165094.76,155953660.28,185191765.28,341145425.56,62.63,62.79,18982674.87,4420566.37,154344836.90,184234321.48,97.00,93.00
1500.00,14.00,17142711.53,3100929.90,146811964.65,175352281.20,322164245.85,63.79,63.52,26203450.26,12976737.64,155757462.31,185075003.84,340832466.15,62.62,62.67,18598235.44,3965029.48,154269627.68,184189562.92,97.00,93.00
1501.00,15.00,15794387.73,1503249.77,146548187.38,175195301.94,321743489.32,63.90,63.83,23662807.07,9966232.93,155260427.44,184779208.20,340039635.64,62.76,63.04,18364228.83,3687746.15,154223848.15,184162318.59,97.00,93.00
1502.00,15.00,17687135.07,3746038.05,146918472.13,175415665.99,322334138.12,63.90,64.04,25083561.48,11649738.85,155538374.57,184944620.24,340482994.81,62.74,63.28,21038590.09,6856698.47,154747042.75,184473682.43,97.00,93.00
1503.00,15.00,16841049.95,2743479.62,146752949.55,175317160.10,322070109.65,63.80,63.83,25116991.00,11689350.76,155544914.50,184948512.28,340493426.78,62.63,63.05,19049533.90,4499790.18,154357916.77,184242105.57,97.00,93.00
1504.00,15.00,17192059.87,3159404.61,146821618.84,175358026.61,322179645.45,64.02,64.00,25618433.73,12283529.32,155643013.49,185006893.00,340649906.49,62.85,63.22,19467402.85,4994938.98,154439665.92,184290756.17,97.00,93.00
1505.00,15.00,17077444.38,3023592.37,146799196.22,175344682.44,322143878.66,63.83,63.89,25401141.88,12026051.94,155600503.93,184981594.69,340582098.62,62.68,63.12,19801698.01,5391058.02,154505065.25,184329676.65,97.00,93.00
1506.00,15.00,18407461.54,4599580.27,147059392.10,175499530.35,322558922.45,63.94,63.96,26704892.99,13570916.20,155855561.29,185133384.56,340988945.85,62.75,63.18,20503717.83,6222908.00,154642403.83,184411409.66,97.00,93.00
1507.00,15.00,16681861.78,2554851.51,146721807.01,175298626.54,322020433.55,63.84,63.93,24799410.60,11313037.67,155482785.15,184911537.83,340394322.98,62.71,63.13,19550976.64,5093968.74,154456015.75,184300486.29,97.00,93.00
1508.00,15.00,16738373.58,2621814.49,146732862.61,175305205.96,322038068.57,64.03,63.80,24732551.57,11233813.86,155469705.28,184903753.73,340373459.01,62.89,63.01,19500832.36,5034550.88,154446205.85,184294648.22,97.00,93.00
1509.00,15.00,16840254.01,2742536.48,146752793.84,175317067.44,322069861.28,63.99,63.89,25250709.06,11847798.37,155571074.23,184964080.48,340535154.71,62.81,63.13,19199966.72,4678043.75,154387346.46,184259619.79,97.00,93.00
1510.00,15.00,16497203.50,2336042.90,146685681.67,175277127.61,321962809.28,63.91,63.87,24281253.11,10699053.16,155381416.19,184851211.08,340232627.27,62.79,63.07,19149822.45,4618625.89,154377536.56,184253781.72,97.00,93.00
1511.00,15.00,16899153.63,2812328.88,146764316.58,175323924.85,322088241.43,63.94,63.89,25768866.55,12461782.88,155672443.19,185024407.22,340696850.41,62.78,63.10,19266825.75,4757267.56,154400426.33,184267403.88,97.00,93.00
1512.00,15.00,17935468.62,4040297.91,146967054.48,175444578.34,322411632.82,63.96,63.88,25534859.94,12184499.56,155626663.66,184997162.88,340623826.54,62.80,63.11,19935416.07,5549505.64,154531224.98,184345244.84,97.00,93.00
1513.00,15.00,16205093.21,1989910.31,146628535.12,175243118.52,321871653.64,63.85,63.96,24565403.99,11035754.34,155437005.62,184884293.49,340321299.11,62.71,63.21,18063363.19,3331239.01,154164988.76,184127290.16,97.00,93.00
1514.00,15.00,18065206.98,4194029.82,146992435.65,175459683.20,322452118.85,64.02,63.68,25534859.94,12184499.56,155626663.66,184997162.88,340623826.54,62.88,62.88,21590177.09,7510294.88,154854951.63,184537901.22,97.00,93.00
1515.00,15.00,17883732.46,3978993.77,146956933.16,175438554.94,322395488.10,63.93,63.91,26253594.53,13036155.49,155767272.21,185080841.92,340848114.13,62.79,63.10,20403429.29,6104072.29,154622784.03,184399733.52,97.00,93.00
1516.00,15.00,17980041.31,4093113.78,146975774.39,175449767.74,322425542.13,63.83,64.08,26521030.66,13353050.72,155819591.67,185111978.30,340931569.97,62.68,63.32,19250111.00,4737461.60,154397156.36,184265457.86,97.00,93.00
1517.00,15.00,17457108.17,3473470.43,146873471.16,175388884.99,322262356.15,64.02,63.85,25902584.62,12620230.50,155698602.92,185039975.41,340738578.33,62.88,63.04,20052419.37,5688147.30,154554114.74,184358867.01,97.00,93.00
1518.00,15.00,18401889.96,4592978.28,147058302.11,175498881.68,322557183.79,63.99,63.74,26771752.02,13650140.00,155868641.16,185141168.66,341009809.82,62.83,62.95,21306026.21,7173593.70,154799362.21,184504818.81,97.00,93.00
1519.00,15.00,15916962.63,1648493.42,146572167.13,175209572.78,321781739.91,63.94,63.89,24063961.25,10441575.78,155338906.63,184825912.77,340164819.40,62.77,63.12,18631664.96,4004641.38,154276167.61,184193454.97,97.00,93.00
1520.00,15.00,15218126.56,820416.00,146435451.40,175128210.44,321563661.84,63.81,63.91,22776924.90,8916517.48,155087119.23,184676068.92,339763188.15,62.63,63.15,17929645.13,3172791.40,154138829.03,184111721.96,97.00,93.00
1521.00,15.00,18279315.07,4447734.64,147034322.36,175484610.84,322518933.20,63.95,63.85,25651863.25,12323141.22,155649553.42,185010785.05,340660338.47,62.82,63.09,21657036.13,7589518.69,154868031.50,184545685.32,97.00,93.00
1522.00,15.00,17450740.64,3465925.30,146872225.46,175388143.65,322260369.11,64.01,63.83,25284138.58,11887410.28,155577614.17,184967972.52,340545586.69,62.85,63.03,19885271.79,5490087.78,154521415.08,184339406.77,97.00,93.00
1523.00,15.00,17245387.90,3222595.03,146832051.59,175364235.35,322196286.94,63.88,63.92,25785581.31,12481588.84,155675713.15,185026353.24,340702066.39,62.72,63.10,19701409.46,5272222.31,154485445.45,184318000.51,97.00,93.00
1524.00,15.00,15584259.35,1254260.66,146507079.23,175170837.63,321677916.86,63.93,64.02,23729666.10,10045456.74,155273507.31,184786992.29,340060499.60,62.77,63.23,17762497.55,2974731.88,154106129.37,184092261.72,97.00,93.00
1525.00,15.00,15943228.67,1679617.06,146577305.65,175212630.82,321789936.47,63.99,63.89,23846669.40,10184098.40,155296397.07,184800614.46,340097011.53,62.82,63.10,18932530.60,4361148.52,154335027.00,184228483.40,97.00,93.00
1526.00,15.00,15765733.86,1469296.71,146542581.72,175191965.89,321734547.61,63.89,63.77,24381541.65,10817888.87,155401035.99,184862887.23,340263923.22,62.73,62.97,18665094.47,4044253.28,154282707.54,184197347.02,97.00,93.00
1527.00,15.00,17618684.16,3664927.96,146905080.84,175407696.55,322312777.39,63.94,64.02,26437456.87,13254020.96,155803241.84,185102248.18,340905490.02,62.78,63.21,20152707.92,5806983.01,154573734.54,184370543.16,97.00,93.00
1528.00,15.00,15780856.74,1487216.38,146545540.26,175193726.58,321739266.84,63.93,63.81,24247823.59,10659441.25,155374876.26,184847319.04,340222195.30,62.72,63.07,18414373.10,3747164.00,154233658.05,184168156.66,97.00,93.00
1529.00,15.00,17928305.15,4031809.64,146965653.07,175443744.33,322409397.40,63.94,63.83,25702007.52,12382559.08,155659363.32,185016623.12,340675986.44,62.79,63.05,21021875.33,6836892.52,154743772.78,184471736.40,97.00,93.00
1530.00,15.00,16500387.27,2339815.46,146686304.52,175277498.28,321963802.80,63.84,63.81,24515259.72,10976336.48,155427195.72,184878455.42,340305651.14,62.66,63.06,18681809.23,4064059.24,154285977.51,184199293.04,97.00,93.00
1531.00,15.00,16505162.91,2345474.30,146687238.80,175278054.29,321965293.09,63.91,63.86,24531974.47,10996142.44,155430465.69,184880401.44,340310867.13,62.75,63.08,19016104.39,4460178.28,154351376.83,184238213.52,97.00,93.00
1532.00,15.00,18037349.05,4161019.90,146986985.70,175456439.82,322443425.52,63.93,63.81,26587889.69,13432274.53,155832671.53,185119762.40,340952433.93,62.76,63.03,20838012.99,6619027.04,154707803.15,184450330.14,97.00,93.00
1533.00,15.00,18048492.22,4174223.87,146989165.68,175457737.17,322446902.85,63.95,63.85,26604604.45,13452080.48,155835941.50,185121708.42,340957649.92,62.81,63.06,20670865.41,6420967.52,154675103.49,184430869.90,97.00,93.00
1534.00,15.00,17459495.99,3476299.85,146873938.30,175389162.99,322263101.29,63.92,63.80,25718722.28,12402365.03,155662633.29,185018569.15,340681202.44,62.76,63.01,20035704.62,5668341.35,154550844.77,184356920.99,97.00,93.00
1535.00,15.00,16032374.05,1785248.80,146594745.47,175223009.61,321817755.08,64.00,63.92,23997102.22,10362351.97,155325826.77,184818128.68,340143955.45,62.83,63.12,18564805.93,3925417.57,154263087.75,184185670.88,97.00,93.00
1536.00,15.00,17141915.59,3099986.76,146811808.94,175352188.54,322163997.48,64.12,63.89,26454171.63,13273826.92,155806511.80,185104194.20,340910706.00,62.94,63.09,19216681.48,4697849.70,154390616.43,184261565.81,97.00,93.00
1537.00,15.00,16017251.17,1767329.13,146591786.93,175221248.92,321813035.85,63.98,63.82,24882984.39,11412067.43,155499134.98,184921267.95,340420402.93,62.83,63.04,17378058.12,2519194.98,154030920.14,184047503.17,97.00,93.00
1538.00,15.00,15981433.83,1724887.81,146584779.86,175217078.87,321801858.73,64.01,63.89,23545803.76,9827591.27,155237537.68,184765586.03,340003123.71,62.85,63.10,18698523.99,4083865.19,154289247.48,184201239.07,97.00,93.00
1539.00,15.00,17786627.68,3863930.62,146937936.21,175427249.46,322365185.67,63.94,63.77,25969443.65,12699454.31,155711682.78,185047759.51,340759442.29,62.76,63.01,20119278.40,5767371.11,154567194.60,184366651.11,97.00,93.00
1540.00,15.00,16609431.16,2469025.72,146707637.16,175290193.77,321997830.93,63.87,63.86,24832840.12,11352649.57,155489325.08,184915429.88,340404754.96,62.72,63.09,18949245.36,4380954.47,154338296.97,184230429.43,97.00,93.00
1541.00,15.00,17601173.46,3644178.87,146901655.16,175405657.86,322307313.02,63.96,63.77,25501430.43,12144887.65,155620123.73,184993270.84,340613394.57,62.82,62.96,20403429.29,6104072.29,154622784.03,184399733.52,97.00,93.00
1542.00,15.00,16375424.55,2191742.39,146661857.63,175262949.44,321924807.07,64.04,63.81,25451286.16,12085469.80,155610313.83,184987432.76,340597746.59,62.88,63.00,19216681.48,4697849.70,154390616.43,184261565.81,97.00,93.00
1543.00,15.00,19653108.97,6075595.26,147303082.44,175644555.48,322947637.92,64.03,63.78,27741207.98,14798885.22,156058299.20,185254038.05,341312337.25,62.89,62.97,22409200.23,8480786.53,155015179.98,184633256.40,97.00,93.00
1544.00,15.00,17372738.44,3373497.52,146856965.62,175379062.20,322236027.82,63.77,63.93,25802296.07,12501394.79,155678983.12,185028299.27,340707282.39,62.60,63.17,19835127.52,5430669.92,154511605.18,184333568.70,97.00,93.00
1545.00,15.00,15687731.66,1376868.93,146527321.88,175182884.45,321710206.33,63.94,63.83,24197679.32,10600023.40,155365066.36,184841480.96,340206547.32,62.78,63.05,17896215.61,3133179.49,154132289.10,184107829.92,97.00,93.00
1546.00,15.00,16998646.24,2930221.46,146783780.66,175335508.33,322119288.99,63.94,63.87,25384427.12,12006245.99,155597233.96,184979648.67,340576882.63,62.80,63.08,19935416.07,5549505.64,154531224.98,184345244.84,97.00,93.00
1547.00,15.00,16433528.24,2260591.65,146673224.66,175269714.19,321942938.85,63.98,63.85,24732551.57,11233813.86,155469705.28,184903753.73,340373459.01,62.78,63.09,18865671.57,4281924.71,154321947.14,184220699.31,97.00,93.00
1548.00,15.00,16950889.79,2873633.02,146774437.90,175329948.26,322104386.16,63.98,63.83,25250709.06,11847798.37,155571074.23,184964080.48,340535154.71,62.80,63.04,19567691.40,5113774.69,154459285.72,184302432.32,97.00,93.00
1549.00,15.00,18066798.86,4195916.10,146992747.07,175459868.53,322452615.60,63.94,63.90,26838611.06,13729363.81,155881721.02,185148952.76,341030673.78,62.76,63.08,20286425.98,5965430.63,154599894.27,184386111.35,97.00,93.00
1550.00,15.00,17789811.44,3867703.18,146938559.06,175427620.13,322366179.19,63.84,63.91,26320453.56,13115379.30,155780352.07,185088626.01,340868978.08,62.70,63.13,20620721.14,6361549.67,154665293.59,184425031.83,97.00,93.00
1551.00,15.00,17592418.11,3633804.32,146899942.32,175404638.52,322304580.84,64.04,63.78,25585004.22,12243917.41,155636473.56,185003000.96,340639474.52,62.87,62.99,19734838.97,5311834.21,154491985.38,184321892.56,97.00,93.00
1552.00,15.00,17359207.44,3357464.13,146854318.50,175377486.85,322231805.35,63.85,63.99,25936014.13,12659842.40,155705142.85,185043867.46,340749010.31,62.70,63.20,19651265.18,5212804.45,154475635.55,184312162.44,97.00,93.00
1553.00,15.00,17859058.30,3949756.41,146952106.06,175435682.23,322387788.29,63.93,63.84,25417856.64,12045857.89,155603773.90,184983540.72,340587314.62,62.74,63.07,20604006.38,6341743.72,154662023.62,184423085.80,97.00,93.00
1554.00,15.00,16874479.47,2783091.53,146759489.48,175321052.15,322080541.63,64.02,63.90,25384427.12,12006245.99,155597233.96,184979648.67,340576882.63,62.87,63.10,19484117.61,5014744.93,154442935.89,184292702.20,97.00,93.00
1555.00,15.00,17644950.21,3696051.60,146910219.35,175410754.59,322320973.94,63.97,63.92,25936014.13,12659842.40,155705142.85,185043867.46,340749010.31,62.79,63.13,20453573.56,6163490.15,154632593.93,184405571.59,97.00,93.00
1556.00,15.00,16145397.65,1919174.76,146616856.67,175236168.44,321853025.11,63.91,63.92,24331397.38,10758471.01,155391226.09,184857049.16,340248275.25,62.77,63.14,18731953.50,4123477.09,154295787.41,184205131.12,97.00,93.00
1557.00,15.00,18045308.46,4170451.31,146988542.83,175457366.50,322445909.33,63.90,63.83,26454171.63,13273826.92,155806511.80,185104194.20,340910706.00,62.74,63.03,20002275.10,5628729.44,154544304.84,184353028.94,97.00,93.00
1558.00,15.00,17436413.71,3448948.77,146869422.63,175386475.63,322255898.26,63.96,63.95,25819010.83,12521200.74,155682253.09,185030245.29,340712498.38,62.83,63.16,20052419.37,5688147.30,154554114.74,184358867.01,97.00,93.00
1559.00,15.00,16638085.03,2502978.78,146713242.82,175293529.81,322006772.63,63.82,63.92,24899699.15,11431873.38,155502404.94,184923213.97,340425618.91,62.68,63.16,19233396.24,4717655.65,154393886.39,184263511.84,97.00,93.00
1560.00,15.00,18498198.80,4707098.29,147077143.34,175510094.48,322587237.82,63.88,63.82,27055902.91,13986841.19,155924230.59,185174251.07,341098481.66,62.73,63.06,20553862.11,6282325.86,154652213.73,184417247.73,97.00,93.00
1561.00,15.00,17196039.57,3164120.32,146822397.40,175358489.95,322180887.35,63.95,63.87,25267423.82,11867604.32,155574344.20,184966026.50,340540370.70,62.77,63.10,19985560.34,5608923.49,154541034.87,184351082.92,97.00,93.00
1562.00,15.00,16325280.28,2132324.53,146652047.74,175257111.36,321909159.10,63.87,63.94,24999987.69,11550709.09,155522024.74,184934890.12,340456914.86,62.68,63.19,19133107.69,4598819.94,154374266.60,184251835.69,97.00,93.00
1563.00,15.00,16629329.69,2492604.23,146711529.98,175292510.47,322004040.45,63.97,63.75,24632263.02,11114978.15,155450085.48,184892077.59,340342163.07,62.84,62.95,19316970.03,4816685.41,154410236.23,184273241.96,97.00,93.00
1564.00,15.00,15713997.71,1407992.57,146532460.40,175185942.49,321718402.89,63.85,63.95,23679521.82,9986038.88,155263697.41,184781154.22,340044851.63,62.70,63.17,17561920.45,2737060.45,154066889.77,184068909.44,97.00,93.00
1565.00,15.00,16338811.28,2148357.92,146654694.85,175258686.72,321913381.57,63.88,63.93,24615548.26,11095172.20,155446815.52,184890131.56,340336947.08,62.73,63.15,18414373.10,3747164.00,154233658.05,184168156.66,97.00,93.00
1566.00,15.00,18104208.08,4240243.71,147000065.57,175464223.92,322464289.49,64.01,63.77,27072617.67,14006647.14,155927500.55,185176197.09,341103697.64,62.83,62.98,20537147.35,6262519.91,154648943.76,184415301.71,97.00,93.00
1567.00,15.00,16773394.98,2663312.67,146739713.97,175309283.34,322048997.31,63.90,63.85,24816125.36,11332843.62,155486055.11,184913483.85,340399538.96,62.75,63.09,19801698.01,5391058.02,154505065.25,184329676.65,97.00,93.00
1568.00,15.00,18318316.17,4493948.52,147041952.28,175489151.56,322531103.84,64.04,63.80,25919299.37,12640036.45,155701872.88,185041921.44,340743794.32,62.89,63.00,21172308.15,7015146.08,154773202.48,184489250.62,97.00,93.00
1569.00,15.00,17106098.25,3057545.43,146804801.87,175348018.49,322152820.36,63.91,63.87,25417856.64,12045857.89,155603773.90,184983540.72,340587314.62,62.74,63.09,19952130.83,5569311.59,154534494.94,184347190.87,97.00,93.00
1570.00,15.00,17016156.94,2950970.55,146787206.34,175337547.02,322124753.36,64.00,64.01,25651863.25,12323141.22,155649553.42,185010785.05,340660338.47,62.83,63.24,19935416.07,5549505.64,154531224.98,184345244.84,97.00,93.00
1571.00,15.00,15960739.37,1700366.15,146580731.33,175214669.51,321795400.84,63.93,63.87,23980387.47,10342546.02,155322556.80,184816182.65,340138739.45,62.78,63.10,18431087.86,3766969.96,154236928.02,184170102.68,97.00,93.00
1572.00,15.00,17570927.71,3608339.53,146895738.08,175402136.49,322297874.57,64.08,63.72,25534859.94,12184499.56,155626663.66,184997162.88,340623826.54,62.93,62.94,19918701.31,5529699.68,154527955.01,184343298.82,97.00,93.00
1573.00,15.00,15976658.19,1719228.96,146583845.58,175216522.86,321800368.44,63.87,63.95,24431685.93,10877306.72,155410845.89,184868725.30,340279571.19,62.71,63.17,17829356.58,3053955.68,154119209.23,184100045.82,97.00,93.00
1574.00,15.00,16082518.32,1844666.66,146604555.37,175228847.68,321833403.05,63.90,63.86,23629377.55,9926621.03,155253887.51,184775316.15,340029203.66,62.76,63.08,19166537.21,4638431.84,154380806.53,184255727.74,97.00,93.00
1575.00,15.00,16814783.90,2712355.98,146747811.03,175314102.07,322061913.10,63.85,63.84,24949843.42,11491291.24,155512214.84,184929052.04,340441266.88,62.70,63.06,19082963.42,4539402.08,154364456.70,184245997.62,97.00,93.00
1576.00,15.00,16998646.24,2930221.46,146783780.66,175335508.33,322119288.99,64.07,63.76,26454171.63,13273826.92,155806511.80,185104194.20,340910706.00,62.93,62.98,18748668.26,4143283.04,154299057.37,184207077.14,97.00,93.00
1577.00,15.00,17591622.17,3632861.18,146899786.60,175404545.85,322304332.45,63.93,63.93,25919299.37,12640036.45,155701872.88,185041921.44,340743794.32,62.78,63.16,19868557.04,5470281.83,154518145.11,184337460.75,97.00,93.00
1578.00,15.00,16113560.02,1881449.14,146610628.16,175232461.73,321843089.89,63.95,63.89,24665692.54,11154590.05,155456625.42,184895969.64,340352595.06,62.78,63.11,18531376.41,3885805.67,154256547.81,184181778.83,97.00,93.00
1579.00,15.00,15975862.25,1718285.82,146583689.87,175216430.20,321800120.07,63.97,63.79,23111220.06,9312636.52,155152518.56,184714989.40,339867507.96,62.86,63.01,19851842.28,5450475.88,154514875.14,184335514.72,97.00,93.00
1580.00,15.00,16766231.51,2654824.41,146738312.56,175308449.33,322046761.89,64.00,63.94,25066846.72,11629932.90,155535104.61,184942674.21,340477778.82,62.78,63.17,19701409.46,5272222.31,154485445.45,184318000.51,97.00,93.00
1581.00,15.00,16533020.84,2378484.22,146692688.74,175281297.66,321973986.40,64.05,63.72,24648977.78,11134784.10,155453355.45,184894023.61,340347379.06,62.91,62.98,18782097.78,4182894.95,154305597.31,184210969.19,97.00,93.00
1582.00,15.00,18011083.00,4129896.26,146981847.19,175453381.78,322435228.97,63.98,63.84,26203450.26,12976737.64,155757462.31,185075003.84,340832466.15,62.81,63.03,20119278.40,5767371.11,154567194.60,184366651.11,97.00,93.00
1583.00,15.00,17656093.38,3709255.57,146912399.33,175412051.94,322324451.27,63.99,63.92,26755037.27,13630334.05,155865371.19,185139222.64,341004593.83,62.79,63.14,19617835.67,5173192.55,154469095.62,184308270.39,97.00,93.00
1584.00,15.00,18678081.43,4920248.06,147112334.41,175531037.41,322643371.82,63.93,63.87,27206335.73,14165094.76,155953660.28,185191765.28,341145425.56,62.76,63.10,20587291.62,6321937.76,154658753.66,184421139.78,97.00,93.00
1585.00,15.00,17625847.63,3673416.23,146906482.25,175408530.56,322315012.81,63.86,63.82,25317568.09,11927022.18,155584154.10,184971864.57,340556018.67,62.72,63.05,20252996.47,5925818.72,154593354.33,184382219.30,97.00,93.00
1586.00,15.00,17597193.76,3639463.17,146900876.59,175405194.52,322306071.11,63.93,63.81,26788466.78,13669945.96,155871911.13,185143114.68,341015025.81,62.76,63.03,20035704.62,5668341.35,154550844.77,184356920.99,97.00,93.00
1587.00,15.00,16367465.15,2182310.98,146660300.51,175262022.76,321922323.27,63.87,63.80,24665692.54,11154590.05,155456625.42,184895969.64,340352595.06,62.72,63.02,19149822.45,4618625.89,154377536.56,184253781.72,97.00,93.00
1588.00,15.00,18214843.86,4371340.25,147021709.63,175477104.74,322498814.37,64.01,63.79,26872040.57,13768975.72,155888260.96,185152844.80,341041105.76,62.83,63.02,20804583.48,6579415.14,154701263.22,184446438.09,97.00,93.00
1589.00,15.00,14790706.32,313949.51,146351833.69,175078447.83,321430281.52,63.87,63.98,23127934.82,9332442.47,155155788.52,184716935.43,339872723.95,62.73,63.18,17027048.20,2103269.99,153962250.85,184006636.67,97.00,93.00
1590.00,15.00,16800456.97,2695379.45,146745008.20,175312434.05,322057442.25,63.87,63.83,25284138.58,11887410.28,155577614.17,184967972.52,340545586.69,62.73,63.03,19768268.49,5351446.12,154498525.31,184325784.60,97.00,93.00
1591.00,15.00,17902039.10,4000686.00,146960514.55,175440686.29,322401200.84,63.86,63.96,26086446.95,12838095.97,155734572.54,185061381.68,340795954.22,62.70,63.17,21005160.57,6817086.56,154740502.81,184469790.38,97.00,93.00
1592.00,15.00,18810207.61,5076809.40,147138182.71,175546420.27,322684602.98,63.89,63.81,27072617.67,14006647.14,155927500.55,185176197.09,341103697.64,62.71,63.03,21573462.34,7490488.93,154851681.67,184535955.20,97.00,93.00
1593.00,15.00,16670718.61,2541647.54,146719627.04,175297329.19,322016956.23,63.99,63.83,24749266.33,11253619.81,155472975.25,184905699.76,340378675.01,62.83,63.04,19417258.57,4935521.12,154429856.02,184284918.10,97.00,93.00
1594.00,15.00,17943428.03,4049729.31,146968611.61,175445505.02,322414116.63,63.87,63.91,26487601.14,13313438.82,155813051.73,185108086.25,340921137.98,62.70,63.15,19684694.70,5252416.36,154482175.48,184316054.48,97.00,93.00
1595.00,15.00,16611818.99,2471855.14,146708104.30,175290471.78,321998576.08,63.98,63.88,25350997.61,11966634.08,155590694.03,184975756.62,340566450.65,62.82,63.11,18982674.87,4420566.37,154344836.90,184234321.48,97.00,93.00
1596.00,15.00,16645248.50,2511467.04,146714644.23,175294363.82,322009008.05,63.87,64.06,24882984.39,11412067.43,155499134.98,184921267.95,340420402.93,62.69,63.27,19701409.46,5272222.31,154485445.45,184318000.51,97.00,93.00
1597.00,15.00,15858858.94,1579644.16,146560800.11,175202808.03,321763608.14,63.93,63.81,24164249.80,10560411.49,155358526.43,184837588.92,340196115.35,62.78,63.04,18247225.53,3549104.48,154200958.39,184148696.42,97.00,93.00
1598.00,15.00,17010585.35,2944368.56,146786116.35,175336898.35,322123014.70,64.00,63.77,25952728.89,12679648.36,155708412.82,185045813.48,340754226.30,62.83,62.97,19266825.75,4757267.56,154400426.33,184267403.88,97.00,93.00
1599.00,15.00,16577593.53,2431300.09,146701408.65,175286487.06,321987895.71,63.78,63.98,24715836.81,11214007.91,155466435.31,184901807.71,340368243.02,62.65,63.20,19099678.18,4559208.04,154367726.66,184247943.64,97.00,93.00
1600.00,15.00,18639876.27,4874977.31,147104860.20,175526589.35,322631449.55,63.96,63.86,26922184.85,13828393.57,155898070.86,185158682.88,341056753.74,62.78,63.07,20754439.20,6519997.28,154691453.32,184440600.02,97.00,93.00
1601.00,16.00,20753099.23,7379015.53,147518277.36,175772622.39,323290899.75,63.28,62.94,31418454.70,19156194.66,156777691.77,185682163.33,342459855.10,62.06,62.07,20587291.62,6321937.76,154658753.66,184421139.78,97.00,93.00
1602.00,16.00,19524166.56,5922806.49,147277856.98,175629543.29,322907400.27,63.36,62.94,31234592.37,18938329.19,156741722.14,185660757.07,342402479.21,62.14,62.02,18748668.26,4143283.04,154299057.37,184207077.14,97.00,93.00
1603.00,16.00,21947806.44,8794669.53,147752002.09,175911716.77,323663718.86,63.30,62.99,32571773.00,20522805.35,157003319.44,185816438.99,342819758.43,62.08,62.10,22225337.89,8262921.06,154979210.35,184611850.13,97.00,93.00
1604.00,16.00,19957158.38,6435874.96,147362564.68,175679954.58,323042519.26,63.31,62.99,30365424.96,17908419.68,156571683.90,185559563.82,342131247.72,62.10,62.12,20754439.20,6519997.28,154691453.32,184440600.02,97.00,93.00
1605.00,16.00,20716485.95,7335631.07,147511114.58,175768359.67,323279474.25,63.26,63.05,31184448.09,18878911.33,156731912.24,185654919.00,342386831.24,62.05,62.15,20604006.38,6341743.72,154662023.62,184423085.80,97.00,93.00
1606.00,16.00,20535807.37,7121538.16,147475767.80,175747324.08,323223091.88,63.23,63.14,31685890.83,19473089.89,156830011.23,185713299.72,342543310.95,62.01,62.28,20236281.71,5906012.77,154590084.37,184380273.28,97.00,93.00
1607.00,16.00,20981534.25,7649696.88,147562966.90,175799218.05,323362184.95,63.19,63.02,30683005.36,18284732.77,156633813.26,185596538.28,342230351.54,61.97,62.19,21957901.77,7946025.83,154926890.89,184580713.75,97.00,93.00
1608.00,16.00,19775683.86,6220838.91,147327062.19,175658826.32,322985888.51,63.13,62.99,29847267.47,17294435.17,156470314.94,185499237.08,341969552.02,61.93,62.15,19734838.97,5311834.21,154491985.38,184321892.56,97.00,93.00
1609.00,16.00,21237827.20,7953388.14,147613106.38,175829057.08,323442163.46,63.22,63.07,31552172.77,19314642.28,156803851.50,185697731.52,342501583.02,62.00,62.21,22158478.86,8183697.25,154966130.48,184604066.04,97.00,93.00
1610.00,16.00,20076549.50,6577346.05,147385921.58,175693854.75,323079776.33,63.20,63.12,31268021.88,18977941.09,156748262.07,185664649.12,342412911.19,61.97,62.27,20336570.26,6024848.48,154609704.17,184391949.42,97.00,93.00
1611.00,16.00,19088786.91,5406908.60,147192682.15,175578854.00,322771536.15,63.24,63.21,29680119.89,17096375.65,156437615.28,185479776.84,341917392.12,62.01,62.34,18815527.29,4222506.85,154312137.24,184214861.24,97.00,93.00
1612.00,16.00,19353039.27,5720031.27,147244378.76,175609619.71,322853998.47,63.16,63.13,29964270.77,17433076.84,156493204.71,185512859.24,342006063.95,61.94,62.26,19634550.43,5192998.50,154472365.58,184310216.41,97.00,93.00
1613.00,16.00,19649925.21,6071822.70,147302459.59,175644184.80,322946644.39,63.09,63.08,30181562.62,17690554.21,156535714.27,185538157.56,342073871.83,61.88,62.21,19450688.09,4975133.03,154436395.96,184288810.15,97.00,93.00
1614.00,16.00,20349557.22,6900843.26,147439331.03,175725639.81,323164970.84,63.19,63.06,31117589.06,18799687.52,156718832.38,185647134.90,342365967.28,61.98,62.19,20436858.80,6143684.20,154629323.96,184403625.56,97.00,93.00
1615.00,16.00,18952681.03,5245631.56,147166055.28,175563007.80,322729063.08,63.20,63.04,29479542.79,16858704.23,156398375.69,185456424.55,341854800.24,62.00,62.17,18999389.63,4440372.32,154348106.87,184236267.50,97.00,93.00
1616.00,16.00,20292249.48,6832937.14,147428119.72,175718967.73,323147087.45,63.19,63.02,31468598.98,19215612.52,156787501.67,185688001.40,342475503.07,61.98,62.17,19734838.97,5311834.21,154491985.38,184321892.56,97.00,93.00
1617.00,16.00,21479793.22,8240102.87,147660443.03,175857228.10,323517671.13,63.10,63.16,31418454.70,19156194.66,156777691.77,185682163.33,342459855.10,61.89,62.30,21891042.74,7866802.02,154913811.02,184572929.65,97.00,93.00
1618.00,16.00,20867714.71,7514827.77,147540699.98,175785966.55,323326666.53,63.26,62.94,31719320.35,19512701.80,156836551.16,185717191.76,342553742.92,62.07,62.11,20704294.93,6460579.43,154681643.42,184434761.95,97.00,93.00
1619.00,16.00,19150870.30,5480473.56,147204827.74,175586082.09,322790909.83,63.21,63.04,29579831.34,16977539.94,156417995.48,185468100.69,341886096.17,61.96,62.20,19450688.09,4975133.03,154436395.96,184288810.15,97.00,93.00
1620.00,16.00,19294139.65,5650238.86,147232856.02,175602762.29,322835618.31,63.22,63.10,29596546.10,16997345.89,156421265.45,185470046.72,341891312.17,62.01,62.21,19467402.85,4994938.98,154439665.92,184290756.17,97.00,93.00
1621.00,16.00,18884230.11,5164521.47,147152663.99,175555038.37,322707702.36,63.16,62.98,29629975.62,17036957.80,156427805.38,185473938.76,341901744.14,61.95,62.14,19400543.82,4915715.17,154426586.06,184282972.08,97.00,93.00
1622.00,16.00,19709620.77,6142558.24,147314138.04,175651134.89,322965272.93,63.29,63.15,30616146.33,18205508.96,156620733.39,185588754.18,342209487.57,62.08,62.30,19433973.33,4955327.08,154433125.99,184286864.12,97.00,93.00
1623.00,16.00,19282996.48,5637034.90,147230676.04,175601464.94,322832140.98,63.26,63.20,29746978.92,17175599.46,156450695.15,185487560.93,341938256.08,62.03,62.35,19968845.58,5589117.54,154537764.91,184349136.89,97.00,93.00
1624.00,16.00,19146890.59,5475757.86,147204049.18,175585618.75,322789667.93,63.27,62.97,30699720.12,18304538.72,156637083.22,185598484.30,342235567.52,62.08,62.12,17963074.64,3212403.30,154145368.96,184115614.01,97.00,93.00
1625.00,16.00,19741458.41,6180283.87,147320366.55,175654841.60,322975208.15,63.22,63.05,30716434.87,18324344.68,156640353.19,185600430.32,342240783.51,61.99,62.17,19300255.27,4796879.46,154406966.26,184271295.93,97.00,93.00
1626.00,16.00,20074957.62,6575459.76,147385610.16,175693669.41,323079279.57,63.29,63.08,30649575.84,18245120.87,156627273.32,185592646.23,342219919.55,62.09,62.18,20604006.38,6341743.72,154662023.62,184423085.80,97.00,93.00
1627.00,16.00,19949994.91,6427386.69,147361163.27,175679120.57,323040283.84,63.33,63.01,30448998.75,18007449.44,156588033.73,185569293.94,342157327.67,62.09,62.14,19935416.07,5549505.64,154531224.98,184345244.84,97.00,93.00
1628.00,16.00,19655496.80,6078424.68,147303549.58,175644833.48,322948383.06,63.21,63.02,30031129.80,17512300.64,156506284.57,185520643.34,342026927.91,62.00,62.16,20018989.86,5648535.40,154547574.81,184354974.96,97.00,93.00
1629.00,16.00,20367067.91,6921592.35,147442756.71,175727678.50,323170435.21,63.20,63.20,31635746.56,19413672.04,156820201.33,185707461.64,342527662.97,61.96,62.36,19935416.07,5549505.64,154531224.98,184345244.84,97.00,93.00
1630.00,16.00,20577196.30,7170581.47,147483864.86,175752142.80,323236007.66,63.12,63.13,31435169.46,19176000.61,156780961.74,185684109.36,342465071.10,61.92,62.29,20119278.40,5767371.11,154567194.60,184366651.11,97.00,93.00
1631.00,16.00,20877266.00,7526145.46,147542568.54,175787078.57,323329647.11,63.26,62.94,30967156.24,18621433.96,156689402.68,185629620.68,342319023.36,62.05,62.06,21840898.46,7807384.16,154904001.12,184567091.58,97.00,93.00
1632.00,16.00,20649626.92,7256407.26,147498034.71,175760575.57,323258610.28,63.13,63.05,31251307.13,18958135.14,156744992.11,185662703.09,342407695.20,61.92,62.17,20754439.20,6519997.28,154691453.32,184440600.02,97.00,93.00
1633.00,16.00,19165993.17,5498393.23,147207786.28,175587842.78,322795629.06,63.21,63.09,29362539.49,16720062.56,156375485.92,185442802.38,341818288.30,62.00,62.22,19300255.27,4796879.46,154406966.26,184271295.93,97.00,93.00
1634.00,16.00,21309461.88,8038270.79,147627120.52,175837397.19,323464517.71,63.27,63.01,32020185.99,19869208.93,156895410.55,185752220.20,342647630.75,62.06,62.14,21423029.52,7312235.36,154822251.97,184518440.98,97.00,93.00
1635.00,16.00,21476609.46,8236330.31,147659820.18,175856857.43,323516677.61,63.28,63.09,32254192.60,20146492.26,156941190.08,185779464.53,342720654.61,62.06,62.22,21707180.40,7648936.55,154877841.40,184551523.39,97.00,93.00
1636.00,16.00,19427061.77,5807743.34,147258860.04,175618237.82,322877097.86,63.06,63.09,30382139.72,17928225.64,156574953.86,185561509.84,342136463.70,61.86,62.21,19049533.90,4499790.18,154357916.77,184242105.57,97.00,93.00
1637.00,16.00,19943627.38,6419841.57,147359917.57,175678379.23,323038296.80,63.26,63.05,30348710.20,17888613.73,156568413.93,185557617.80,342126031.73,62.06,62.18,20018989.86,5648535.40,154547574.81,184354974.96,97.00,93.00
1638.00,16.00,18919251.51,5206019.65,147159515.35,175559115.76,322718631.11,63.20,63.22,29730264.16,17155793.51,156447425.18,185485614.91,341933040.09,61.99,62.33,18815527.29,4222506.85,154312137.24,184214861.24,97.00,93.00
1639.00,16.00,22403084.61,9334145.94,147841069.74,175964722.76,323805792.50,63.28,63.08,32722205.82,20701058.92,157032749.13,185833953.20,342866702.33,62.07,62.20,22542918.29,8639234.15,155041339.71,184648824.59,97.00,93.00
1640.00,16.00,20044711.87,6539620.42,147379693.08,175690148.04,323069841.12,63.28,62.95,30749864.39,18363956.58,156646893.12,185604322.37,342251215.49,62.10,62.08,20035704.62,5668341.35,154550844.77,184356920.99,97.00,93.00
1641.00,16.00,18063615.10,4192143.54,146992124.22,175459497.86,322451622.08,63.09,63.13,28192506.44,15333645.92,156146588.29,185306580.70,341453168.99,61.87,62.31,18247225.53,3549104.48,154200958.39,184148696.42,97.00,93.00
1642.00,16.00,21657288.03,8450423.22,147695166.96,175877893.02,323573059.98,63.16,63.12,32187333.56,20067268.45,156928110.22,185771680.44,342699790.66,61.94,62.26,21974616.52,7965831.78,154930160.85,184582659.77,97.00,93.00
1643.00,16.00,21270460.78,7992056.90,147619490.60,175832856.46,323452347.06,63.17,63.11,31201162.85,18898717.28,156735182.21,185656865.02,342392047.23,61.96,62.26,21723895.16,7668742.50,154881111.36,184553469.41,97.00,93.00
1644.00,16.00,19860849.53,6321754.95,147343723.45,175668741.77,323012465.22,63.20,63.20,30031129.80,17512300.64,156506284.57,185520643.34,342026927.91,61.98,62.34,19851842.28,5450475.88,154514875.14,184335514.72,97.00,93.00
1645.00,16.00,19466858.81,5854900.37,147266645.67,175622871.21,322889516.88,63.24,62.99,29579831.34,16977539.94,156417995.48,185468100.69,341886096.17,62.01,62.12,19667979.94,5232610.40,154478905.52,184314108.46,97.00,93.00
1646.00,16.00,20373435.44,6929137.48,147444002.41,175728419.84,323172422.25,63.29,63.09,30883582.45,18522404.20,156673052.85,185619890.56,342292943.41,62.05,62.22,20687580.17,6440773.48,154678373.46,184432815.92,97.00,93.00
1647.00,16.00,20136245.07,6648081.59,147397600.03,175700804.84,323098404.87,63.09,63.09,30582716.81,18165897.06,156614193.46,185584862.13,342199055.59,61.89,62.22,19634550.43,5192998.50,154472365.58,184310216.41,97.00,93.00
1648.00,16.00,18772798.39,5032481.79,147130864.22,175542064.88,322672929.10,63.27,63.08,29496257.55,16878510.18,156401645.65,185458370.57,341860016.22,62.04,62.17,18765383.02,4163089.00,154302327.34,184209023.16,97.00,93.00
1649.00,16.00,21260909.49,7980739.22,147617622.05,175831744.45,323449366.50,63.17,63.07,31619031.80,19393866.08,156816931.36,185705515.62,342522446.98,61.97,62.22,21590177.09,7510294.88,154854951.63,184537901.22,97.00,93.00
1650.00,16.00,19861645.48,6322698.09,147343879.16,175668834.44,323012713.60,63.21,63.17,31000585.76,18661045.86,156695942.61,185633512.73,342329455.34,61.99,62.29,19367114.30,4876103.27,154420046.12,184279080.03,97.00,93.00
1651.00,16.00,19396816.02,5771904.00,147252942.96,175614716.44,322867659.40,63.09,63.17,30248421.66,17769778.02,156548794.13,185545941.65,342094735.78,61.89,62.29,18815527.29,4222506.85,154312137.24,184214861.24,97.00,93.00
1652.00,16.00,19472430.40,5861502.35,147267735.66,175623519.88,322891255.54,63.14,63.09,30081274.08,17571718.50,156516094.47,185526481.41,342042575.88,61.93,62.24,20018989.86,5648535.40,154547574.81,184354974.96,97.00,93.00
1653.00,16.00,18690020.54,4934395.17,147114670.10,175532427.43,322647097.53,63.22,63.04,28994814.82,16284331.62,156303546.67,185399989.85,341703536.52,62.00,62.15,19450688.09,4975133.03,154436395.96,184288810.15,97.00,93.00
1654.00,16.00,19520982.79,5919033.93,147277234.13,175629172.62,322906406.75,63.23,63.11,30248421.66,17769778.02,156548794.13,185545941.65,342094735.78,62.01,62.25,19199966.72,4678043.75,154387346.46,184259619.79,97.00,93.00
1655.00,16.00,18654999.15,4892896.99,147107818.74,175528350.04,322636168.78,63.35,62.92,29178677.15,16502197.09,156339516.30,185421396.12,341760912.42,62.16,62.05,18999389.63,4440372.32,154348106.87,184236267.50,97.00,93.00
1656.00,16.00,18807023.85,5073036.83,147137559.86,175546049.59,322683609.45,63.33,63.00,28861096.75,16125884.00,156277386.94,185384421.66,341661808.60,62.09,62.17,18531376.41,3885805.67,154256547.81,184181778.83,97.00,93.00
1657.00,16.00,20770609.93,7399764.62,147521703.04,175774661.08,323296364.12,63.25,63.10,30482428.27,18047061.35,156594573.66,185573185.99,342167759.65,62.02,62.23,21456459.03,7351847.27,154828791.90,184522333.03,97.00,93.00
1658.00,16.00,20953676.32,7616686.96,147557516.95,175795974.68,323353491.63,63.20,63.11,31535458.01,19294836.32,156800581.53,185695785.50,342496367.03,61.98,62.25,21122163.87,6955728.23,154763392.58,184483412.55,97.00,93.00
1659.00,16.00,20630524.34,7233771.88,147494297.61,175758351.55,323252649.16,63.10,63.19,31034015.27,18700657.76,156702482.55,185637404.78,342339887.33,61.87,62.34,20470288.32,6183296.10,154635863.89,184407517.61,97.00,93.00
1660.00,16.00,19603760.64,6017120.55,147293428.25,175638810.07,322932238.32,63.11,63.08,30766579.15,18383762.53,156650163.09,185606268.40,342256431.49,61.90,62.22,19734838.97,5311834.21,154491985.38,184321892.56,97.00,93.00
1661.00,16.00,19731907.12,6168966.18,147318497.99,175653729.59,322972227.58,63.15,63.13,30198277.38,17710360.16,156538984.23,185540103.58,342079087.81,61.94,62.24,19968845.58,5589117.54,154537764.91,184349136.89,97.00,93.00
1662.00,16.00,19566351.42,5972792.94,147286109.76,175634454.68,322920564.44,63.23,62.98,29696834.65,17116181.60,156440885.25,185481722.86,341922608.11,62.02,62.11,19484117.61,5014744.93,154442935.89,184292702.20,97.00,93.00
1663.00,16.00,19731907.12,6168966.18,147318497.99,175653729.59,322972227.58,63.35,63.03,30816723.42,18443180.39,156659972.99,185612106.47,342272079.46,62.12,62.17,19868557.04,5470281.83,154518145.11,184337460.75,97.00,93.00
1664.00,16.00,20154551.71,6669773.82,147401181.43,175702936.20,323104117.63,63.13,63.20,30448998.75,18007449.44,156588033.73,185569293.94,342157327.67,61.93,62.33,20737724.44,6500191.33,154688183.35,184438654.00,97.00,93.00
1665.00,16.00,20304984.53,6848027.39,147430611.12,175720450.41,323151061.53,63.14,63.02,30933726.73,18581822.05,156682862.75,185625728.64,342308591.39,61.90,62.14,21138878.63,6975534.18,154766662.54,184485358.57,97.00,93.00
1666.00,16.00,21650920.51,8442878.10,147693921.26,175877151.68,323571072.94,63.21,63.12,32153904.05,20027656.55,156921570.28,185767788.39,342689358.67,62.01,62.23,22158478.86,8183697.25,154966130.48,184604066.04,97.00,93.00
1667.00,16.00,20172858.35,6691466.05,147404762.82,175705067.56,323109830.38,63.17,63.16,31301451.40,19017553.00,156754802.01,185668541.16,342423343.17,61.97,62.30,20035704.62,5668341.35,154550844.77,184356920.99,97.00,93.00
1668.00,16.00,20246880.85,6779178.13,147419244.10,175713685.66,323132929.76,63.23,63.04,30683005.36,18284732.77,156633813.26,185596538.28,342230351.54,62.03,62.19,20487003.08,6203102.05,154639133.86,184409463.64,97.00,93.00
1669.00,16.00,19496308.63,5889796.57,147272407.04,175626299.92,322898706.96,63.30,62.92,30031129.80,17512300.64,156506284.57,185520643.34,342026927.91,62.09,62.06,19918701.31,5529699.68,154527955.01,184343298.82,97.00,93.00
1670.00,16.00,20765834.28,7394105.78,147520768.76,175774105.07,323294873.83,63.19,63.18,32003471.23,19849402.98,156892140.59,185750274.17,342642414.76,61.94,62.34,20838012.99,6619027.04,154707803.15,184450330.14,97.00,93.00
1671.00,16.00,20075753.56,6576402.91,147385765.87,175693762.08,323079527.95,63.19,63.05,30866867.70,18502598.24,156669782.88,185617944.54,342287727.42,61.98,62.16,20687580.17,6440773.48,154678373.46,184432815.92,97.00,93.00
1672.00,16.00,19509043.68,5904886.82,147274898.44,175627782.60,322902681.04,63.22,63.18,29713549.40,17135987.56,156444155.21,185483668.88,341927824.09,62.02,62.30,20186137.44,5846594.92,154580274.47,184374435.20,97.00,93.00
1673.00,16.00,22380798.26,9307738.00,147836709.78,175962128.06,323798837.84,63.24,62.97,32872638.64,20879312.48,157062178.83,185851467.42,342913646.25,62.00,62.11,22927357.72,9094771.04,155116548.93,184693583.14,97.00,93.00
1674.00,16.00,20592319.18,7188501.14,147486823.40,175753903.49,323240726.89,63.21,63.02,31251307.13,18958135.14,156744992.11,185662703.09,342407695.20,61.98,62.15,21055304.84,6876504.42,154750312.71,184475628.45,97.00,93.00
1675.00,16.00,21961337.44,8810702.92,147754649.20,175913292.12,323667941.32,63.26,63.06,32003471.23,19849402.98,156892140.59,185750274.17,342642414.76,62.03,62.19,22425914.99,8500592.48,155018449.94,184635202.42,97.00,93.00
1676.00,16.00,18786329.39,5048515.18,147133511.33,175543640.23,322677151.56,63.15,63.11,29780408.44,17215211.36,156457235.08,185491452.98,341948688.06,61.93,62.22,18481232.14,3826387.81,154246737.91,184175940.76,97.00,93.00
1677.00,16.00,20771405.87,7400707.76,147521858.75,175774753.75,323296612.50,63.17,63.11,31752749.86,19552313.70,156843091.09,185721083.81,342564174.90,61.96,62.24,20503717.83,6222908.00,154642403.83,184411409.66,97.00,93.00
1678.00,16.00,20893184.82,7545008.27,147545682.79,175788931.92,323334614.71,63.13,62.94,31334880.91,19057164.90,156761341.94,185672433.21,342433775.15,61.93,62.03,21322740.97,7193399.65,154802632.17,184506764.84,97.00,93.00
1679.00,16.00,19930096.39,6403808.18,147357270.45,175676803.87,323034074.32,63.27,63.12,29897411.74,17353853.03,156480124.84,185505075.15,341985199.99,62.04,62.27,20102563.65,5747565.16,154563924.64,184364705.08,97.00,93.00
1680.00,16.00,19469246.64,5857729.79,147267112.81,175623149.21,322890262.02,63.15,63.14,29947556.01,17413270.88,156489934.74,185510913.22,342000847.96,61.93,62.30,18782097.78,4182894.95,154305597.31,184210969.19,97.00,93.00
1681.00,16.00,19957158.38,6435874.96,147362564.68,175679954.58,323042519.26,63.14,63.09,30231706.90,17749972.07,156545524.17,185543995.63,342089519.80,61.93,62.22,19651265.18,5212804.45,154475635.55,184312162.44,97.00,93.00
1682.00,16.00,20983126.13,7651583.16,147563278.32,175799403.39,323362681.71,63.20,62.96,31385025.19,19116582.76,156771151.84,185678271.28,342449423.12,61.99,62.10,21606891.85,7530100.84,154858221.60,184539847.24,97.00,93.00
1683.00,16.00,20371843.56,6927251.20,147443690.99,175728234.51,323171925.50,63.24,63.03,30666290.60,18264926.82,156630543.29,185594592.25,342225135.54,62.00,62.16,21105449.12,6935922.28,154760122.61,184481466.52,97.00,93.00
1684.00,16.00,22008297.95,8866348.21,147763836.25,175918759.52,323682595.77,63.20,63.11,32120474.53,19988044.64,156915030.35,185763896.34,342678926.69,61.98,62.23,22542918.29,8639234.15,155041339.71,184648824.59,97.00,93.00
1685.00,16.00,19998547.30,6484918.27,147370661.74,175684773.31,323055435.05,63.16,62.98,30749864.39,18363956.58,156646893.12,185604322.37,342251215.49,61.97,62.11,20119278.40,5767371.11,154567194.60,184366651.11,97.00,93.00
1686.00,16.00,20372639.50,6928194.34,147443846.70,175728327.18,323172173.88,63.23,63.17,31134303.82,18819493.48,156722102.34,185649080.92,342371183.26,62.00,62.31,20186137.44,5846594.92,154580274.47,184374435.20,97.00,93.00
1687.00,16.00,19675395.32,6102003.20,147307442.39,175647150.17,322954592.56,63.11,63.18,31100874.31,18779881.57,156715562.41,185645188.88,342360751.29,61.88,62.33,19066248.66,4519596.13,154361186.73,184244051.60,97.00,93.00
1688.00,16.00,20897164.52,7549723.97,147546461.35,175789395.26,323335856.61,63.20,63.13,31836323.65,19651343.46,156859440.92,185730813.93,342590254.85,61.97,62.27,21991331.28,7985637.73,154933430.82,184584605.80,97.00,93.00
1689.00,16.00,19201014.57,5539891.42,147214637.64,175591920.16,322806557.80,63.29,62.97,29629975.62,17036957.80,156427805.38,185473938.76,341901744.14,62.06,62.09,19383829.06,4895909.22,154423316.09,184281026.05,97.00,93.00
1690.00,16.00,19385672.85,5758700.03,147250762.98,175613419.09,322864182.07,63.26,63.22,30582716.81,18165897.06,156614193.46,185584862.13,342199055.59,62.05,62.37,19316970.03,4816685.41,154410236.23,184273241.96,97.00,93.00
1691.00,16.00,19399203.84,5774733.42,147253410.09,175614994.44,322868404.53,63.20,63.12,30031129.80,17512300.64,156506284.57,185520643.34,342026927.91,61.98,62.23,19534261.88,5074162.79,154452745.79,184298540.27,97.00,93.00
1692.00,16.00,18901740.81,5185270.56,147156089.67,175557077.06,322713166.73,63.22,63.16,29863982.22,17314241.12,156473584.91,185501183.10,341974768.01,61.99,62.28,19233396.24,4717655.65,154393886.39,184263511.84,97.00,93.00
1693.00,16.00,19585454.00,5995428.31,147289846.86,175636678.71,322926525.57,63.37,63.06,30616146.33,18205508.96,156620733.39,185588754.18,342209487.57,62.14,62.18,20035704.62,5668341.35,154550844.77,184356920.99,97.00,93.00
1694.00,16.00,20129081.60,6639593.32,147396198.62,175699970.83,323096169.45,63.30,63.06,30933726.73,18581822.05,156682862.75,185625728.64,342308591.39,62.07,62.17,19651265.18,5212804.45,154475635.55,184312162.44,97.00,93.00
1695.00,16.00,21890498.70,8726763.41,147740790.77,175905044.69,323645835.46,63.16,63.00,32254192.60,20146492.26,156941190.08,185779464.53,342720654.61,61.92,62.11,22242052.65,8282727.01,154982480.31,184613796.16,97.00,93.00
1696.00,16.00,21631021.98,8419299.58,147690028.44,175874834.98,323564863.42,63.23,63.07,32387910.66,20304939.88,156967349.81,185795032.72,342762382.53,62.00,62.20,21857613.22,7827190.12,154907271.09,184569037.60,97.00,93.00
1697.00,16.00,17971285.96,4082739.23,146974061.55,175448748.39,322422809.94,63.26,63.13,27808067.01,14878109.03,156071379.07,185261822.15,341333201.22,62.05,62.27,18865671.57,4281924.71,154321947.14,184220699.31,97.00,93.00
1698.00,16.00,19806725.56,6257621.39,147333134.99,175662440.36,322995575.35,63.21,62.96,30081274.08,17571718.50,156516094.47,185526481.41,342042575.88,62.01,62.09,20252996.47,5925818.72,154593354.33,184382219.30,97.00,93.00
1699.00,16.00,22228773.56,9127598.15,147806968.66,175944428.51,323751397.17,63.22,63.16,33374081.37,21473491.04,157160277.82,185909848.14,343070125.96,61.99,62.30,22108334.59,8124279.40,154956320.58,184598227.96,97.00,93.00
1700.00,16.00,18963824.20,5258835.53,147168235.26,175564305.15,322732540.41,63.15,63.01,29947556.01,17413270.88,156489934.74,185510913.22,342000847.96,61.94,62.16,18380943.59,3707552.10,154227118.12,184164264.61,97.00,93.00
1701.00,17.00,19350651.45,5717201.84,147243911.62,175609341.71,322853253.33,63.55,63.38,29028244.33,16323943.52,156310086.60,185403881.90,341713968.50,62.38,62.52,20269711.22,5945624.68,154596624.30,184384165.32,97.00,93.00
1702.00,17.00,19398407.90,5773790.28,147253254.38,175614901.78,322868156.16,63.43,63.42,28894526.27,16165495.91,156283926.87,185388313.71,341672240.58,62.23,62.58,20520432.59,6242713.96,154645673.79,184413355.68,97.00,93.00
1703.00,17.00,18574609.12,4797639.79,147092091.76,175518990.59,322611082.35,63.61,63.27,28175791.68,15313839.97,156143318.32,185304634.68,341447953.00,62.37,62.40,19484117.61,5014744.93,154442935.89,184292702.20,97.00,93.00
1704.00,17.00,19092766.61,5411624.30,147193460.71,175579317.34,322772778.05,63.50,63.30,28058788.38,15175198.31,156120428.56,185291012.51,341411441.07,62.31,62.49,19684694.70,5252416.36,154482175.48,184316054.48,97.00,93.00
1705.00,17.00,19644353.62,6065220.72,147301369.60,175643536.13,322944905.73,63.46,63.36,29061673.85,16363555.43,156316626.53,185407773.95,341724400.48,62.26,62.47,20219566.95,5886206.82,154586814.40,184378327.25,97.00,93.00
1706.00,17.00,20660770.09,7269611.23,147500214.69,175761872.92,323262087.61,63.46,63.42,29847267.47,17294435.17,156470314.94,185499237.08,341969552.02,62.25,62.61,21790754.19,7747966.31,154894191.23,184561253.51,97.00,93.00
1707.00,17.00,18266580.01,4432644.39,147031830.95,175483128.15,322514959.10,63.56,63.34,27490486.61,14501795.94,156009249.71,185224847.69,341234097.40,62.35,62.53,19534261.88,5074162.79,154452745.79,184298540.27,97.00,93.00
1708.00,17.00,19230464.38,5574787.62,147220399.01,175595348.87,322815747.88,63.66,63.18,28576945.87,15789182.82,156221797.51,185351339.25,341573136.76,62.47,62.37,20587291.62,6321937.76,154658753.66,184421139.78,97.00,93.00
1709.00,17.00,18987702.42,5287129.74,147172906.64,175567085.19,322739991.83,63.54,63.39,28510086.84,15709959.01,156208717.65,185343555.16,341552272.81,62.35,62.54,20620721.14,6361549.67,154665293.59,184425031.83,97.00,93.00
1710.00,17.00,18465565.23,4668429.53,147070759.12,175506295.10,322577054.22,63.59,63.44,28242650.71,15393063.78,156156398.19,185312418.77,341468816.96,62.42,62.60,19868557.04,5470281.83,154518145.11,184337460.75,97.00,93.00
1711.00,17.00,18399502.13,4590148.86,147057834.97,175498603.68,322556438.65,63.34,63.32,28159076.93,15294034.02,156140048.36,185302688.65,341442737.01,62.16,62.49,19250111.00,4737461.60,154397156.36,184265457.86,97.00,93.00
1712.00,17.00,19587841.82,5998257.73,147290314.00,175636956.72,322927270.72,63.43,63.49,29145247.64,16462585.19,156332976.36,185417504.07,341750480.43,62.22,62.67,20587291.62,6321937.76,154658753.66,184421139.78,97.00,93.00
1713.00,17.00,19428653.65,5809629.62,147259171.46,175618423.15,322877594.61,63.47,63.49,28610375.39,15828794.72,156228337.44,185355231.30,341583568.74,62.27,62.68,20754439.20,6519997.28,154691453.32,184440600.02,97.00,93.00
1714.00,17.00,20063018.51,6561312.66,147383274.47,175692279.40,323075553.87,63.48,63.48,29696834.65,17116181.60,156440885.25,185481722.86,341922608.11,62.25,62.66,21423029.52,7312235.36,154822251.97,184518440.98,97.00,93.00
1715.00,17.00,18354929.45,4537332.99,147049115.06,175493414.28,322542529.34,63.60,63.46,28008644.10,15115780.45,156110618.66,185285174.44,341395793.10,62.40,62.59,19266825.75,4757267.56,154400426.33,184267403.88,97.00,93.00
1716.00,17.00,20390946.14,6949886.57,147447428.09,175730458.54,323177886.63,63.50,63.47,30064559.32,17551912.55,156512824.51,185524535.39,342037359.90,62.30,62.63,22158478.86,8183697.25,154966130.48,184604066.04,97.00,93.00
1717.00,17.00,19023519.76,5329571.07,147179913.71,175571255.24,322751168.95,63.56,63.36,28476657.32,15670347.11,156202177.71,185339663.11,341541840.82,62.36,62.55,20537147.35,6262519.91,154648943.76,184415301.71,97.00,93.00
1718.00,17.00,18709919.07,4957973.68,147118562.92,175534744.12,322653307.04,63.49,63.50,27824781.77,14897914.98,156074649.03,185263768.17,341338417.20,62.29,62.64,19183251.97,4658237.80,154384076.50,184257673.76,97.00,93.00
1719.00,17.00,19726335.53,6162364.19,147317408.00,175653080.91,322970488.91,63.54,63.43,29161962.40,16482391.14,156336246.33,185419450.09,341755696.42,62.36,62.59,20971731.05,6777474.66,154733962.88,184465898.33,97.00,93.00
1720.00,17.00,19913381.63,6384002.23,147354000.48,175674857.85,323028858.33,63.30,63.51,29195391.91,16522003.04,156342786.26,185423342.14,341766128.40,62.11,62.68,21255881.94,7114175.84,154789552.31,184498980.74,97.00,93.00
1721.00,17.00,19006009.06,5308821.98,147176488.03,175569216.55,322745704.58,63.56,63.29,28342939.26,15511899.49,156176017.98,185324094.92,341500112.90,62.37,62.47,20904872.02,6698250.85,154720883.02,184458114.24,97.00,93.00
1722.00,17.00,18172658.99,4321353.80,147013456.86,175472193.35,322485650.21,63.53,63.40,27741207.98,14798885.22,156058299.20,185254038.05,341312337.25,62.32,62.56,19233396.24,4717655.65,154393886.39,184263511.84,97.00,93.00
1723.00,17.00,17977653.48,4090284.36,146975307.25,175449489.74,322424796.99,63.56,63.38,27891640.80,14977138.79,156087728.90,185271552.27,341359281.17,62.35,62.53,18765383.02,4163089.00,154302327.34,184209023.16,97.00,93.00
1724.00,17.00,19135747.42,5462553.89,147201869.20,175584321.40,322786190.60,63.43,63.40,28727378.69,15967436.39,156251227.21,185368853.47,341620080.68,62.22,62.57,20971731.05,6777474.66,154733962.88,184465898.33,97.00,93.00
1725.00,17.00,18969395.78,5265437.51,147169325.25,175564953.83,322734279.08,63.52,63.37,28877811.51,16145689.96,156280656.90,185386367.68,341667024.58,62.32,62.52,20553862.11,6282325.86,154652213.73,184417247.73,97.00,93.00
1726.00,17.00,19314038.17,5673817.38,147236748.84,175605078.99,322841827.83,63.45,63.38,29228821.43,16561614.95,156349326.19,185427234.19,341776560.38,62.27,62.55,19885271.79,5490087.78,154521415.08,184339406.77,97.00,93.00
1727.00,17.00,19164401.29,5496506.95,147207474.85,175587657.44,322795132.29,63.41,63.44,28593660.63,15808988.77,156225067.48,185353285.28,341578352.76,62.24,62.59,19918701.31,5529699.68,154527955.01,184343298.82,97.00,93.00
1728.00,17.00,17578091.18,3616827.79,146897139.49,175402970.50,322300109.99,63.51,63.48,27373483.31,14363154.28,155986359.94,185211225.52,341197585.46,62.33,62.64,18614950.20,3984835.43,154272897.64,184191508.95,97.00,93.00
1729.00,17.00,18773594.33,5033424.93,147131019.93,175542157.55,322673177.48,63.53,63.40,28326224.50,15492093.54,156172748.02,185322148.89,341494896.91,62.32,62.57,20186137.44,5846594.92,154580274.47,184374435.20,97.00,93.00
1730.00,17.00,18105799.96,4242129.99,147000376.99,175464409.25,322464786.24,63.48,63.30,27490486.61,14501795.94,156009249.71,185224847.69,341234097.40,62.29,62.46,18882386.32,4301730.66,154325217.10,184222645.33,97.00,93.00
1731.00,17.00,18878658.53,5157919.49,147151574.00,175554389.70,322705963.70,63.55,63.26,28894526.27,16165495.91,156283926.87,185388313.71,341672240.58,62.35,62.40,20152707.92,5806983.01,154573734.54,184370543.16,97.00,93.00
1732.00,17.00,19288568.06,5643636.88,147231766.03,175602113.62,322833879.65,63.53,63.45,29044959.09,16343749.48,156313356.57,185405827.92,341719184.49,62.33,62.63,20637435.90,6381355.62,154668563.56,184426977.85,97.00,93.00
1733.00,17.00,19236831.91,5582332.74,147221644.71,175596090.21,322817734.92,63.52,63.30,29446113.28,16819092.32,156391835.75,185452532.50,341844368.25,62.32,62.45,19835127.52,5430669.92,154511605.18,184333568.70,97.00,93.00
1734.00,17.00,19114257.02,5437089.09,147197664.96,175581819.37,322779484.33,63.41,63.27,28944670.54,16224913.76,156293736.77,185394151.78,341687888.55,62.21,62.48,19868557.04,5470281.83,154518145.11,184337460.75,97.00,93.00
1735.00,17.00,18339806.57,4519413.32,147046156.52,175491653.59,322537810.11,63.60,63.37,27674348.95,14719661.41,156045219.34,185246253.96,341291473.30,62.41,62.54,19835127.52,5430669.92,154511605.18,184333568.70,97.00,93.00
1736.00,17.00,18644651.92,4880636.16,147105794.48,175527145.36,322632939.84,63.59,63.33,28911241.03,16185301.86,156287196.84,185390259.73,341677456.57,62.43,62.50,19450688.09,4975133.03,154436395.96,184288810.15,97.00,93.00
1737.00,17.00,19653108.97,6075595.26,147303082.44,175644555.48,322947637.92,63.43,63.40,28844382.00,16106078.05,156274116.97,185382475.64,341656592.61,62.22,62.56,20888157.26,6678444.90,154717613.05,184456168.21,97.00,93.00
1738.00,17.00,20940941.27,7601596.71,147555025.55,175794491.99,323349517.54,63.46,63.46,30582716.81,18165897.06,156614193.46,185584862.13,342199055.59,62.27,62.60,22643206.84,8758069.86,155060959.50,184660500.73,97.00,93.00
1739.00,17.00,17699074.19,3760185.16,146920807.82,175417056.00,322337863.82,63.49,63.42,27373483.31,14363154.28,155986359.94,185211225.52,341197585.46,62.27,62.59,19066248.66,4519596.13,154361186.73,184244051.60,97.00,93.00
1740.00,17.00,19130971.78,5456895.05,147200934.92,175583765.39,322784700.31,63.50,63.45,29095103.36,16403167.33,156323166.46,185411666.00,341734832.46,62.30,62.62,20938301.54,6737862.76,154727422.95,184462006.28,97.00,93.00
1741.00,17.00,18397114.31,4587319.44,147057367.83,175498325.67,322555693.50,63.48,63.38,27457057.10,14462184.04,156002709.77,185220955.64,341223665.41,62.28,62.52,20336570.26,6024848.48,154609704.17,184391949.42,97.00,93.00
1742.00,17.00,17469843.22,3488560.67,146875962.57,175390367.67,322266330.24,63.57,63.31,26537745.41,13372856.68,155822861.63,185113924.32,340936785.95,62.36,62.50,19082963.42,4539402.08,154364456.70,184245997.62,97.00,93.00
1743.00,17.00,18268171.89,4434530.67,147032142.38,175483313.49,322515455.87,63.54,63.51,28376368.78,15551511.40,156182557.92,185327986.96,341510544.88,62.34,62.67,19450688.09,4975133.03,154436395.96,184288810.15,97.00,93.00
1744.00,17.00,19321201.64,5682305.64,147238150.25,175605913.00,322844063.25,63.43,63.49,29078388.61,16383361.38,156319896.50,185409719.97,341729616.47,62.23,62.65,20052419.37,5688147.30,154554114.74,184358867.01,97.00,93.00
1745.00,17.00,20684648.31,7297905.44,147504886.07,175764652.96,323269539.03,63.54,63.48,30131418.35,17631136.36,156525904.37,185532319.48,342058223.85,62.33,62.65,22108334.59,8124279.40,154956320.58,184598227.96,97.00,93.00
1746.00,17.00,18931986.56,5221109.90,147162006.75,175560598.44,322722605.19,63.57,63.31,28660519.66,15888212.58,156238147.34,185361069.37,341599216.71,62.36,62.48,20604006.38,6341743.72,154662023.62,184423085.80,97.00,93.00
1747.00,17.00,17886916.23,3982766.33,146957556.01,175438925.61,322396481.62,63.52,63.26,27457057.10,14462184.04,156002709.77,185220955.64,341223665.41,62.32,62.43,18380943.59,3707552.10,154227118.12,184164264.61,97.00,93.00
1748.00,17.00,22185792.76,9076668.56,147798560.18,175939424.45,323737984.63,63.47,63.43,31719320.35,19512701.80,156836551.16,185717191.76,342553742.92,62.28,62.62,23829954.64,10164292.45,155293127.11,184798668.44,97.00,93.00
1749.00,17.00,18413829.07,4607125.39,147060637.80,175500271.70,322560909.50,63.52,63.27,27674348.95,14719661.41,156045219.34,185246253.96,341291473.30,62.31,62.47,19918701.31,5529699.68,154527955.01,184343298.82,97.00,93.00
1750.00,17.00,19740662.47,6179340.72,147320210.83,175654748.93,322974959.76,63.39,63.50,29613260.86,17017151.84,156424535.42,185471992.74,341896528.16,62.19,62.64,19952130.83,5569311.59,154534494.94,184347190.87,97.00,93.00
1751.00,17.00,19676987.20,6103889.48,147307753.82,175647335.51,322955089.33,63.61,63.45,28560231.11,15769376.87,156218527.55,185349393.23,341567920.78,62.42,62.62,21690465.64,7629130.60,154874571.43,184549577.36,97.00,93.00
1752.00,17.00,19517003.09,5914318.22,147276455.57,175628709.28,322905164.85,63.54,63.44,29980985.53,17452882.79,156496474.67,185514805.27,342011279.94,62.38,62.62,20771153.96,6539803.24,154694723.29,184442546.04,97.00,93.00
1753.00,17.00,20993473.36,7663843.98,147565302.59,175800608.07,323365910.66,63.58,63.32,30315280.69,17849001.83,156561874.00,185553725.75,342115599.75,62.38,62.50,22258767.41,8302532.96,154985750.28,184615742.18,97.00,93.00
1754.00,17.00,18671713.91,4912702.94,147111088.71,175530296.07,322641384.78,63.57,63.39,28693949.18,15927824.48,156244687.28,185364961.42,341609648.70,62.37,62.53,19684694.70,5252416.36,154482175.48,184316054.48,97.00,93.00
1755.00,17.00,19232852.20,5577617.04,147220866.14,175595626.87,322816493.01,63.51,63.41,29028244.33,16323943.52,156310086.60,185403881.90,341713968.50,62.30,62.55,20804583.48,6579415.14,154701263.22,184446438.09,97.00,93.00
1756.00,17.00,18445666.70,4644851.01,147066866.31,175503978.41,322570844.72,63.44,63.37,28543516.36,15749570.92,156215257.58,185347447.20,341562704.78,62.24,62.55,19166537.21,4638431.84,154380806.53,184255727.74,97.00,93.00
1757.00,17.00,20355924.74,6908388.39,147440576.73,175726381.15,323166957.88,63.61,63.51,30482428.27,18047061.35,156594573.66,185573185.99,342167759.65,62.40,62.67,21138878.63,6975534.18,154766662.54,184485358.57,97.00,93.00
1758.00,17.00,19301303.12,5658727.13,147234257.44,175603596.30,322837853.74,63.49,63.42,29362539.49,16720062.56,156375485.92,185442802.38,341818288.30,62.30,62.58,19684694.70,5252416.36,154482175.48,184316054.48,97.00,93.00
1759.00,17.00,18746532.35,5001358.15,147125725.70,175539006.84,322664732.54,63.41,63.51,29078388.61,16383361.38,156319896.50,185409719.97,341729616.47,62.21,62.68,20921586.78,6718056.80,154724152.98,184460060.26,97.00,93.00
1760.00,17.00,18870699.12,5148488.08,147150016.88,175553463.02,322703479.90,63.60,63.21,28911241.03,16185301.86,156287196.84,185390259.73,341677456.57,62.36,62.40,19567691.40,5113774.69,154459285.72,184302432.32,97.00,93.00
1761.00,17.00,17625847.63,3673416.23,146906482.25,175408530.56,322315012.81,63.37,63.63,26738322.51,13610528.10,155862101.23,185137276.61,340999377.84,62.18,62.81,18614950.20,3984835.43,154272897.64,184191508.95,97.00,93.00
1762.00,17.00,20481683.40,7057404.60,147465179.34,175741022.67,323206202.01,63.64,63.33,30499143.02,18066867.30,156597843.63,185575132.01,342172975.64,62.43,62.50,21657036.13,7589518.69,154868031.50,184545685.32,97.00,93.00
1763.00,17.00,19790806.74,6238758.58,147330020.73,175660587.01,322990607.74,63.52,63.27,30064559.32,17551912.55,156512824.51,185524535.39,342037359.90,62.33,62.45,20804583.48,6579415.14,154701263.22,184446438.09,97.00,93.00
1764.00,17.00,18680469.25,4923077.48,147112801.55,175531315.41,322644116.96,63.42,63.47,27925070.32,15016750.69,156094268.83,185275444.32,341369713.15,62.22,62.64,19634550.43,5192998.50,154472365.58,184310216.41,97.00,93.00
1765.00,17.00,16665147.02,2535045.56,146718537.05,175296680.52,322015217.57,63.55,63.38,26504315.90,13333244.77,155816321.70,185110032.28,340926353.98,62.32,62.54,17378058.12,2519194.98,154030920.14,184047503.17,97.00,93.00
1766.00,17.00,17844731.36,3932779.88,146949303.24,175434014.21,322383317.45,63.57,63.29,27908355.56,14996944.74,156090998.86,185273498.29,341364497.15,62.37,62.46,18915815.84,4341342.56,154331757.04,184226537.38,97.00,93.00
1767.00,17.00,18259416.55,4424156.12,147030429.54,175482294.14,322512723.68,63.44,63.45,28593660.63,15808988.77,156225067.48,185353285.28,341578352.76,62.26,62.64,18564805.93,3925417.57,154263087.75,184185670.88,97.00,93.00
1768.00,17.00,17356819.62,3354634.71,146853851.36,175377208.85,322231060.21,63.60,63.29,27106047.18,14046259.04,155934040.48,185180089.14,341114129.62,62.40,62.45,17996504.16,3252015.20,154151908.89,184119506.06,97.00,93.00
1769.00,17.00,20774589.63,7404480.33,147522481.60,175775124.42,323297606.02,63.43,63.44,30014415.05,17492494.69,156503014.61,185518697.32,342021711.93,62.28,62.60,22659921.60,8777875.81,155064229.47,184662446.76,97.00,93.00
1770.00,17.00,20247676.79,6780121.27,147419399.81,175713778.33,323133178.14,63.55,63.34,29278965.70,16621032.80,156359136.09,185433072.26,341792208.35,62.32,62.50,21957901.77,7946025.83,154926890.89,184580713.75,97.00,93.00
1771.00,17.00,18868311.30,5145658.66,147149549.74,175553185.02,322702734.76,63.59,63.24,28593660.63,15808988.77,156225067.48,185353285.28,341578352.76,62.42,62.37,19517547.12,5054356.84,154449475.82,184296594.24,97.00,93.00
1772.00,17.00,19361794.62,5730405.81,147246091.60,175610639.06,322856730.66,63.43,63.40,29329109.97,16680450.66,156368945.99,185438910.33,341807856.32,62.23,62.56,20319855.50,6005042.53,154606434.20,184390003.40,97.00,93.00
1773.00,17.00,19426265.83,5806800.20,147258704.33,175618145.15,322876849.48,63.43,63.56,29228821.43,16561614.95,156349326.19,185427234.19,341776560.38,62.22,62.72,21105449.12,6935922.28,154760122.61,184481466.52,97.00,93.00
1774.00,17.00,20495214.39,7073437.99,147467826.45,175742598.02,323210424.47,63.50,63.37,28877811.51,16145689.96,156280656.90,185386367.68,341667024.58,62.28,62.54,22392485.47,8460980.58,155011910.01,184631310.37,97.00,93.00
1775.00,17.00,18283294.77,4452450.34,147035100.92,175485074.18,322520175.10,63.50,63.49,27390198.06,14382960.23,155989629.91,185213171.55,341202801.46,62.29,62.69,19617835.67,5173192.55,154469095.62,184308270.39,97.00,93.00
1776.00,17.00,16680269.90,2552965.23,146721495.59,175298441.21,322019936.80,63.62,63.25,26621319.20,13471886.44,155839211.46,185123654.44,340962865.90,62.43,62.42,17528490.94,2697448.55,154060349.84,184065017.39,97.00,93.00
1777.00,17.00,18181414.34,4331728.35,147015169.70,175473212.70,322488382.40,63.39,63.38,27691063.71,14739467.36,156048489.30,185248199.98,341296689.28,62.18,62.54,19584406.15,5133580.64,154462555.69,184304378.34,97.00,93.00
1778.00,17.00,20173654.29,6692409.20,147404918.53,175705160.22,323110078.75,63.54,63.36,29278965.70,16621032.80,156359136.09,185433072.26,341792208.35,62.37,62.51,21372885.24,7252817.51,154812442.07,184512602.91,97.00,93.00
1779.00,17.00,18334234.99,4512811.33,147045066.53,175491004.92,322536071.45,63.54,63.40,28576945.87,15789182.82,156221797.51,185351339.25,341573136.76,62.33,62.55,19116392.93,4579013.99,154370996.63,184249889.67,97.00,93.00
1780.00,17.00,17917957.92,4019548.82,146963628.80,175442539.65,322406168.45,63.40,63.48,28660519.66,15888212.58,156238147.34,185361069.37,341599216.71,62.20,62.66,18748668.26,4143283.04,154299057.37,184207077.14,97.00,93.00
1781.00,17.00,18213251.98,4369453.97,147021398.21,175476919.41,322498317.62,63.59,63.40,27156191.45,14105676.90,155943850.38,185185927.21,341129777.59,62.40,62.55,19651265.18,5212804.45,154475635.55,184312162.44,97.00,93.00
1782.00,17.00,17648133.97,3699824.16,146910842.20,175411125.26,322321967.46,63.47,63.52,27440342.34,14442378.08,155999439.81,185219009.62,341218449.43,62.26,62.66,18715238.75,4103671.14,154292517.44,184203185.09,97.00,93.00
1783.00,17.00,20324883.05,6871605.90,147434503.94,175722767.11,323157271.05,63.51,63.24,30081274.08,17571718.50,156516094.47,185526481.41,342042575.88,62.33,62.37,21790754.19,7747966.31,154894191.23,184561253.51,97.00,93.00
1784.00,17.00,19907810.04,6377400.24,147352910.50,175674209.17,323027119.67,63.38,63.47,29262250.94,16601226.85,156355866.13,185431126.24,341786992.37,62.17,62.63,21707180.40,7648936.55,154877841.40,184551523.39,97.00,93.00
1785.00,17.00,20278718.48,6816903.75,147425472.60,175717392.37,323142864.97,63.57,63.43,29312395.22,16660644.71,156365676.03,185436964.31,341802640.34,62.41,62.61,21740609.91,7688548.45,154884381.33,184555415.44,97.00,93.00
1786.00,17.00,19937259.86,6412296.45,147358671.86,175677637.88,323036309.74,63.44,63.40,29512972.31,16898316.13,156404915.62,185460316.60,341865232.22,62.25,62.55,21339455.73,7213205.60,154805902.14,184508710.86,97.00,93.00
1787.00,17.00,20183205.58,6703726.88,147406787.08,175706272.24,323113059.32,63.55,63.48,30448998.75,18007449.44,156588033.73,185569293.94,342157327.67,62.36,62.62,20821298.23,6599221.09,154704533.19,184448384.12,97.00,93.00
1788.00,17.00,16392139.31,2211548.34,146665127.60,175264895.46,321930023.06,63.43,63.34,25852440.34,12560812.64,155688793.02,185034137.34,340722930.36,62.24,62.49,17662209.00,2855896.16,154086509.57,184080585.58,97.00,93.00
1789.00,17.00,21007004.36,7679877.37,147567949.70,175802183.42,323370133.12,63.63,63.39,30933726.73,18581822.05,156682862.75,185625728.64,342308591.39,62.43,62.58,22074905.07,8084667.49,154949780.65,184594335.92,97.00,93.00
1790.00,17.00,18707531.24,4955144.26,147118095.78,175534466.12,322652561.90,63.48,63.39,28510086.84,15709959.01,156208717.65,185343555.16,341552272.81,62.27,62.56,20219566.95,5886206.82,154586814.40,184378327.25,97.00,93.00
1791.00,17.00,19071276.21,5386159.50,147189256.47,175576815.31,322766071.78,63.58,63.25,28911241.03,16185301.86,156287196.84,185390259.73,341677456.57,62.37,62.41,19901986.55,5509893.73,154524685.04,184341352.80,97.00,93.00
1792.00,17.00,19692110.07,6121809.15,147310712.36,175649096.20,322959808.56,63.53,63.44,29412683.76,16779480.42,156385295.82,185448640.45,341833936.27,62.33,62.58,20971731.05,6777474.66,154733962.88,184465898.33,97.00,93.00
1793.00,17.00,18588936.06,4814616.32,147094894.59,175520658.61,322615553.20,63.33,63.38,27741207.98,14798885.22,156058299.20,185254038.05,341312337.25,62.17,62.54,20119278.40,5767371.11,154567194.60,184366651.11,97.00,93.00
1794.00,17.00,19652313.03,6074652.12,147302926.73,175644462.81,322947389.54,63.56,63.38,29964270.77,17433076.84,156493204.71,185512859.24,342006063.95,62.34,62.55,21573462.34,7490488.93,154851681.67,184535955.20,97.00,93.00
1795.00,17.00,19092766.61,5411624.30,147193460.71,175579317.34,322772778.05,63.53,63.42,29178677.15,16502197.09,156339516.30,185421396.12,341760912.42,62.34,62.58,20503717.83,6222908.00,154642403.83,184411409.66,97.00,93.00
1796.00,17.00,19231260.32,5575730.76,147220554.72,175595441.54,322815996.26,63.51,63.41,29964270.77,17433076.84,156493204.71,185512859.24,342006063.95,62.33,62.57,20202852.19,5866400.87,154583544.44,184376381.23,97.00,93.00
1797.00,17.00,21549836.02,8323099.24,147674145.75,175865382.87,323539528.62,63.66,63.43,30883582.45,18522404.20,156673052.85,185619890.56,342292943.41,62.44,62.59,23077790.54,9273024.61,155145978.63,184711097.36,97.00,93.00
1798.00,17.00,20025609.29,6516985.05,147375955.97,175687924.01,323063879.98,63.46,63.54,29312395.22,16660644.71,156365676.03,185436964.31,341802640.34,62.24,62.73,21122163.87,6955728.23,154763392.58,184483412.55,97.00,93.00
1799.00,17.00,18822942.67,5091899.65,147140674.12,175547902.95,322688577.07,63.48,63.46,28576945.87,15789182.82,156221797.51,185351339.25,341573136.76,62.28,62.66,19885271.79,5490087.78,154521415.08,184339406.77,97.00,93.00
1800.00,17.00,19560779.83,5966190.96,147285019.77,175633806.01,322918825.78,63.50,63.42,28927955.79,16205107.81,156290466.80,185392205.76,341682672.56,62.28,62.60,20319855.50,6005042.53,154606434.20,184390003.40,97.00,93.00
1801.00,18.00,18972579.55,5269210.07,147169948.10,175565324.50,322735272.60,63.71,63.47,28058788.38,15175198.31,156120428.56,185291012.51,341411441.07,62.53,62.66,21088734.36,6916116.32,154756852.64,184479520.50,97.00,93.00
1802.00,18.00,18803044.15,5068321.13,147136781.30,175545586.26,322682367.56,63.53,63.55,26972329.12,13887811.43,155907880.75,185164520.95,341072401.70,62.37,62.70,20670865.41,6420967.52,154675103.49,184430869.90,97.00,93.00
1803.00,18.00,17578091.18,3616827.79,146897139.49,175402970.50,322300109.99,63.67,63.63,26888755.33,13788781.67,155891530.92,185154790.83,341046321.75,62.47,62.84,19350399.54,4856297.32,154416776.16,184277134.00,97.00,93.00
1804.00,18.00,18106595.90,4243073.13,147000532.71,175464501.92,322465034.63,63.69,63.57,27039188.15,13967035.24,155920960.62,185172305.04,341093265.66,62.51,62.75,19250111.00,4737461.60,154397156.36,184265457.86,97.00,93.00
1805.00,18.00,16646840.38,2513353.32,146714955.66,175294549.16,322009504.82,63.68,63.66,25451286.16,12085469.80,155610313.83,184987432.76,340597746.59,62.49,62.89,18397658.35,3727358.05,154230388.08,184166210.64,97.00,93.00
1806.00,18.00,17874181.17,3967676.08,146955064.61,175437442.92,322392507.53,63.66,63.62,27273194.76,14244318.56,155966740.15,185199549.38,341166289.53,62.49,62.78,20052419.37,5688147.30,154554114.74,184358867.01,97.00,93.00
1807.00,18.00,18939945.97,5230541.31,147163563.88,175561525.12,322725089.00,63.62,63.67,28660519.66,15888212.58,156238147.34,185361069.37,341599216.71,62.43,62.88,20353285.01,6044654.44,154612974.13,184393895.44,97.00,93.00
1808.00,18.00,17198427.39,3166949.74,146822864.54,175358767.95,322181632.49,63.57,63.65,27039188.15,13967035.24,155920960.62,185172305.04,341093265.66,62.38,62.82,17946359.89,3192597.35,154142099.00,184113667.99,97.00,93.00
1809.00,18.00,17328961.69,3321624.79,146848401.42,175373965.47,322222366.89,63.61,63.51,26521030.66,13353050.72,155819591.67,185111978.30,340931569.97,62.47,62.69,18865671.57,4281924.71,154321947.14,184220699.31,97.00,93.00
1810.00,18.00,18496606.92,4705212.01,147076831.92,175509909.15,322586741.07,63.64,63.61,28225935.96,15373257.83,156153128.22,185310472.75,341463600.97,62.48,62.78,19567691.40,5113774.69,154459285.72,184302432.32,97.00,93.00
1811.00,18.00,19146890.59,5475757.86,147204049.18,175585618.75,322789667.93,63.67,63.65,28593660.63,15808988.77,156225067.48,185353285.28,341578352.76,62.47,62.82,20553862.11,6282325.86,154652213.73,184417247.73,97.00,93.00
1812.00,18.00,18893781.40,5175839.16,147154532.54,175556150.39,322710682.93,63.73,63.57,27122761.94,14066065.00,155937310.45,185182035.16,341119345.61,62.55,62.77,20487003.08,6203102.05,154639133.86,184409463.64,97.00,93.00
1813.00,18.00,20034364.64,6527359.60,147377668.81,175688943.36,323066612.17,63.74,63.60,28259365.47,15412869.73,156159668.15,185314364.80,341474032.95,62.55,62.78,22175193.62,8203503.20,154969400.45,184606012.06,97.00,93.00
1814.00,18.00,18347765.98,4528844.72,147047713.65,175492580.27,322540293.92,63.75,63.57,27172906.21,14125482.85,155947120.35,185187873.24,341134993.59,62.57,62.78,20620721.14,6361549.67,154665293.59,184425031.83,97.00,93.00
1815.00,18.00,17115649.54,3068863.12,146806670.42,175349130.50,322155800.92,63.69,63.64,26203450.26,12976737.64,155757462.31,185075003.84,340832466.15,62.52,62.83,18213796.01,3509492.58,154194418.46,184144804.37,97.00,93.00
1816.00,18.00,16520285.79,2363393.97,146690197.34,175279814.98,321970012.32,63.69,63.56,25317568.09,11927022.18,155584154.10,184971864.57,340556018.67,62.50,62.73,18497946.89,3846193.76,154250007.88,184177886.78,97.00,93.00
1817.00,18.00,19749417.82,6189715.27,147321923.67,175655768.28,322977691.95,63.70,63.40,29212106.67,16541809.00,156346056.23,185425288.16,341771344.39,62.55,62.56,21021875.33,6836892.52,154743772.78,184471736.40,97.00,93.00
1818.00,18.00,17608336.93,3652667.13,146903056.57,175406491.87,322309548.44,63.58,63.58,26771752.02,13650140.00,155868641.16,185141168.66,341009809.82,62.41,62.74,19199966.72,4678043.75,154387346.46,184259619.79,97.00,93.00
1819.00,18.00,18609630.52,4839137.97,147098943.12,175523067.98,322622011.10,63.54,63.74,27089332.42,14026453.09,155930770.52,185178143.12,341108913.64,62.36,62.90,20369999.77,6064460.39,154616244.10,184395841.47,97.00,93.00
1820.00,18.00,20050283.46,6546222.41,147380783.06,175690796.71,323071579.77,63.72,63.61,29462828.04,16838898.28,156395105.72,185454478.52,341849584.24,62.55,62.76,21322740.97,7193399.65,154802632.17,184506764.84,97.00,93.00
1821.00,18.00,17889304.05,3985595.76,146958023.15,175439203.61,322397226.76,63.88,63.61,26938899.60,13848199.52,155901340.82,185160628.90,341061969.72,62.67,62.81,19082963.42,4539402.08,154364456.70,184245997.62,97.00,93.00
1822.00,18.00,17910794.45,4011060.55,146962227.39,175441705.64,322403933.03,63.71,63.60,26955614.36,13868005.48,155904610.79,185162574.92,341067185.71,62.54,62.82,19099678.18,4559208.04,154367726.66,184247943.64,97.00,93.00
1823.00,18.00,18165495.53,4312865.53,147012055.44,175471359.34,322483414.78,63.61,63.65,27039188.15,13967035.24,155920960.62,185172305.04,341093265.66,62.43,62.85,20286425.98,5965430.63,154599894.27,184386111.35,97.00,93.00
1824.00,18.00,19216137.45,5557811.09,147217596.18,175593680.85,322811277.03,63.72,63.54,27874926.04,14957332.84,156084458.93,185269606.24,341354065.17,62.56,62.73,20587291.62,6321937.76,154658753.66,184421139.78,97.00,93.00
1825.00,18.00,17892487.81,3989368.32,146958646.00,175439574.28,322398220.28,63.71,63.70,27256480.00,14224512.61,155963470.18,185197603.36,341161073.54,62.49,62.90,19500832.36,5034550.88,154446205.85,184294648.22,97.00,93.00
1826.00,18.00,18356521.33,4539219.27,147049426.49,175493599.61,322543026.10,63.69,63.47,26704892.99,13570916.20,155855561.29,185133384.56,340988945.85,62.51,62.67,20470288.32,6183296.10,154635863.89,184407517.61,97.00,93.00
1827.00,18.00,17830404.43,3915803.35,146946500.41,175432346.19,322378846.60,63.71,63.63,27340053.79,14323542.37,155979820.01,185207333.48,341187153.49,62.54,62.80,19517547.12,5054356.84,154449475.82,184296594.24,97.00,93.00
1828.00,18.00,18659774.79,4898555.83,147108753.02,175528906.05,322637659.07,63.60,63.67,27640919.43,14680049.51,156038679.40,185242361.91,341281041.31,62.41,62.86,21005160.57,6817086.56,154740502.81,184469790.38,97.00,93.00
1829.00,18.00,16746332.99,2631245.89,146734419.74,175306132.64,322040552.38,63.70,63.71,25835725.59,12541006.69,155685523.05,185032191.32,340717714.37,62.53,62.87,18046648.43,3311433.06,154161718.79,184125344.13,97.00,93.00
1830.00,18.00,19482777.63,5873763.18,147269759.93,175624724.56,322894484.49,63.71,63.47,28744093.45,15987242.34,156254497.17,185370799.49,341625296.66,62.53,62.65,21757324.67,7708354.40,154887651.29,184557361.46,97.00,93.00
1831.00,18.00,18853188.42,5127738.99,147146591.20,175551424.33,322698015.53,63.70,63.66,27941785.07,15036556.64,156097538.80,185277390.34,341374929.14,62.51,62.84,20236281.71,5906012.77,154590084.37,184380273.28,97.00,93.00
1832.00,18.00,17558988.60,3594192.42,146893402.38,175400746.47,322294148.85,63.68,63.43,26103161.71,12857901.92,155737842.51,185063327.70,340801170.21,62.52,62.62,19851842.28,5450475.88,154514875.14,184335514.72,97.00,93.00
1833.00,18.00,17512824.03,3539490.27,146884371.05,175395371.74,322279742.79,63.76,63.66,26704892.99,13570916.20,155855561.29,185133384.56,340988945.85,62.58,62.85,18965960.11,4400760.42,154341566.94,184232375.45,97.00,93.00
1834.00,18.00,18483075.92,4689178.62,147074184.80,175508333.80,322582518.60,63.66,63.71,27624204.67,14660243.56,156035409.44,185240415.88,341275825.32,62.48,62.91,19952130.83,5569311.59,154534494.94,184347190.87,97.00,93.00
1835.00,18.00,18155148.29,4300604.71,147010031.18,175470154.66,322480185.84,63.78,63.65,27189620.97,14145288.80,155950390.32,185189819.26,341140209.58,62.59,62.83,19500832.36,5034550.88,154446205.85,184294648.22,97.00,93.00
1836.00,18.00,18268967.84,4435473.81,147032298.09,175483406.16,322515704.25,63.77,63.56,26955614.36,13868005.48,155904610.79,185162574.92,341067185.71,62.57,62.77,19250111.00,4737461.60,154397156.36,184265457.86,97.00,93.00
1837.00,18.00,18429747.89,4625988.20,147063752.05,175502125.05,322565877.10,63.70,63.52,26788466.78,13669945.96,155871911.13,185143114.68,341015025.81,62.53,62.70,20035704.62,5668341.35,154550844.77,184356920.99,97.00,93.00
1838.00,18.00,20031180.88,6523587.03,147377045.96,175688572.69,323065618.65,63.68,63.48,28376368.78,15551511.40,156182557.92,185327986.96,341510544.88,62.50,62.67,22308911.68,8361950.82,154995560.18,184621580.25,97.00,93.00
1839.00,18.00,16709719.71,2587861.43,146727256.96,175301869.92,322029126.88,63.65,63.47,25902584.62,12620230.50,155698602.92,185039975.41,340738578.33,62.48,62.67,18263940.28,3568910.44,154204228.35,184150642.44,97.00,93.00
1840.00,18.00,17844731.36,3932779.88,146949303.24,175434014.21,322383317.45,63.74,63.50,27055902.91,13986841.19,155924230.59,185174251.07,341098481.66,62.54,62.69,19567691.40,5113774.69,154459285.72,184302432.32,97.00,93.00
1841.00,18.00,16785334.09,2677459.78,146742049.66,175310673.36,322052723.02,63.68,63.72,25702007.52,12382559.08,155659363.32,185016623.12,340675986.44,62.46,62.92,18431087.86,3766969.96,154236928.02,184170102.68,97.00,93.00
1842.00,18.00,16906317.10,2820817.15,146765717.99,175324758.87,322090476.86,63.63,63.66,25501430.43,12144887.65,155620123.73,184993270.84,340613394.57,62.44,62.84,18765383.02,4163089.00,154302327.34,184209023.16,97.00,93.00
1843.00,18.00,17739667.17,3808285.33,146928749.16,175421782.06,322350531.22,63.73,63.57,26955614.36,13868005.48,155904610.79,185162574.92,341067185.71,62.52,62.74,18932530.60,4361148.52,154335027.00,184228483.40,97.00,93.00
1844.00,18.00,19417510.48,5796425.65,147256991.49,175617125.80,322874117.29,63.69,63.73,28008644.10,15115780.45,156110618.66,185285174.44,341395793.10,62.52,62.91,21673750.88,7609324.64,154871301.46,184547631.34,97.00,93.00
1845.00,18.00,17585254.65,3625316.06,146898540.90,175403804.51,322302345.41,63.70,63.65,26554460.17,13392662.63,155826131.60,185115870.35,340942001.95,62.53,62.82,19266825.75,4757267.56,154400426.33,184267403.88,97.00,93.00
1846.00,18.00,15850899.53,1570212.75,146559242.98,175201881.35,321761124.33,63.65,63.62,24916413.90,11451679.33,155505674.91,184925160.00,340430834.91,62.48,62.80,17511776.18,2677642.60,154057079.87,184063071.36,97.00,93.00
1847.00,18.00,16334831.57,2143642.22,146653916.29,175258223.38,321912139.67,63.60,63.73,25534859.94,12184499.56,155626663.66,184997162.88,340623826.54,62.38,62.96,17963074.64,3212403.30,154145368.96,184115614.01,97.00,93.00
1848.00,18.00,18223599.21,4381714.80,147023422.47,175478124.09,322501546.56,63.68,63.58,27757922.74,14818691.17,156061569.17,185255984.08,341317553.25,62.51,62.79,20119278.40,5767371.11,154567194.60,184366651.11,97.00,93.00
1849.00,18.00,18578588.83,4802355.49,147092870.32,175519453.93,322612324.25,63.68,63.62,28459942.57,15650541.16,156198907.75,185337717.08,341536624.83,62.48,62.81,19935416.07,5549505.64,154531224.98,184345244.84,97.00,93.00
1850.00,18.00,18411441.25,4604295.97,147060170.66,175499993.69,322560164.35,63.65,63.59,26671463.48,13531304.29,155849021.36,185129492.52,340978513.88,62.48,62.81,20035704.62,5668341.35,154550844.77,184356920.99,97.00,93.00
1851.00,18.00,17908406.63,4008231.13,146961760.25,175441427.64,322403187.89,63.71,63.62,26771752.02,13650140.00,155868641.16,185141168.66,341009809.82,62.56,62.80,19601120.91,5153386.60,154465825.65,184306324.36,97.00,93.00
1852.00,18.00,16890398.28,2801954.34,146762603.74,175322905.51,322085509.25,63.75,63.40,25819010.83,12521200.74,155682253.09,185030245.29,340712498.38,62.58,62.57,18013218.92,3271821.16,154155178.86,184121452.08,97.00,93.00
1853.00,18.00,18578588.83,4802355.49,147092870.32,175519453.93,322612324.25,63.70,63.56,27323339.03,14303736.42,155976550.05,185205387.45,341181937.50,62.50,62.76,20420144.05,6123878.24,154626054.00,184401679.54,97.00,93.00
1854.00,18.00,17865425.82,3957301.54,146953351.77,175436423.58,322389775.35,63.64,63.63,27440342.34,14442378.08,155999439.81,185219009.62,341218449.43,62.47,62.80,20102563.65,5747565.16,154563924.64,184364705.08,97.00,93.00
1855.00,18.00,17266878.31,3248059.83,146836255.83,175366737.38,322202993.21,63.75,63.59,26069732.20,12818290.02,155731302.58,185059435.65,340790738.23,62.58,62.77,18614950.20,3984835.43,154272897.64,184191508.95,97.00,93.00
1856.00,18.00,18450442.35,4650509.86,147067800.58,175504534.42,322572335.00,63.68,63.45,27072617.67,14006647.14,155927500.55,185176197.09,341103697.64,62.50,62.62,20202852.19,5866400.87,154583544.44,184376381.23,97.00,93.00
1857.00,18.00,16782946.27,2674630.36,146741582.52,175310395.35,322051977.87,63.68,63.60,26320453.56,13115379.30,155780352.07,185088626.01,340868978.08,62.54,62.79,18046648.43,3311433.06,154161718.79,184125344.13,97.00,93.00
1858.00,18.00,17708625.48,3771502.85,146922676.37,175418168.02,322340844.39,63.65,63.68,27022473.39,13947229.28,155917690.65,185170359.02,341088049.67,62.48,62.88,19684694.70,5252416.36,154482175.48,184316054.48,97.00,93.00
1859.00,18.00,18791900.97,5055117.16,147134601.32,175544288.91,322678890.23,63.69,63.57,27757922.74,14818691.17,156061569.17,185255984.08,341317553.25,62.51,62.77,20687580.17,6440773.48,154678373.46,184432815.92,97.00,93.00
1860.00,18.00,19295731.53,5652125.15,147233167.45,175602947.63,322836115.08,63.57,63.59,28526801.60,15729764.96,156211987.61,185345501.18,341557488.79,62.43,62.78,21489888.55,7391459.17,154835331.83,184526225.08,97.00,93.00
1861.00,18.00,19372937.79,5743609.78,147248271.58,175611936.41,322860207.99,63.73,63.58,27824781.77,14897914.98,156074649.03,185263768.17,341338417.20,62.54,62.80,21072019.60,6896310.37,154753582.68,184477574.48,97.00,93.00
1862.00,18.00,16918256.21,2834964.26,146768053.68,175326148.88,322094202.56,63.69,63.55,26537745.41,13372856.68,155822861.63,185113924.32,340936785.95,62.53,62.75,18280655.04,3588716.39,154207498.32,184152588.47,97.00,93.00
1863.00,18.00,18754491.75,5010789.56,147127282.83,175539933.52,322667216.35,63.68,63.76,28042073.62,15155392.36,156117158.59,185289066.48,341406225.07,62.51,62.94,21372885.24,7252817.51,154812442.07,184512602.91,97.00,93.00
1864.00,18.00,20211063.51,6736736.80,147412237.03,175709515.61,323121752.64,63.80,63.60,28727378.69,15967436.39,156251227.21,185368853.47,341620080.68,62.60,62.79,22442629.74,8520398.44,155021719.91,184637148.44,97.00,93.00
1865.00,18.00,18637488.45,4872147.89,147104393.06,175526311.35,322630704.41,63.63,63.60,27640919.43,14680049.51,156038679.40,185242361.91,341281041.31,62.47,62.79,20503717.83,6222908.00,154642403.83,184411409.66,97.00,93.00
1866.00,18.00,17061525.57,3004729.56,146796081.96,175342829.09,322138911.05,63.70,63.62,25986158.41,12719260.26,155714952.75,185049705.53,340764658.28,62.52,62.80,18832242.05,4242312.80,154315407.21,184216807.26,97.00,93.00
1867.00,18.00,18941537.85,5232427.59,147163875.31,175561710.45,322725585.76,63.68,63.51,28192506.44,15333645.92,156146588.29,185306580.70,341453168.99,62.52,62.69,21038590.09,6856698.47,154747042.75,184473682.43,97.00,93.00
1868.00,18.00,19563167.66,5969020.38,147285486.91,175634084.01,322919570.92,63.75,63.58,27841496.53,14917720.93,156077919.00,185265714.20,341343633.20,62.59,62.75,21423029.52,7312235.36,154822251.97,184518440.98,97.00,93.00
1869.00,18.00,18651815.38,4889124.42,147107195.89,175527979.37,322635175.26,63.69,63.73,27323339.03,14303736.42,155976550.05,185205387.45,341181937.50,62.52,62.93,20102563.65,5747565.16,154563924.64,184364705.08,97.00,93.00
1870.00,18.00,17645746.15,3696994.74,146910375.07,175410847.26,322321222.33,63.73,63.62,26738322.51,13610528.10,155862101.23,185137276.61,340999377.84,62.55,62.79,19266825.75,4757267.56,154400426.33,184267403.88,97.00,93.00
1871.00,18.00,19469246.64,5857729.79,147267112.81,175623149.21,322890262.02,63.64,63.65,28175791.68,15313839.97,156143318.32,185304634.68,341447953.00,62.47,62.83,21423029.52,7312235.36,154822251.97,184518440.98,97.00,93.00
1872.00,18.00,19407959.19,5785107.97,147255122.93,175616013.79,322871136.72,63.67,63.63,29078388.61,16383361.38,156319896.50,185409719.97,341729616.47,62.49,62.80,20319855.50,6005042.53,154606434.20,184390003.40,97.00,93.00
1873.00,18.00,19524962.50,5923749.63,147278012.70,175629635.96,322907648.66,63.62,63.59,29362539.49,16720062.56,156375485.92,185442802.38,341818288.30,62.42,62.79,21489888.55,7391459.17,154835331.83,184526225.08,97.00,93.00
1874.00,18.00,17666440.61,3721516.40,146914423.60,175413256.62,322327680.22,63.72,63.56,26905470.09,13808587.62,155894800.89,185156736.85,341051537.74,62.56,62.77,18949245.36,4380954.47,154338296.97,184230429.43,97.00,93.00
1875.00,18.00,19791602.68,6239701.72,147330176.44,175660679.67,322990856.11,63.63,63.66,29128532.88,16442779.24,156329706.40,185415558.04,341745264.44,62.48,62.84,21122163.87,6955728.23,154763392.58,184483412.55,97.00,93.00
1876.00,18.00,19056949.28,5369182.97,147186453.64,175575147.29,322761600.93,63.61,63.62,27590775.16,14620631.65,156028869.50,185236523.84,341265393.34,62.44,62.80,21122163.87,6955728.23,154763392.58,184483412.55,97.00,93.00
1877.00,18.00,19886319.64,6351935.45,147348706.25,175671707.14,323020413.39,63.63,63.66,28359654.02,15531705.44,156179287.95,185326040.94,341505328.89,62.43,62.86,22459344.50,8540204.39,155024989.88,184639094.47,97.00,93.00
1878.00,18.00,18441687.00,4640135.31,147066087.74,175503515.07,322569602.81,63.75,63.60,27841496.53,14917720.93,156077919.00,185265714.20,341343633.20,62.59,62.79,20921586.78,6718056.80,154724152.98,184460060.26,97.00,93.00
1879.00,18.00,18192557.51,4344932.31,147017349.68,175474510.05,322491859.73,63.66,63.59,27774637.49,14838497.12,156064839.13,185257930.10,341322769.23,62.50,62.76,19183251.97,4658237.80,154384076.50,184257673.76,97.00,93.00
1880.00,18.00,17407759.84,3414995.71,146863816.98,175383139.59,322246956.57,63.83,63.48,25518145.19,12164693.60,155623393.69,184995216.86,340618610.55,62.66,62.67,19149822.45,4618625.89,154377536.56,184253781.72,97.00,93.00
1881.00,18.00,18483871.86,4690121.76,147074340.52,175508426.46,322582766.98,63.67,63.74,27406912.82,14402766.18,155992899.88,185215117.57,341208017.45,62.46,62.95,20052419.37,5688147.30,154554114.74,184358867.01,97.00,93.00
1882.00,18.00,20265983.43,6801813.50,147422981.20,175715909.69,323138890.89,63.68,63.51,28426513.05,15610929.25,156192367.82,185333825.04,341526192.86,62.49,62.71,23027646.27,9213606.76,155136168.73,184705259.28,97.00,93.00
1883.00,18.00,19466858.81,5854900.37,147266645.67,175622871.21,322889516.88,63.66,63.65,29312395.22,16660644.71,156365676.03,185436964.31,341802640.34,62.48,62.83,20938301.54,6737862.76,154727422.95,184462006.28,97.00,93.00
1884.00,18.00,18002327.65,4119521.72,146980134.35,175452362.44,322432496.79,63.68,63.59,27089332.42,14026453.09,155930770.52,185178143.12,341108913.64,62.52,62.76,19166537.21,4638431.84,154380806.53,184255727.74,97.00,93.00
1885.00,18.00,19642761.74,6063334.43,147301058.17,175643350.79,322944408.96,63.75,63.58,28810952.48,16066466.15,156267577.04,185378583.59,341646160.63,62.57,62.77,21840898.46,7807384.16,154904001.12,184567091.58,97.00,93.00
1886.00,18.00,19500288.33,5894512.27,147273185.60,175626763.26,322899948.86,63.64,63.70,29028244.33,16323943.52,156310086.60,185403881.90,341713968.50,62.46,62.89,20938301.54,6737862.76,154727422.95,184462006.28,97.00,93.00
1887.00,18.00,17083811.91,3031137.50,146800441.92,175345423.79,322145865.71,63.78,63.66,26621319.20,13471886.44,155839211.46,185123654.44,340962865.90,62.61,62.85,18213796.01,3509492.58,154194418.46,184144804.37,97.00,93.00
1888.00,18.00,19770908.22,6215180.07,147326127.91,175658270.31,322984398.22,63.72,63.51,29262250.94,16601226.85,156355866.13,185431126.24,341786992.37,62.54,62.71,21138878.63,6975534.18,154766662.54,184485358.57,97.00,93.00
1889.00,18.00,18780757.80,5041913.20,147132421.34,175542991.56,322675412.90,63.67,63.61,27724493.22,14779079.27,156055029.23,185252092.03,341307121.26,62.48,62.80,20319855.50,6005042.53,154606434.20,184390003.40,97.00,93.00
1890.00,18.00,17231060.97,3205618.50,146829248.76,175362567.33,322191816.09,63.62,63.64,25685292.76,12362753.12,155656093.36,185014677.10,340670770.46,62.43,62.82,19149822.45,4618625.89,154377536.56,184253781.72,97.00,93.00
1891.00,18.00,16656391.67,2524671.01,146716824.21,175295661.17,322012485.38,63.66,63.57,25183850.03,11768574.56,155557994.37,184956296.38,340514290.75,62.48,62.76,18447802.62,3786775.91,154240197.98,184172048.71,97.00,93.00
1892.00,18.00,18639080.33,4874034.17,147104704.49,175526496.69,322631201.18,63.63,63.70,28443227.81,15630735.20,156195637.78,185335771.06,341531408.84,62.45,62.86,20102563.65,5747565.16,154563924.64,184364705.08,97.00,93.00
1893.00,18.00,18689224.60,4933452.03,147114514.39,175532334.76,322646849.15,63.53,63.74,28192506.44,15333645.92,156146588.29,185306580.70,341453168.99,62.37,62.92,20520432.59,6242713.96,154645673.79,184413355.68,97.00,93.00
1894.00,18.00,18632712.80,4866489.05,147103458.79,175525755.34,322629214.13,63.71,63.52,27457057.10,14462184.04,156002709.77,185220955.64,341223665.41,62.54,62.70,20737724.44,6500191.33,154688183.35,184438654.00,97.00,93.00
1895.00,18.00,19083215.32,5400306.61,147191592.16,175578205.32,322769797.48,63.59,63.68,27791352.25,14858303.08,156068109.10,185259876.12,341327985.22,62.40,62.85,20904872.02,6698250.85,154720883.02,184458114.24,97.00,93.00
1896.00,18.00,18883434.17,5163578.33,147152508.28,175554945.70,322707453.98,63.66,63.66,28510086.84,15709959.01,156208717.65,185343555.16,341552272.81,62.48,62.87,19818412.76,5410863.97,154508335.21,184331622.68,97.00,93.00
1897.00,18.00,19055357.39,5367296.69,147186142.22,175574961.95,322761104.17,63.59,63.66,28025358.86,15135586.40,156113888.63,185287120.46,341401009.09,62.44,62.89,20303140.74,5985236.58,154603164.23,184388057.37,97.00,93.00
1898.00,18.00,18162311.76,4309092.97,147011432.59,175470988.67,322482421.26,63.59,63.75,27457057.10,14462184.04,156002709.77,185220955.64,341223665.41,62.41,62.94,19985560.34,5608923.49,154541034.87,184351082.92,97.00,93.00
1899.00,18.00,19279016.77,5632319.19,147229897.48,175601001.61,322830899.09,63.50,63.72,28877811.51,16145689.96,156280656.90,185386367.68,341667024.58,62.32,62.95,21306026.21,7173593.70,154799362.21,184504818.81,97.00,93.00
1900.00,18.00,18508546.03,4719359.12,147079167.61,175511299.17,322590466.78,63.76,63.61,27223050.49,14184900.71,155956930.25,185193711.31,341150641.56,62.58,62.78,20888157.26,6678444.90,154717613.05,184456168.21,97.00,93.00
